Copyright 1986-2021 Xilinx, Inc. All Rights Reserved.
-------------------------------------------------------------------------------------------------------------------------------------------------------------------------------------------
| Tool Version      : Vivado v.2021.1_AR76780 (lin64) Build 3247384 Thu Jun 10 19:36:07 MDT 2021
| Date              : Tue Aug 25 20:09:39 2026
| Host              : coroni running 64-bit Ubuntu 18.04.6 LTS
| Command           : report_timing_summary -max_paths 10 -file two2N_timing_summary_routed.rpt -pb two2N_timing_summary_routed.pb -rpx two2N_timing_summary_routed.rpx -warn_on_violation
| Design            : two2N
| Device            : xcu280-fsvh2892
| Speed File        : -2L  PRODUCTION 1.29 11-17-2020
| Temperature Grade : E
-------------------------------------------------------------------------------------------------------------------------------------------------------------------------------------------

Timing Summary Report

------------------------------------------------------------------------------------------------
| Timer Settings
| --------------
------------------------------------------------------------------------------------------------

  Enable Multi Corner Analysis               :  Yes
  Enable Pessimism Removal                   :  Yes
  Pessimism Removal Resolution               :  Nearest Common Node
  Enable Input Delay Default Clock           :  No
  Enable Preset / Clear Arcs                 :  No
  Disable Flight Delays                      :  No
  Ignore I/O Paths                           :  No
  Timing Early Launch at Borrowing Latches   :  No
  Borrow Time for Max Delay Exceptions       :  Yes
  Merge Timing Exceptions                    :  Yes

  Corner  Analyze    Analyze    
  Name    Max Paths  Min Paths  
  ------  ---------  ---------  
  Slow    Yes        Yes        
  Fast    Yes        Yes        


------------------------------------------------------------------------------------------------
| Report Methodology
| ------------------
------------------------------------------------------------------------------------------------

Rule       Severity  Description                    Violations  
---------  --------  -----------------------------  ----------  
TIMING-18  Warning   Missing input or output delay  1000        

Note: This report is based on the most recent report_methodology run and may not be up-to-date. Run report_methodology on the current design for the latest report.



check_timing report

Table of Contents
-----------------
1. checking no_clock (0)
2. checking constant_clock (0)
3. checking pulse_width_clock (0)
4. checking unconstrained_internal_endpoints (0)
5. checking no_input_delay (3244)
6. checking no_output_delay (1045)
7. checking multiple_clock (0)
8. checking generated_clocks (0)
9. checking loops (0)
10. checking partial_input_delay (0)
11. checking partial_output_delay (0)
12. checking latch_loops (0)

1. checking no_clock (0)
------------------------
 There are 0 register/latch pins with no clock.


2. checking constant_clock (0)
------------------------------
 There are 0 register/latch pins with constant_clock.


3. checking pulse_width_clock (0)
---------------------------------
 There are 0 register/latch pins which need pulse_width check


4. checking unconstrained_internal_endpoints (0)
------------------------------------------------
 There are 0 pins that are not constrained for maximum delay.

 There are 0 pins that are not constrained for maximum delay due to constant clock.


5. checking no_input_delay (3244)
---------------------------------
 There are 3244 input ports with no input delay specified. (HIGH)

 There are 0 input ports with no input delay but user has a false path constraint.


6. checking no_output_delay (1045)
----------------------------------
 There are 1045 ports with no output delay specified. (HIGH)

 There are 0 ports with no output delay but user has a false path constraint

 There are 0 ports with no output delay but with a timing clock defined on it or propagating through it


7. checking multiple_clock (0)
------------------------------
 There are 0 register/latch pins with multiple clocks.


8. checking generated_clocks (0)
--------------------------------
 There are 0 generated clocks that are not connected to a clock source.


9. checking loops (0)
---------------------
 There are 0 combinational loops in the design.


10. checking partial_input_delay (0)
------------------------------------
 There are 0 input ports with partial input delay specified.


11. checking partial_output_delay (0)
-------------------------------------
 There are 0 ports with partial output delay specified.


12. checking latch_loops (0)
----------------------------
 There are 0 combinational latch loops in the design through latch input



------------------------------------------------------------------------------------------------
| Design Timing Summary
| ---------------------
------------------------------------------------------------------------------------------------

    WNS(ns)      TNS(ns)  TNS Failing Endpoints  TNS Total Endpoints      WHS(ns)      THS(ns)  THS Failing Endpoints  THS Total Endpoints     WPWS(ns)     TPWS(ns)  TPWS Failing Endpoints  TPWS Total Endpoints  
    -------      -------  ---------------------  -------------------      -------      -------  ---------------------  -------------------     --------     --------  ----------------------  --------------------  
     -0.150      -13.760                    542               168154        0.030        0.000                      0               168154        0.569        0.000                       0                 86948  


Timing constraints are not met.


------------------------------------------------------------------------------------------------
| Clock Summary
| -------------
------------------------------------------------------------------------------------------------

Clock  Waveform(ns)         Period(ns)      Frequency(MHz)
-----  ------------         ----------      --------------
clk    {0.000 1.111}        2.222           450.045         


------------------------------------------------------------------------------------------------
| Intra Clock Table
| -----------------
------------------------------------------------------------------------------------------------

Clock             WNS(ns)      TNS(ns)  TNS Failing Endpoints  TNS Total Endpoints      WHS(ns)      THS(ns)  THS Failing Endpoints  THS Total Endpoints     WPWS(ns)     TPWS(ns)  TPWS Failing Endpoints  TPWS Total Endpoints  
-----             -------      -------  ---------------------  -------------------      -------      -------  ---------------------  -------------------     --------     --------  ----------------------  --------------------  
clk                -0.150      -13.760                    542               168154        0.030        0.000                      0               168154        0.569        0.000                       0                 86948  


------------------------------------------------------------------------------------------------
| Inter Clock Table
| -----------------
------------------------------------------------------------------------------------------------

From Clock    To Clock          WNS(ns)      TNS(ns)  TNS Failing Endpoints  TNS Total Endpoints      WHS(ns)      THS(ns)  THS Failing Endpoints  THS Total Endpoints  
----------    --------          -------      -------  ---------------------  -------------------      -------      -------  ---------------------  -------------------  


------------------------------------------------------------------------------------------------
| Other Path Groups Table
| -----------------------
------------------------------------------------------------------------------------------------

Path Group    From Clock    To Clock          WNS(ns)      TNS(ns)  TNS Failing Endpoints  TNS Total Endpoints      WHS(ns)      THS(ns)  THS Failing Endpoints  THS Total Endpoints  
----------    ----------    --------          -------      -------  ---------------------  -------------------      -------      -------  ---------------------  -------------------  


------------------------------------------------------------------------------------------------
| Timing Details
| --------------
------------------------------------------------------------------------------------------------


---------------------------------------------------------------------------------------------------
From Clock:  clk
  To Clock:  clk

Setup :          542  Failing Endpoints,  Worst Slack       -0.150ns,  Total Violation      -13.760ns
Hold  :            0  Failing Endpoints,  Worst Slack        0.030ns,  Total Violation        0.000ns
PW    :            0  Failing Endpoints,  Worst Slack        0.569ns,  Total Violation        0.000ns
---------------------------------------------------------------------------------------------------


Max Delay Paths
--------------------------------------------------------------------------------------
Slack (VIOLATED) :        -0.150ns  (required time - arrival time)
  Source:                 WEIGHTS_FIFO_INST/W_FIFOS[5].W_FIFO_INST/inst/gen_fifo.xpm_fifo_axis_inst/xpm_fifo_base_inst/gen_fwft.gdvld_fwft.data_valid_fwft_reg/C
                            (rising edge-triggered cell FDRE clocked by clk  {rise@0.000ns fall@1.111ns period=2.222ns})
  Destination:            WEIGHTS_FIFO_INST/W_FIFOS[4].W_FIFO_INST/inst/gen_fifo.xpm_fifo_axis_inst/xpm_fifo_base_inst/gen_sdpram.xpm_memory_base_inst/gen_wr_a.gen_word_narrow.mem_reg_2/ENARDEN
                            (rising edge-triggered cell RAMB36E2 clocked by clk  {rise@0.000ns fall@1.111ns period=2.222ns})
  Path Group:             clk
  Path Type:              Setup (Max at Slow Process Corner)
  Requirement:            2.222ns  (clk rise@2.222ns - clk rise@0.000ns)
  Data Path Delay:        2.004ns  (logic 0.515ns (25.699%)  route 1.489ns (74.301%))
  Logic Levels:           6  (LUT2=1 LUT3=1 LUT4=2 LUT5=1 LUT6=1)
  Clock Path Skew:        0.009ns (DCD - SCD + CPR)
    Destination Clock Delay (DCD):    0.039ns = ( 2.261 - 2.222 ) 
    Source Clock Delay      (SCD):    0.030ns
    Clock Pessimism Removal (CPR):    0.000ns
  Clock Uncertainty:      0.035ns  ((TSJ^2 + TIJ^2)^1/2 + DJ) / 2 + PE
    Total System Jitter     (TSJ):    0.071ns
    Total Input Jitter      (TIJ):    0.000ns
    Discrete Jitter          (DJ):    0.000ns
    Phase Error              (PE):    0.000ns

    Location             Delay type                Incr(ns)  Path(ns)    Netlist Resource(s)
  -------------------------------------------------------------------    -------------------
                         (clock clk rise edge)        0.000     0.000 r  
                                                      0.000     0.000 r  clk (IN)
                         net (fo=89507, unset)        0.030     0.030    WEIGHTS_FIFO_INST/W_FIFOS[5].W_FIFO_INST/inst/gen_fifo.xpm_fifo_axis_inst/xpm_fifo_base_inst/wr_clk
    SLICE_X139Y117       FDRE                                         r  WEIGHTS_FIFO_INST/W_FIFOS[5].W_FIFO_INST/inst/gen_fifo.xpm_fifo_axis_inst/xpm_fifo_base_inst/gen_fwft.gdvld_fwft.data_valid_fwft_reg/C
  -------------------------------------------------------------------    -------------------
    SLICE_X139Y117       FDRE (Prop_CFF_SLICEM_C_Q)
                                                      0.078     0.108 r  WEIGHTS_FIFO_INST/W_FIFOS[5].W_FIFO_INST/inst/gen_fifo.xpm_fifo_axis_inst/xpm_fifo_base_inst/gen_fwft.gdvld_fwft.data_valid_fwft_reg/Q
                         net (fo=3, routed)           0.093     0.201    WEIGHTS_FIFO_INST/W_FIFOS[5].W_FIFO_INST_n_1
    SLICE_X140Y117       LUT4 (Prop_B6LUT_SLICEL_I3_O)
                                                      0.098     0.299 f  WEIGHTS_FIFO_INST/W_FIFOS[7].W_FIFO_INST_i_2/O
                         net (fo=7, routed)           0.164     0.463    WEIGHTS_FIFO_INST/W_FIFOS[7].W_FIFO_INST_i_2_n_0
    SLICE_X140Y119       LUT5 (Prop_H6LUT_SLICEL_I1_O)
                                                      0.090     0.553 r  WEIGHTS_FIFO_INST/Indices_int[639]_i_2/O
                         net (fo=6, routed)           0.045     0.598    WEIGHTS_FIFO_INST/w_head_ready
    SLICE_X140Y119       LUT3 (Prop_F6LUT_SLICEL_I2_O)
                                                      0.089     0.687 r  WEIGHTS_FIFO_INST/w_stage_tlast_i_1/O
                         net (fo=18, routed)          0.097     0.784    WEIGHTS_FIFO_INST/w_stage_valid_reg[0]
    SLICE_X140Y120       LUT6 (Prop_E6LUT_SLICEL_I0_O)
                                                      0.035     0.819 r  WEIGHTS_FIFO_INST/W_FIFOS[7].W_FIFO_INST_i_1_replica/O
                         net (fo=9, routed)           0.062     0.881    WEIGHTS_FIFO_INST/W_FIFOS[4].W_FIFO_INST/inst/gen_fifo.xpm_fifo_axis_inst/m_axis_tready_repN_1_alias
    SLICE_X140Y120       LUT2 (Prop_C6LUT_SLICEL_I1_O)
                                                      0.088     0.969 r  WEIGHTS_FIFO_INST/W_FIFOS[4].W_FIFO_INST/inst/gen_fifo.xpm_fifo_axis_inst/xpm_fifo_base_inst_i_1/O
                         net (fo=12, routed)          0.097     1.066    WEIGHTS_FIFO_INST/W_FIFOS[4].W_FIFO_INST/inst/gen_fifo.xpm_fifo_axis_inst/xpm_fifo_base_inst/rdpp1_inst/rd_en
    SLICE_X139Y120       LUT4 (Prop_B6LUT_SLICEM_I2_O)
                                                      0.037     1.103 r  WEIGHTS_FIFO_INST/W_FIFOS[4].W_FIFO_INST/inst/gen_fifo.xpm_fifo_axis_inst/xpm_fifo_base_inst/rdpp1_inst/gen_sdpram.xpm_memory_base_inst_i_2/O
                         net (fo=27, routed)          0.931     2.034    WEIGHTS_FIFO_INST/W_FIFOS[4].W_FIFO_INST/inst/gen_fifo.xpm_fifo_axis_inst/xpm_fifo_base_inst/gen_sdpram.xpm_memory_base_inst/enb
    RAMB36_X8Y27         RAMB36E2                                     r  WEIGHTS_FIFO_INST/W_FIFOS[4].W_FIFO_INST/inst/gen_fifo.xpm_fifo_axis_inst/xpm_fifo_base_inst/gen_sdpram.xpm_memory_base_inst/gen_wr_a.gen_word_narrow.mem_reg_2/ENARDEN
  -------------------------------------------------------------------    -------------------

                         (clock clk rise edge)        2.222     2.222 r  
                                                      0.000     2.222 r  clk (IN)
                         net (fo=89507, unset)        0.039     2.261    WEIGHTS_FIFO_INST/W_FIFOS[4].W_FIFO_INST/inst/gen_fifo.xpm_fifo_axis_inst/xpm_fifo_base_inst/gen_sdpram.xpm_memory_base_inst/clka
    RAMB36_X8Y27         RAMB36E2                                     r  WEIGHTS_FIFO_INST/W_FIFOS[4].W_FIFO_INST/inst/gen_fifo.xpm_fifo_axis_inst/xpm_fifo_base_inst/gen_sdpram.xpm_memory_base_inst/gen_wr_a.gen_word_narrow.mem_reg_2/CLKARDCLK
                         clock pessimism              0.000     2.261    
                         clock uncertainty           -0.035     2.226    
    RAMB36_X8Y27         RAMB36E2 (Setup_RAMB36E2_RAMB36_CLKARDCLK_ENARDEN)
                                                     -0.342     1.884    WEIGHTS_FIFO_INST/W_FIFOS[4].W_FIFO_INST/inst/gen_fifo.xpm_fifo_axis_inst/xpm_fifo_base_inst/gen_sdpram.xpm_memory_base_inst/gen_wr_a.gen_word_narrow.mem_reg_2
  -------------------------------------------------------------------
                         required time                          1.884    
                         arrival time                          -2.034    
  -------------------------------------------------------------------
                         slack                                 -0.150    

Slack (VIOLATED) :        -0.122ns  (required time - arrival time)
  Source:                 WEIGHTS_FIFO_INST/W_FIFOS[5].W_FIFO_INST/inst/gen_fifo.xpm_fifo_axis_inst/xpm_fifo_base_inst/gen_fwft.gdvld_fwft.data_valid_fwft_reg/C
                            (rising edge-triggered cell FDRE clocked by clk  {rise@0.000ns fall@1.111ns period=2.222ns})
  Destination:            WEIGHTS_FIFO_INST/W_FIFOS[4].W_FIFO_INST/inst/gen_fifo.xpm_fifo_axis_inst/xpm_fifo_base_inst/gen_sdpram.xpm_memory_base_inst/gen_wr_a.gen_word_narrow.mem_reg_3/ENARDEN
                            (rising edge-triggered cell RAMB36E2 clocked by clk  {rise@0.000ns fall@1.111ns period=2.222ns})
  Path Group:             clk
  Path Type:              Setup (Max at Slow Process Corner)
  Requirement:            2.222ns  (clk rise@2.222ns - clk rise@0.000ns)
  Data Path Delay:        1.976ns  (logic 0.515ns (26.063%)  route 1.461ns (73.937%))
  Logic Levels:           6  (LUT2=1 LUT3=1 LUT4=2 LUT5=1 LUT6=1)
  Clock Path Skew:        0.009ns (DCD - SCD + CPR)
    Destination Clock Delay (DCD):    0.039ns = ( 2.261 - 2.222 ) 
    Source Clock Delay      (SCD):    0.030ns
    Clock Pessimism Removal (CPR):    0.000ns
  Clock Uncertainty:      0.035ns  ((TSJ^2 + TIJ^2)^1/2 + DJ) / 2 + PE
    Total System Jitter     (TSJ):    0.071ns
    Total Input Jitter      (TIJ):    0.000ns
    Discrete Jitter          (DJ):    0.000ns
    Phase Error              (PE):    0.000ns

    Location             Delay type                Incr(ns)  Path(ns)    Netlist Resource(s)
  -------------------------------------------------------------------    -------------------
                         (clock clk rise edge)        0.000     0.000 r  
                                                      0.000     0.000 r  clk (IN)
                         net (fo=89507, unset)        0.030     0.030    WEIGHTS_FIFO_INST/W_FIFOS[5].W_FIFO_INST/inst/gen_fifo.xpm_fifo_axis_inst/xpm_fifo_base_inst/wr_clk
    SLICE_X139Y117       FDRE                                         r  WEIGHTS_FIFO_INST/W_FIFOS[5].W_FIFO_INST/inst/gen_fifo.xpm_fifo_axis_inst/xpm_fifo_base_inst/gen_fwft.gdvld_fwft.data_valid_fwft_reg/C
  -------------------------------------------------------------------    -------------------
    SLICE_X139Y117       FDRE (Prop_CFF_SLICEM_C_Q)
                                                      0.078     0.108 r  WEIGHTS_FIFO_INST/W_FIFOS[5].W_FIFO_INST/inst/gen_fifo.xpm_fifo_axis_inst/xpm_fifo_base_inst/gen_fwft.gdvld_fwft.data_valid_fwft_reg/Q
                         net (fo=3, routed)           0.093     0.201    WEIGHTS_FIFO_INST/W_FIFOS[5].W_FIFO_INST_n_1
    SLICE_X140Y117       LUT4 (Prop_B6LUT_SLICEL_I3_O)
                                                      0.098     0.299 f  WEIGHTS_FIFO_INST/W_FIFOS[7].W_FIFO_INST_i_2/O
                         net (fo=7, routed)           0.164     0.463    WEIGHTS_FIFO_INST/W_FIFOS[7].W_FIFO_INST_i_2_n_0
    SLICE_X140Y119       LUT5 (Prop_H6LUT_SLICEL_I1_O)
                                                      0.090     0.553 r  WEIGHTS_FIFO_INST/Indices_int[639]_i_2/O
                         net (fo=6, routed)           0.045     0.598    WEIGHTS_FIFO_INST/w_head_ready
    SLICE_X140Y119       LUT3 (Prop_F6LUT_SLICEL_I2_O)
                                                      0.089     0.687 r  WEIGHTS_FIFO_INST/w_stage_tlast_i_1/O
                         net (fo=18, routed)          0.097     0.784    WEIGHTS_FIFO_INST/w_stage_valid_reg[0]
    SLICE_X140Y120       LUT6 (Prop_E6LUT_SLICEL_I0_O)
                                                      0.035     0.819 r  WEIGHTS_FIFO_INST/W_FIFOS[7].W_FIFO_INST_i_1_replica/O
                         net (fo=9, routed)           0.062     0.881    WEIGHTS_FIFO_INST/W_FIFOS[4].W_FIFO_INST/inst/gen_fifo.xpm_fifo_axis_inst/m_axis_tready_repN_1_alias
    SLICE_X140Y120       LUT2 (Prop_C6LUT_SLICEL_I1_O)
                                                      0.088     0.969 r  WEIGHTS_FIFO_INST/W_FIFOS[4].W_FIFO_INST/inst/gen_fifo.xpm_fifo_axis_inst/xpm_fifo_base_inst_i_1/O
                         net (fo=12, routed)          0.097     1.066    WEIGHTS_FIFO_INST/W_FIFOS[4].W_FIFO_INST/inst/gen_fifo.xpm_fifo_axis_inst/xpm_fifo_base_inst/rdpp1_inst/rd_en
    SLICE_X139Y120       LUT4 (Prop_B6LUT_SLICEM_I2_O)
                                                      0.037     1.103 r  WEIGHTS_FIFO_INST/W_FIFOS[4].W_FIFO_INST/inst/gen_fifo.xpm_fifo_axis_inst/xpm_fifo_base_inst/rdpp1_inst/gen_sdpram.xpm_memory_base_inst_i_2/O
                         net (fo=27, routed)          0.903     2.006    WEIGHTS_FIFO_INST/W_FIFOS[4].W_FIFO_INST/inst/gen_fifo.xpm_fifo_axis_inst/xpm_fifo_base_inst/gen_sdpram.xpm_memory_base_inst/enb
    RAMB36_X10Y29        RAMB36E2                                     r  WEIGHTS_FIFO_INST/W_FIFOS[4].W_FIFO_INST/inst/gen_fifo.xpm_fifo_axis_inst/xpm_fifo_base_inst/gen_sdpram.xpm_memory_base_inst/gen_wr_a.gen_word_narrow.mem_reg_3/ENARDEN
  -------------------------------------------------------------------    -------------------

                         (clock clk rise edge)        2.222     2.222 r  
                                                      0.000     2.222 r  clk (IN)
                         net (fo=89507, unset)        0.039     2.261    WEIGHTS_FIFO_INST/W_FIFOS[4].W_FIFO_INST/inst/gen_fifo.xpm_fifo_axis_inst/xpm_fifo_base_inst/gen_sdpram.xpm_memory_base_inst/clka
    RAMB36_X10Y29        RAMB36E2                                     r  WEIGHTS_FIFO_INST/W_FIFOS[4].W_FIFO_INST/inst/gen_fifo.xpm_fifo_axis_inst/xpm_fifo_base_inst/gen_sdpram.xpm_memory_base_inst/gen_wr_a.gen_word_narrow.mem_reg_3/CLKARDCLK
                         clock pessimism              0.000     2.261    
                         clock uncertainty           -0.035     2.226    
    RAMB36_X10Y29        RAMB36E2 (Setup_RAMB36E2_RAMB36_CLKARDCLK_ENARDEN)
                                                     -0.342     1.884    WEIGHTS_FIFO_INST/W_FIFOS[4].W_FIFO_INST/inst/gen_fifo.xpm_fifo_axis_inst/xpm_fifo_base_inst/gen_sdpram.xpm_memory_base_inst/gen_wr_a.gen_word_narrow.mem_reg_3
  -------------------------------------------------------------------
                         required time                          1.884    
                         arrival time                          -2.006    
  -------------------------------------------------------------------
                         slack                                 -0.122    

Slack (VIOLATED) :        -0.116ns  (required time - arrival time)
  Source:                 CORES_GEN[5].C_CORE_INST_REST.C_CORE_REST/C_CORE[2].C_BLOCK_REST.C_BLOCK_INST_REST/MULTIPLIERS[1].MULTIPLIER_OTHER.MULTIPLIER_INST_SECOND/MULTIPLIER_INST/inst/i_synth/MULT.OP/i_non_prim.R_AND_R/LOGIC.R_AND_R/DSP48_E1.DSP48E1_ADD.DSP48E1_ADD/i_no_versal_es1_workaround.DSP/DSP_OUTPUT_INST/CLK
                            (rising edge-triggered cell DSP_OUTPUT clocked by clk  {rise@0.000ns fall@1.111ns period=2.222ns})
  Destination:            CORES_GEN[5].C_CORE_INST_REST.C_CORE_REST/C_CORE[2].C_BLOCK_REST.C_BLOCK_INST_REST/MULTIPLIERS[1].MULTIPLIER_OTHER.MULTIPLIER_INST_SECOND/MULTIPLIER_INST/inst/i_synth/MULT.OP/i_non_prim.OP/RESULT_REG.NORMAL.exp_op_reg[7]/D
                            (rising edge-triggered cell FDRE clocked by clk  {rise@0.000ns fall@1.111ns period=2.222ns})
  Path Group:             clk
  Path Type:              Setup (Max at Slow Process Corner)
  Requirement:            2.222ns  (clk rise@2.222ns - clk rise@0.000ns)
  Data Path Delay:        2.289ns  (logic 0.606ns (26.474%)  route 1.683ns (73.526%))
  Logic Levels:           2  (CARRY8=1 LUT2=1)
  Clock Path Skew:        -0.039ns (DCD - SCD + CPR)
    Destination Clock Delay (DCD):    0.021ns = ( 2.243 - 2.222 ) 
    Source Clock Delay      (SCD):    0.060ns
    Clock Pessimism Removal (CPR):    0.000ns
  Clock Uncertainty:      0.035ns  ((TSJ^2 + TIJ^2)^1/2 + DJ) / 2 + PE
    Total System Jitter     (TSJ):    0.071ns
    Total Input Jitter      (TIJ):    0.000ns
    Discrete Jitter          (DJ):    0.000ns
    Phase Error              (PE):    0.000ns

    Location             Delay type                Incr(ns)  Path(ns)    Netlist Resource(s)
  -------------------------------------------------------------------    -------------------
                         (clock clk rise edge)        0.000     0.000 r  
                                                      0.000     0.000 r  clk (IN)
                         net (fo=89507, unset)        0.060     0.060    CORES_GEN[5].C_CORE_INST_REST.C_CORE_REST/C_CORE[2].C_BLOCK_REST.C_BLOCK_INST_REST/MULTIPLIERS[1].MULTIPLIER_OTHER.MULTIPLIER_INST_SECOND/MULTIPLIER_INST/inst/i_synth/MULT.OP/i_non_prim.R_AND_R/LOGIC.R_AND_R/DSP48_E1.DSP48E1_ADD.DSP48E1_ADD/i_no_versal_es1_workaround.DSP/CLK
    DSP48E2_X15Y57       DSP_OUTPUT                                   r  CORES_GEN[5].C_CORE_INST_REST.C_CORE_REST/C_CORE[2].C_BLOCK_REST.C_BLOCK_INST_REST/MULTIPLIERS[1].MULTIPLIER_OTHER.MULTIPLIER_INST_SECOND/MULTIPLIER_INST/inst/i_synth/MULT.OP/i_non_prim.R_AND_R/LOGIC.R_AND_R/DSP48_E1.DSP48E1_ADD.DSP48E1_ADD/i_no_versal_es1_workaround.DSP/DSP_OUTPUT_INST/CLK
  -------------------------------------------------------------------    -------------------
    DSP48E2_X15Y57       DSP_OUTPUT (Prop_DSP_OUTPUT_DSP48E2_CLK_P[9])
                                                      0.209     0.269 r  CORES_GEN[5].C_CORE_INST_REST.C_CORE_REST/C_CORE[2].C_BLOCK_REST.C_BLOCK_INST_REST/MULTIPLIERS[1].MULTIPLIER_OTHER.MULTIPLIER_INST_SECOND/MULTIPLIER_INST/inst/i_synth/MULT.OP/i_non_prim.R_AND_R/LOGIC.R_AND_R/DSP48_E1.DSP48E1_ADD.DSP48E1_ADD/i_no_versal_es1_workaround.DSP/DSP_OUTPUT_INST/P[9]
                         net (fo=1, routed)           1.442     1.711    CORES_GEN[5].C_CORE_INST_REST.C_CORE_REST/C_CORE[2].C_BLOCK_REST.C_BLOCK_INST_REST/MULTIPLIERS[1].MULTIPLIER_OTHER.MULTIPLIER_INST_SECOND/MULTIPLIER_INST/inst/i_synth/MULT.OP/i_non_prim.R_AND_R/LOGIC.R_AND_R/EXP_ADD.ADD/CARRY_IN
    SLICE_X150Y156       CARRY8 (Prop_CARRY8_SLICEM_CI_O[7])
                                                      0.231     1.942 r  CORES_GEN[5].C_CORE_INST_REST.C_CORE_REST/C_CORE[2].C_BLOCK_REST.C_BLOCK_INST_REST/MULTIPLIERS[1].MULTIPLIER_OTHER.MULTIPLIER_INST_SECOND/MULTIPLIER_INST/inst/i_synth/MULT.OP/i_non_prim.R_AND_R/LOGIC.R_AND_R/EXP_ADD.ADD/CHAIN_GEN[0].C_MUX.CARRY_MUX_CARRY4_CARRY8/O[7]
                         net (fo=1, routed)           0.207     2.149    CORES_GEN[5].C_CORE_INST_REST.C_CORE_REST/C_CORE[2].C_BLOCK_REST.C_BLOCK_INST_REST/MULTIPLIERS[1].MULTIPLIER_OTHER.MULTIPLIER_INST_SECOND/MULTIPLIER_INST/inst/i_synth/MULT.OP/i_non_prim.R_AND_R/LOGIC.R_AND_R/EXP_ADD.ADD/exp_rnd[7]
    SLICE_X150Y161       LUT2 (Prop_F5LUT_SLICEM_I0_O)
                                                      0.166     2.315 r  CORES_GEN[5].C_CORE_INST_REST.C_CORE_REST/C_CORE[2].C_BLOCK_REST.C_BLOCK_INST_REST/MULTIPLIERS[1].MULTIPLIER_OTHER.MULTIPLIER_INST_SECOND/MULTIPLIER_INST/inst/i_synth/MULT.OP/i_non_prim.R_AND_R/LOGIC.R_AND_R/EXP_ADD.ADD/RESULT_REG.NORMAL.exp_op[7]_i_2/O
                         net (fo=1, routed)           0.034     2.349    CORES_GEN[5].C_CORE_INST_REST.C_CORE_REST/C_CORE[2].C_BLOCK_REST.C_BLOCK_INST_REST/MULTIPLIERS[1].MULTIPLIER_OTHER.MULTIPLIER_INST_SECOND/MULTIPLIER_INST/inst/i_synth/MULT.OP/i_non_prim.OP/RESULT_REG.NORMAL.exp_op_reg[7]_0
    SLICE_X150Y161       FDRE                                         r  CORES_GEN[5].C_CORE_INST_REST.C_CORE_REST/C_CORE[2].C_BLOCK_REST.C_BLOCK_INST_REST/MULTIPLIERS[1].MULTIPLIER_OTHER.MULTIPLIER_INST_SECOND/MULTIPLIER_INST/inst/i_synth/MULT.OP/i_non_prim.OP/RESULT_REG.NORMAL.exp_op_reg[7]/D
  -------------------------------------------------------------------    -------------------

                         (clock clk rise edge)        2.222     2.222 r  
                                                      0.000     2.222 r  clk (IN)
                         net (fo=89507, unset)        0.021     2.243    CORES_GEN[5].C_CORE_INST_REST.C_CORE_REST/C_CORE[2].C_BLOCK_REST.C_BLOCK_INST_REST/MULTIPLIERS[1].MULTIPLIER_OTHER.MULTIPLIER_INST_SECOND/MULTIPLIER_INST/inst/i_synth/MULT.OP/i_non_prim.OP/aclk
    SLICE_X150Y161       FDRE                                         r  CORES_GEN[5].C_CORE_INST_REST.C_CORE_REST/C_CORE[2].C_BLOCK_REST.C_BLOCK_INST_REST/MULTIPLIERS[1].MULTIPLIER_OTHER.MULTIPLIER_INST_SECOND/MULTIPLIER_INST/inst/i_synth/MULT.OP/i_non_prim.OP/RESULT_REG.NORMAL.exp_op_reg[7]/C
                         clock pessimism              0.000     2.243    
                         clock uncertainty           -0.035     2.208    
    SLICE_X150Y161       FDRE (Setup_FFF2_SLICEM_C_D)
                                                      0.025     2.233    CORES_GEN[5].C_CORE_INST_REST.C_CORE_REST/C_CORE[2].C_BLOCK_REST.C_BLOCK_INST_REST/MULTIPLIERS[1].MULTIPLIER_OTHER.MULTIPLIER_INST_SECOND/MULTIPLIER_INST/inst/i_synth/MULT.OP/i_non_prim.OP/RESULT_REG.NORMAL.exp_op_reg[7]
  -------------------------------------------------------------------
                         required time                          2.233    
                         arrival time                          -2.349    
  -------------------------------------------------------------------
                         slack                                 -0.116    

Slack (VIOLATED) :        -0.105ns  (required time - arrival time)
  Source:                 CORES_GEN[0].C_CORE_INST_FIRST.C_CORE_FIRST/A_internal_reg[431]/C
                            (rising edge-triggered cell FDRE clocked by clk  {rise@0.000ns fall@1.111ns period=2.222ns})
  Destination:            CORES_GEN[0].C_CORE_INST_FIRST.C_CORE_FIRST/C_CORE[6].C_BLOCK_REST.C_BLOCK_INST_REST/A_internal_reg[15]/D
                            (rising edge-triggered cell FDRE clocked by clk  {rise@0.000ns fall@1.111ns period=2.222ns})
  Path Group:             clk
  Path Type:              Setup (Max at Slow Process Corner)
  Requirement:            2.222ns  (clk rise@2.222ns - clk rise@0.000ns)
  Data Path Delay:        2.309ns  (logic 0.359ns (15.548%)  route 1.950ns (84.452%))
  Logic Levels:           3  (LUT6=2 MUXF7=1)
  Clock Path Skew:        -0.008ns (DCD - SCD + CPR)
    Destination Clock Delay (DCD):    0.020ns = ( 2.242 - 2.222 ) 
    Source Clock Delay      (SCD):    0.028ns
    Clock Pessimism Removal (CPR):    0.000ns
  Clock Uncertainty:      0.035ns  ((TSJ^2 + TIJ^2)^1/2 + DJ) / 2 + PE
    Total System Jitter     (TSJ):    0.071ns
    Total Input Jitter      (TIJ):    0.000ns
    Discrete Jitter          (DJ):    0.000ns
    Phase Error              (PE):    0.000ns

    Location             Delay type                Incr(ns)  Path(ns)    Netlist Resource(s)
  -------------------------------------------------------------------    -------------------
                         (clock clk rise edge)        0.000     0.000 r  
                                                      0.000     0.000 r  clk (IN)
                         net (fo=89507, unset)        0.028     0.028    CORES_GEN[0].C_CORE_INST_FIRST.C_CORE_FIRST/clk
    SLICE_X148Y76        FDRE                                         r  CORES_GEN[0].C_CORE_INST_FIRST.C_CORE_FIRST/A_internal_reg[431]/C
  -------------------------------------------------------------------    -------------------
    SLICE_X148Y76        FDRE (Prop_AFF_SLICEL_C_Q)
                                                      0.079     0.107 r  CORES_GEN[0].C_CORE_INST_FIRST.C_CORE_FIRST/A_internal_reg[431]/Q
                         net (fo=128, routed)         1.590     1.697    CORES_GEN[0].C_CORE_INST_FIRST.C_CORE_FIRST/C_CORE[6].C_BLOCK_REST.C_BLOCK_INST_REST/A_in[431]
    SLICE_X184Y137       LUT6 (Prop_B6LUT_SLICEM_I1_O)
                                                      0.089     1.786 r  CORES_GEN[0].C_CORE_INST_FIRST.C_CORE_FIRST/C_CORE[6].C_BLOCK_REST.C_BLOCK_INST_REST/A_internal[15]_i_6__61/O
                         net (fo=1, routed)           0.017     1.803    CORES_GEN[0].C_CORE_INST_FIRST.C_CORE_FIRST/C_CORE[6].C_BLOCK_REST.C_BLOCK_INST_REST/A_internal[15]_i_6__61_n_0
    SLICE_X184Y137       MUXF7 (Prop_F7MUX_AB_SLICEM_I0_O)
                                                      0.067     1.870 r  CORES_GEN[0].C_CORE_INST_FIRST.C_CORE_FIRST/C_CORE[6].C_BLOCK_REST.C_BLOCK_INST_REST/A_internal_reg[15]_i_2__61/O
                         net (fo=1, routed)           0.295     2.165    CORES_GEN[0].C_CORE_INST_FIRST.C_CORE_FIRST/C_CORE[6].C_BLOCK_REST.C_BLOCK_INST_REST/A_internal_reg[15]_i_2__61_n_0
    SLICE_X185Y137       LUT6 (Prop_A6LUT_SLICEL_I0_O)
                                                      0.124     2.289 r  CORES_GEN[0].C_CORE_INST_FIRST.C_CORE_FIRST/C_CORE[6].C_BLOCK_REST.C_BLOCK_INST_REST/A_internal[15]_i_1__61/O
                         net (fo=1, routed)           0.048     2.337    CORES_GEN[0].C_CORE_INST_FIRST.C_CORE_FIRST/C_CORE[6].C_BLOCK_REST.C_BLOCK_INST_REST/A_internal[15]
    SLICE_X185Y137       FDRE                                         r  CORES_GEN[0].C_CORE_INST_FIRST.C_CORE_FIRST/C_CORE[6].C_BLOCK_REST.C_BLOCK_INST_REST/A_internal_reg[15]/D
  -------------------------------------------------------------------    -------------------

                         (clock clk rise edge)        2.222     2.222 r  
                                                      0.000     2.222 r  clk (IN)
                         net (fo=89507, unset)        0.020     2.242    CORES_GEN[0].C_CORE_INST_FIRST.C_CORE_FIRST/C_CORE[6].C_BLOCK_REST.C_BLOCK_INST_REST/clk
    SLICE_X185Y137       FDRE                                         r  CORES_GEN[0].C_CORE_INST_FIRST.C_CORE_FIRST/C_CORE[6].C_BLOCK_REST.C_BLOCK_INST_REST/A_internal_reg[15]/C
                         clock pessimism              0.000     2.242    
                         clock uncertainty           -0.035     2.207    
    SLICE_X185Y137       FDRE (Setup_AFF_SLICEL_C_D)
                                                      0.025     2.232    CORES_GEN[0].C_CORE_INST_FIRST.C_CORE_FIRST/C_CORE[6].C_BLOCK_REST.C_BLOCK_INST_REST/A_internal_reg[15]
  -------------------------------------------------------------------
                         required time                          2.232    
                         arrival time                          -2.337    
  -------------------------------------------------------------------
                         slack                                 -0.105    

Slack (VIOLATED) :        -0.098ns  (required time - arrival time)
  Source:                 CORES_GEN[0].C_CORE_INST_FIRST.C_CORE_FIRST/A_internal_reg[122]/C
                            (rising edge-triggered cell FDRE clocked by clk  {rise@0.000ns fall@1.111ns period=2.222ns})
  Destination:            CORES_GEN[7].C_CORE_INST_REST.C_CORE_REST/C_CORE[1].C_BLOCK_REST.C_BLOCK_INST_REST/A_internal_reg[26]/D
                            (rising edge-triggered cell FDRE clocked by clk  {rise@0.000ns fall@1.111ns period=2.222ns})
  Path Group:             clk
  Path Type:              Setup (Max at Slow Process Corner)
  Requirement:            2.222ns  (clk rise@2.222ns - clk rise@0.000ns)
  Data Path Delay:        2.301ns  (logic 0.394ns (17.123%)  route 1.907ns (82.877%))
  Logic Levels:           3  (LUT6=2 MUXF7=1)
  Clock Path Skew:        -0.009ns (DCD - SCD + CPR)
    Destination Clock Delay (DCD):    0.021ns = ( 2.243 - 2.222 ) 
    Source Clock Delay      (SCD):    0.030ns
    Clock Pessimism Removal (CPR):    0.000ns
  Clock Uncertainty:      0.035ns  ((TSJ^2 + TIJ^2)^1/2 + DJ) / 2 + PE
    Total System Jitter     (TSJ):    0.071ns
    Total Input Jitter      (TIJ):    0.000ns
    Discrete Jitter          (DJ):    0.000ns
    Phase Error              (PE):    0.000ns

    Location             Delay type                Incr(ns)  Path(ns)    Netlist Resource(s)
  -------------------------------------------------------------------    -------------------
                         (clock clk rise edge)        0.000     0.000 r  
                                                      0.000     0.000 r  clk (IN)
                         net (fo=89507, unset)        0.030     0.030    CORES_GEN[0].C_CORE_INST_FIRST.C_CORE_FIRST/clk
    SLICE_X146Y152       FDRE                                         r  CORES_GEN[0].C_CORE_INST_FIRST.C_CORE_FIRST/A_internal_reg[122]/C
  -------------------------------------------------------------------    -------------------
    SLICE_X146Y152       FDRE (Prop_EFF_SLICEM_C_Q)
                                                      0.076     0.106 r  CORES_GEN[0].C_CORE_INST_FIRST.C_CORE_FIRST/A_internal_reg[122]/Q
                         net (fo=128, routed)         1.673     1.779    CORES_GEN[0].C_CORE_INST_FIRST.C_CORE_FIRST/C_CORE[1].C_BLOCK_REST.C_BLOCK_INST_REST/A_in[122]
    SLICE_X179Y79        LUT6 (Prop_C6LUT_SLICEM_I0_O)
                                                      0.098     1.877 r  CORES_GEN[0].C_CORE_INST_FIRST.C_CORE_FIRST/C_CORE[1].C_BLOCK_REST.C_BLOCK_INST_REST/A_internal[26]_i_13__8/O
                         net (fo=1, routed)           0.021     1.898    CORES_GEN[0].C_CORE_INST_FIRST.C_CORE_FIRST/C_CORE[1].C_BLOCK_REST.C_BLOCK_INST_REST/A_internal[26]_i_13__8_n_0
    SLICE_X179Y79        MUXF7 (Prop_F7MUX_CD_SLICEM_I1_O)
                                                      0.068     1.966 r  CORES_GEN[0].C_CORE_INST_FIRST.C_CORE_FIRST/C_CORE[1].C_BLOCK_REST.C_BLOCK_INST_REST/A_internal_reg[26]_i_5__8/O
                         net (fo=1, routed)           0.155     2.121    CORES_GEN[0].C_CORE_INST_FIRST.C_CORE_FIRST/C_CORE[1].C_BLOCK_REST.C_BLOCK_INST_REST/A_internal_reg[26]_i_5__8_n_0
    SLICE_X179Y80        LUT6 (Prop_H6LUT_SLICEM_I5_O)
                                                      0.152     2.273 r  CORES_GEN[0].C_CORE_INST_FIRST.C_CORE_FIRST/C_CORE[1].C_BLOCK_REST.C_BLOCK_INST_REST/A_internal[26]_i_1__8/O
                         net (fo=1, routed)           0.058     2.331    CORES_GEN[7].C_CORE_INST_REST.C_CORE_REST/C_CORE[1].C_BLOCK_REST.C_BLOCK_INST_REST/A_internal_reg[31]_0[26]
    SLICE_X179Y80        FDRE                                         r  CORES_GEN[7].C_CORE_INST_REST.C_CORE_REST/C_CORE[1].C_BLOCK_REST.C_BLOCK_INST_REST/A_internal_reg[26]/D
  -------------------------------------------------------------------    -------------------

                         (clock clk rise edge)        2.222     2.222 r  
                                                      0.000     2.222 r  clk (IN)
                         net (fo=89507, unset)        0.021     2.243    CORES_GEN[7].C_CORE_INST_REST.C_CORE_REST/C_CORE[1].C_BLOCK_REST.C_BLOCK_INST_REST/clk
    SLICE_X179Y80        FDRE                                         r  CORES_GEN[7].C_CORE_INST_REST.C_CORE_REST/C_CORE[1].C_BLOCK_REST.C_BLOCK_INST_REST/A_internal_reg[26]/C
                         clock pessimism              0.000     2.243    
                         clock uncertainty           -0.035     2.208    
    SLICE_X179Y80        FDRE (Setup_HFF_SLICEM_C_D)
                                                      0.025     2.233    CORES_GEN[7].C_CORE_INST_REST.C_CORE_REST/C_CORE[1].C_BLOCK_REST.C_BLOCK_INST_REST/A_internal_reg[26]
  -------------------------------------------------------------------
                         required time                          2.233    
                         arrival time                          -2.331    
  -------------------------------------------------------------------
                         slack                                 -0.098    

Slack (VIOLATED) :        -0.090ns  (required time - arrival time)
  Source:                 CORES_GEN[5].C_CORE_INST_REST.C_CORE_REST/C_CORE[2].C_BLOCK_REST.C_BLOCK_INST_REST/MULTIPLIERS[1].MULTIPLIER_OTHER.MULTIPLIER_INST_SECOND/MULTIPLIER_INST/inst/i_synth/MULT.OP/i_non_prim.R_AND_R/LOGIC.R_AND_R/DSP48_E1.DSP48E1_ADD.DSP48E1_ADD/i_no_versal_es1_workaround.DSP/DSP_OUTPUT_INST/CLK
                            (rising edge-triggered cell DSP_OUTPUT clocked by clk  {rise@0.000ns fall@1.111ns period=2.222ns})
  Destination:            CORES_GEN[5].C_CORE_INST_REST.C_CORE_REST/C_CORE[2].C_BLOCK_REST.C_BLOCK_INST_REST/MULTIPLIERS[1].MULTIPLIER_OTHER.MULTIPLIER_INST_SECOND/MULTIPLIER_INST/inst/i_synth/MULT.OP/i_non_prim.OP/RESULT_REG.NORMAL.exp_op_reg[5]/D
                            (rising edge-triggered cell FDRE clocked by clk  {rise@0.000ns fall@1.111ns period=2.222ns})
  Path Group:             clk
  Path Type:              Setup (Max at Slow Process Corner)
  Requirement:            2.222ns  (clk rise@2.222ns - clk rise@0.000ns)
  Data Path Delay:        2.263ns  (logic 0.574ns (25.365%)  route 1.689ns (74.635%))
  Logic Levels:           2  (CARRY8=1 LUT2=1)
  Clock Path Skew:        -0.039ns (DCD - SCD + CPR)
    Destination Clock Delay (DCD):    0.021ns = ( 2.243 - 2.222 ) 
    Source Clock Delay      (SCD):    0.060ns
    Clock Pessimism Removal (CPR):    0.000ns
  Clock Uncertainty:      0.035ns  ((TSJ^2 + TIJ^2)^1/2 + DJ) / 2 + PE
    Total System Jitter     (TSJ):    0.071ns
    Total Input Jitter      (TIJ):    0.000ns
    Discrete Jitter          (DJ):    0.000ns
    Phase Error              (PE):    0.000ns

    Location             Delay type                Incr(ns)  Path(ns)    Netlist Resource(s)
  -------------------------------------------------------------------    -------------------
                         (clock clk rise edge)        0.000     0.000 r  
                                                      0.000     0.000 r  clk (IN)
                         net (fo=89507, unset)        0.060     0.060    CORES_GEN[5].C_CORE_INST_REST.C_CORE_REST/C_CORE[2].C_BLOCK_REST.C_BLOCK_INST_REST/MULTIPLIERS[1].MULTIPLIER_OTHER.MULTIPLIER_INST_SECOND/MULTIPLIER_INST/inst/i_synth/MULT.OP/i_non_prim.R_AND_R/LOGIC.R_AND_R/DSP48_E1.DSP48E1_ADD.DSP48E1_ADD/i_no_versal_es1_workaround.DSP/CLK
    DSP48E2_X15Y57       DSP_OUTPUT                                   r  CORES_GEN[5].C_CORE_INST_REST.C_CORE_REST/C_CORE[2].C_BLOCK_REST.C_BLOCK_INST_REST/MULTIPLIERS[1].MULTIPLIER_OTHER.MULTIPLIER_INST_SECOND/MULTIPLIER_INST/inst/i_synth/MULT.OP/i_non_prim.R_AND_R/LOGIC.R_AND_R/DSP48_E1.DSP48E1_ADD.DSP48E1_ADD/i_no_versal_es1_workaround.DSP/DSP_OUTPUT_INST/CLK
  -------------------------------------------------------------------    -------------------
    DSP48E2_X15Y57       DSP_OUTPUT (Prop_DSP_OUTPUT_DSP48E2_CLK_P[9])
                                                      0.209     0.269 r  CORES_GEN[5].C_CORE_INST_REST.C_CORE_REST/C_CORE[2].C_BLOCK_REST.C_BLOCK_INST_REST/MULTIPLIERS[1].MULTIPLIER_OTHER.MULTIPLIER_INST_SECOND/MULTIPLIER_INST/inst/i_synth/MULT.OP/i_non_prim.R_AND_R/LOGIC.R_AND_R/DSP48_E1.DSP48E1_ADD.DSP48E1_ADD/i_no_versal_es1_workaround.DSP/DSP_OUTPUT_INST/P[9]
                         net (fo=1, routed)           1.442     1.711    CORES_GEN[5].C_CORE_INST_REST.C_CORE_REST/C_CORE[2].C_BLOCK_REST.C_BLOCK_INST_REST/MULTIPLIERS[1].MULTIPLIER_OTHER.MULTIPLIER_INST_SECOND/MULTIPLIER_INST/inst/i_synth/MULT.OP/i_non_prim.R_AND_R/LOGIC.R_AND_R/EXP_ADD.ADD/CARRY_IN
    SLICE_X150Y156       CARRY8 (Prop_CARRY8_SLICEM_CI_O[5])
                                                      0.228     1.939 r  CORES_GEN[5].C_CORE_INST_REST.C_CORE_REST/C_CORE[2].C_BLOCK_REST.C_BLOCK_INST_REST/MULTIPLIERS[1].MULTIPLIER_OTHER.MULTIPLIER_INST_SECOND/MULTIPLIER_INST/inst/i_synth/MULT.OP/i_non_prim.R_AND_R/LOGIC.R_AND_R/EXP_ADD.ADD/CHAIN_GEN[0].C_MUX.CARRY_MUX_CARRY4_CARRY8/O[5]
                         net (fo=1, routed)           0.224     2.163    CORES_GEN[5].C_CORE_INST_REST.C_CORE_REST/C_CORE[2].C_BLOCK_REST.C_BLOCK_INST_REST/MULTIPLIERS[1].MULTIPLIER_OTHER.MULTIPLIER_INST_SECOND/MULTIPLIER_INST/inst/i_synth/MULT.OP/i_non_prim.R_AND_R/LOGIC.R_AND_R/EXP_ADD.ADD/exp_rnd[5]
    SLICE_X150Y161       LUT2 (Prop_G5LUT_SLICEM_I0_O)
                                                      0.137     2.300 r  CORES_GEN[5].C_CORE_INST_REST.C_CORE_REST/C_CORE[2].C_BLOCK_REST.C_BLOCK_INST_REST/MULTIPLIERS[1].MULTIPLIER_OTHER.MULTIPLIER_INST_SECOND/MULTIPLIER_INST/inst/i_synth/MULT.OP/i_non_prim.R_AND_R/LOGIC.R_AND_R/EXP_ADD.ADD/RESULT_REG.NORMAL.exp_op[5]_i_1/O
                         net (fo=1, routed)           0.023     2.323    CORES_GEN[5].C_CORE_INST_REST.C_CORE_REST/C_CORE[2].C_BLOCK_REST.C_BLOCK_INST_REST/MULTIPLIERS[1].MULTIPLIER_OTHER.MULTIPLIER_INST_SECOND/MULTIPLIER_INST/inst/i_synth/MULT.OP/i_non_prim.OP/RESULT_REG.NORMAL.exp_op_reg[5]_0
    SLICE_X150Y161       FDRE                                         r  CORES_GEN[5].C_CORE_INST_REST.C_CORE_REST/C_CORE[2].C_BLOCK_REST.C_BLOCK_INST_REST/MULTIPLIERS[1].MULTIPLIER_OTHER.MULTIPLIER_INST_SECOND/MULTIPLIER_INST/inst/i_synth/MULT.OP/i_non_prim.OP/RESULT_REG.NORMAL.exp_op_reg[5]/D
  -------------------------------------------------------------------    -------------------

                         (clock clk rise edge)        2.222     2.222 r  
                                                      0.000     2.222 r  clk (IN)
                         net (fo=89507, unset)        0.021     2.243    CORES_GEN[5].C_CORE_INST_REST.C_CORE_REST/C_CORE[2].C_BLOCK_REST.C_BLOCK_INST_REST/MULTIPLIERS[1].MULTIPLIER_OTHER.MULTIPLIER_INST_SECOND/MULTIPLIER_INST/inst/i_synth/MULT.OP/i_non_prim.OP/aclk
    SLICE_X150Y161       FDRE                                         r  CORES_GEN[5].C_CORE_INST_REST.C_CORE_REST/C_CORE[2].C_BLOCK_REST.C_BLOCK_INST_REST/MULTIPLIERS[1].MULTIPLIER_OTHER.MULTIPLIER_INST_SECOND/MULTIPLIER_INST/inst/i_synth/MULT.OP/i_non_prim.OP/RESULT_REG.NORMAL.exp_op_reg[5]/C
                         clock pessimism              0.000     2.243    
                         clock uncertainty           -0.035     2.208    
    SLICE_X150Y161       FDRE (Setup_GFF2_SLICEM_C_D)
                                                      0.025     2.233    CORES_GEN[5].C_CORE_INST_REST.C_CORE_REST/C_CORE[2].C_BLOCK_REST.C_BLOCK_INST_REST/MULTIPLIERS[1].MULTIPLIER_OTHER.MULTIPLIER_INST_SECOND/MULTIPLIER_INST/inst/i_synth/MULT.OP/i_non_prim.OP/RESULT_REG.NORMAL.exp_op_reg[5]
  -------------------------------------------------------------------
                         required time                          2.233    
                         arrival time                          -2.323    
  -------------------------------------------------------------------
                         slack                                 -0.090    

Slack (VIOLATED) :        -0.083ns  (required time - arrival time)
  Source:                 CORES_GEN[0].C_CORE_INST_FIRST.C_CORE_FIRST/A_internal_reg[87]/C
                            (rising edge-triggered cell FDRE clocked by clk  {rise@0.000ns fall@1.111ns period=2.222ns})
  Destination:            CORES_GEN[6].C_CORE_INST_REST.C_CORE_REST/C_CORE[3].C_BLOCK_REST.C_BLOCK_INST_REST/A_internal_reg[7]/D
                            (rising edge-triggered cell FDRE clocked by clk  {rise@0.000ns fall@1.111ns period=2.222ns})
  Path Group:             clk
  Path Type:              Setup (Max at Slow Process Corner)
  Requirement:            2.222ns  (clk rise@2.222ns - clk rise@0.000ns)
  Data Path Delay:        2.285ns  (logic 0.326ns (14.267%)  route 1.959ns (85.733%))
  Logic Levels:           3  (LUT6=2 MUXF7=1)
  Clock Path Skew:        -0.010ns (DCD - SCD + CPR)
    Destination Clock Delay (DCD):    0.020ns = ( 2.242 - 2.222 ) 
    Source Clock Delay      (SCD):    0.030ns
    Clock Pessimism Removal (CPR):    0.000ns
  Clock Uncertainty:      0.035ns  ((TSJ^2 + TIJ^2)^1/2 + DJ) / 2 + PE
    Total System Jitter     (TSJ):    0.071ns
    Total Input Jitter      (TIJ):    0.000ns
    Discrete Jitter          (DJ):    0.000ns
    Phase Error              (PE):    0.000ns

    Location             Delay type                Incr(ns)  Path(ns)    Netlist Resource(s)
  -------------------------------------------------------------------    -------------------
                         (clock clk rise edge)        0.000     0.000 r  
                                                      0.000     0.000 r  clk (IN)
                         net (fo=89507, unset)        0.030     0.030    CORES_GEN[0].C_CORE_INST_FIRST.C_CORE_FIRST/clk
    SLICE_X145Y157       FDRE                                         r  CORES_GEN[0].C_CORE_INST_FIRST.C_CORE_FIRST/A_internal_reg[87]/C
  -------------------------------------------------------------------    -------------------
    SLICE_X145Y157       FDRE (Prop_GFF_SLICEM_C_Q)
                                                      0.078     0.108 r  CORES_GEN[0].C_CORE_INST_FIRST.C_CORE_FIRST/A_internal_reg[87]/Q
                         net (fo=128, routed)         1.660     1.768    CORES_GEN[0].C_CORE_INST_FIRST.C_CORE_FIRST/C_CORE[3].C_BLOCK_REST.C_BLOCK_INST_REST/A_in[87]
    SLICE_X186Y85        LUT6 (Prop_C6LUT_SLICEM_I3_O)
                                                      0.145     1.913 r  CORES_GEN[0].C_CORE_INST_FIRST.C_CORE_FIRST/C_CORE[3].C_BLOCK_REST.C_BLOCK_INST_REST/A_internal[7]_i_13__2/O
                         net (fo=1, routed)           0.021     1.934    CORES_GEN[0].C_CORE_INST_FIRST.C_CORE_FIRST/C_CORE[3].C_BLOCK_REST.C_BLOCK_INST_REST/A_internal[7]_i_13__2_n_0
    SLICE_X186Y85        MUXF7 (Prop_F7MUX_CD_SLICEM_I1_O)
                                                      0.068     2.002 r  CORES_GEN[0].C_CORE_INST_FIRST.C_CORE_FIRST/C_CORE[3].C_BLOCK_REST.C_BLOCK_INST_REST/A_internal_reg[7]_i_5__2/O
                         net (fo=1, routed)           0.230     2.232    CORES_GEN[0].C_CORE_INST_FIRST.C_CORE_FIRST/C_CORE[3].C_BLOCK_REST.C_BLOCK_INST_REST/A_internal_reg[7]_i_5__2_n_0
    SLICE_X185Y86        LUT6 (Prop_A6LUT_SLICEL_I5_O)
                                                      0.035     2.267 r  CORES_GEN[0].C_CORE_INST_FIRST.C_CORE_FIRST/C_CORE[3].C_BLOCK_REST.C_BLOCK_INST_REST/A_internal[7]_i_1__2/O
                         net (fo=1, routed)           0.048     2.315    CORES_GEN[6].C_CORE_INST_REST.C_CORE_REST/C_CORE[3].C_BLOCK_REST.C_BLOCK_INST_REST/A_internal_reg[31]_0[7]
    SLICE_X185Y86        FDRE                                         r  CORES_GEN[6].C_CORE_INST_REST.C_CORE_REST/C_CORE[3].C_BLOCK_REST.C_BLOCK_INST_REST/A_internal_reg[7]/D
  -------------------------------------------------------------------    -------------------

                         (clock clk rise edge)        2.222     2.222 r  
                                                      0.000     2.222 r  clk (IN)
                         net (fo=89507, unset)        0.020     2.242    CORES_GEN[6].C_CORE_INST_REST.C_CORE_REST/C_CORE[3].C_BLOCK_REST.C_BLOCK_INST_REST/clk
    SLICE_X185Y86        FDRE                                         r  CORES_GEN[6].C_CORE_INST_REST.C_CORE_REST/C_CORE[3].C_BLOCK_REST.C_BLOCK_INST_REST/A_internal_reg[7]/C
                         clock pessimism              0.000     2.242    
                         clock uncertainty           -0.035     2.207    
    SLICE_X185Y86        FDRE (Setup_AFF_SLICEL_C_D)
                                                      0.025     2.232    CORES_GEN[6].C_CORE_INST_REST.C_CORE_REST/C_CORE[3].C_BLOCK_REST.C_BLOCK_INST_REST/A_internal_reg[7]
  -------------------------------------------------------------------
                         required time                          2.232    
                         arrival time                          -2.315    
  -------------------------------------------------------------------
                         slack                                 -0.083    

Slack (VIOLATED) :        -0.083ns  (required time - arrival time)
  Source:                 CORES_GEN[0].C_CORE_INST_FIRST.C_CORE_FIRST/A_internal_reg[197]/C
                            (rising edge-triggered cell FDRE clocked by clk  {rise@0.000ns fall@1.111ns period=2.222ns})
  Destination:            CORES_GEN[7].C_CORE_INST_REST.C_CORE_REST/C_CORE[1].C_BLOCK_REST.C_BLOCK_INST_REST/A_internal_reg[5]/D
                            (rising edge-triggered cell FDRE clocked by clk  {rise@0.000ns fall@1.111ns period=2.222ns})
  Path Group:             clk
  Path Type:              Setup (Max at Slow Process Corner)
  Requirement:            2.222ns  (clk rise@2.222ns - clk rise@0.000ns)
  Data Path Delay:        2.286ns  (logic 0.357ns (15.617%)  route 1.929ns (84.383%))
  Logic Levels:           3  (LUT6=2 MUXF7=1)
  Clock Path Skew:        -0.009ns (DCD - SCD + CPR)
    Destination Clock Delay (DCD):    0.020ns = ( 2.242 - 2.222 ) 
    Source Clock Delay      (SCD):    0.029ns
    Clock Pessimism Removal (CPR):    0.000ns
  Clock Uncertainty:      0.035ns  ((TSJ^2 + TIJ^2)^1/2 + DJ) / 2 + PE
    Total System Jitter     (TSJ):    0.071ns
    Total Input Jitter      (TIJ):    0.000ns
    Discrete Jitter          (DJ):    0.000ns
    Phase Error              (PE):    0.000ns

    Location             Delay type                Incr(ns)  Path(ns)    Netlist Resource(s)
  -------------------------------------------------------------------    -------------------
                         (clock clk rise edge)        0.000     0.000 r  
                                                      0.000     0.000 r  clk (IN)
                         net (fo=89507, unset)        0.029     0.029    CORES_GEN[0].C_CORE_INST_FIRST.C_CORE_FIRST/clk
    SLICE_X148Y157       FDRE                                         r  CORES_GEN[0].C_CORE_INST_FIRST.C_CORE_FIRST/A_internal_reg[197]/C
  -------------------------------------------------------------------    -------------------
    SLICE_X148Y157       FDRE (Prop_FFF2_SLICEL_C_Q)
                                                      0.081     0.110 r  CORES_GEN[0].C_CORE_INST_FIRST.C_CORE_FIRST/A_internal_reg[197]/Q
                         net (fo=128, routed)         1.589     1.699    CORES_GEN[0].C_CORE_INST_FIRST.C_CORE_FIRST/C_CORE[1].C_BLOCK_REST.C_BLOCK_INST_REST/A_in[197]
    SLICE_X185Y84        LUT6 (Prop_G6LUT_SLICEL_I5_O)
                                                      0.123     1.822 r  CORES_GEN[0].C_CORE_INST_FIRST.C_CORE_FIRST/C_CORE[1].C_BLOCK_REST.C_BLOCK_INST_REST/A_internal[5]_i_11__8/O
                         net (fo=1, routed)           0.008     1.830    CORES_GEN[0].C_CORE_INST_FIRST.C_CORE_FIRST/C_CORE[1].C_BLOCK_REST.C_BLOCK_INST_REST/A_internal[5]_i_11__8_n_0
    SLICE_X185Y84        MUXF7 (Prop_F7MUX_GH_SLICEL_I1_O)
                                                      0.063     1.893 r  CORES_GEN[0].C_CORE_INST_FIRST.C_CORE_FIRST/C_CORE[1].C_BLOCK_REST.C_BLOCK_INST_REST/A_internal_reg[5]_i_4__8/O
                         net (fo=1, routed)           0.283     2.176    CORES_GEN[0].C_CORE_INST_FIRST.C_CORE_FIRST/C_CORE[1].C_BLOCK_REST.C_BLOCK_INST_REST/A_internal_reg[5]_i_4__8_n_0
    SLICE_X183Y84        LUT6 (Prop_B6LUT_SLICEL_I3_O)
                                                      0.090     2.266 r  CORES_GEN[0].C_CORE_INST_FIRST.C_CORE_FIRST/C_CORE[1].C_BLOCK_REST.C_BLOCK_INST_REST/A_internal[5]_i_1__8/O
                         net (fo=1, routed)           0.049     2.315    CORES_GEN[7].C_CORE_INST_REST.C_CORE_REST/C_CORE[1].C_BLOCK_REST.C_BLOCK_INST_REST/A_internal_reg[31]_0[5]
    SLICE_X183Y84        FDRE                                         r  CORES_GEN[7].C_CORE_INST_REST.C_CORE_REST/C_CORE[1].C_BLOCK_REST.C_BLOCK_INST_REST/A_internal_reg[5]/D
  -------------------------------------------------------------------    -------------------

                         (clock clk rise edge)        2.222     2.222 r  
                                                      0.000     2.222 r  clk (IN)
                         net (fo=89507, unset)        0.020     2.242    CORES_GEN[7].C_CORE_INST_REST.C_CORE_REST/C_CORE[1].C_BLOCK_REST.C_BLOCK_INST_REST/clk
    SLICE_X183Y84        FDRE                                         r  CORES_GEN[7].C_CORE_INST_REST.C_CORE_REST/C_CORE[1].C_BLOCK_REST.C_BLOCK_INST_REST/A_internal_reg[5]/C
                         clock pessimism              0.000     2.242    
                         clock uncertainty           -0.035     2.207    
    SLICE_X183Y84        FDRE (Setup_BFF_SLICEL_C_D)
                                                      0.025     2.232    CORES_GEN[7].C_CORE_INST_REST.C_CORE_REST/C_CORE[1].C_BLOCK_REST.C_BLOCK_INST_REST/A_internal_reg[5]
  -------------------------------------------------------------------
                         required time                          2.232    
                         arrival time                          -2.315    
  -------------------------------------------------------------------
                         slack                                 -0.083    

Slack (VIOLATED) :        -0.081ns  (required time - arrival time)
  Source:                 CORES_GEN[0].C_CORE_INST_FIRST.C_CORE_FIRST/A_internal_reg[360]/C
                            (rising edge-triggered cell FDRE clocked by clk  {rise@0.000ns fall@1.111ns period=2.222ns})
  Destination:            CORES_GEN[0].C_CORE_INST_FIRST.C_CORE_FIRST/C_CORE[6].C_BLOCK_REST.C_BLOCK_INST_REST/A_internal_reg[8]/D
                            (rising edge-triggered cell FDRE clocked by clk  {rise@0.000ns fall@1.111ns period=2.222ns})
  Path Group:             clk
  Path Type:              Setup (Max at Slow Process Corner)
  Requirement:            2.222ns  (clk rise@2.222ns - clk rise@0.000ns)
  Data Path Delay:        2.283ns  (logic 0.321ns (14.060%)  route 1.962ns (85.940%))
  Logic Levels:           3  (LUT6=2 MUXF7=1)
  Clock Path Skew:        -0.010ns (DCD - SCD + CPR)
    Destination Clock Delay (DCD):    0.020ns = ( 2.242 - 2.222 ) 
    Source Clock Delay      (SCD):    0.030ns
    Clock Pessimism Removal (CPR):    0.000ns
  Clock Uncertainty:      0.035ns  ((TSJ^2 + TIJ^2)^1/2 + DJ) / 2 + PE
    Total System Jitter     (TSJ):    0.071ns
    Total Input Jitter      (TIJ):    0.000ns
    Discrete Jitter          (DJ):    0.000ns
    Phase Error              (PE):    0.000ns

    Location             Delay type                Incr(ns)  Path(ns)    Netlist Resource(s)
  -------------------------------------------------------------------    -------------------
                         (clock clk rise edge)        0.000     0.000 r  
                                                      0.000     0.000 r  clk (IN)
                         net (fo=89507, unset)        0.030     0.030    CORES_GEN[0].C_CORE_INST_FIRST.C_CORE_FIRST/clk
    SLICE_X149Y87        FDRE                                         r  CORES_GEN[0].C_CORE_INST_FIRST.C_CORE_FIRST/A_internal_reg[360]/C
  -------------------------------------------------------------------    -------------------
    SLICE_X149Y87        FDRE (Prop_HFF_SLICEM_C_Q)
                                                      0.079     0.109 r  CORES_GEN[0].C_CORE_INST_FIRST.C_CORE_FIRST/A_internal_reg[360]/Q
                         net (fo=128, routed)         1.607     1.716    CORES_GEN[0].C_CORE_INST_FIRST.C_CORE_FIRST/C_CORE[6].C_BLOCK_REST.C_BLOCK_INST_REST/A_in[360]
    SLICE_X184Y130       LUT6 (Prop_A6LUT_SLICEM_I1_O)
                                                      0.053     1.769 r  CORES_GEN[0].C_CORE_INST_FIRST.C_CORE_FIRST/C_CORE[6].C_BLOCK_REST.C_BLOCK_INST_REST/A_internal[8]_i_9__61/O
                         net (fo=1, routed)           0.011     1.780    CORES_GEN[0].C_CORE_INST_FIRST.C_CORE_FIRST/C_CORE[6].C_BLOCK_REST.C_BLOCK_INST_REST/A_internal[8]_i_9__61_n_0
    SLICE_X184Y130       MUXF7 (Prop_F7MUX_AB_SLICEM_I1_O)
                                                      0.065     1.845 r  CORES_GEN[0].C_CORE_INST_FIRST.C_CORE_FIRST/C_CORE[6].C_BLOCK_REST.C_BLOCK_INST_REST/A_internal_reg[8]_i_3__61/O
                         net (fo=1, routed)           0.295     2.140    CORES_GEN[0].C_CORE_INST_FIRST.C_CORE_FIRST/C_CORE[6].C_BLOCK_REST.C_BLOCK_INST_REST/A_internal_reg[8]_i_3__61_n_0
    SLICE_X185Y130       LUT6 (Prop_B6LUT_SLICEL_I1_O)
                                                      0.124     2.264 r  CORES_GEN[0].C_CORE_INST_FIRST.C_CORE_FIRST/C_CORE[6].C_BLOCK_REST.C_BLOCK_INST_REST/A_internal[8]_i_1__61/O
                         net (fo=1, routed)           0.049     2.313    CORES_GEN[0].C_CORE_INST_FIRST.C_CORE_FIRST/C_CORE[6].C_BLOCK_REST.C_BLOCK_INST_REST/A_internal[8]
    SLICE_X185Y130       FDRE                                         r  CORES_GEN[0].C_CORE_INST_FIRST.C_CORE_FIRST/C_CORE[6].C_BLOCK_REST.C_BLOCK_INST_REST/A_internal_reg[8]/D
  -------------------------------------------------------------------    -------------------

                         (clock clk rise edge)        2.222     2.222 r  
                                                      0.000     2.222 r  clk (IN)
                         net (fo=89507, unset)        0.020     2.242    CORES_GEN[0].C_CORE_INST_FIRST.C_CORE_FIRST/C_CORE[6].C_BLOCK_REST.C_BLOCK_INST_REST/clk
    SLICE_X185Y130       FDRE                                         r  CORES_GEN[0].C_CORE_INST_FIRST.C_CORE_FIRST/C_CORE[6].C_BLOCK_REST.C_BLOCK_INST_REST/A_internal_reg[8]/C
                         clock pessimism              0.000     2.242    
                         clock uncertainty           -0.035     2.207    
    SLICE_X185Y130       FDRE (Setup_BFF_SLICEL_C_D)
                                                      0.025     2.232    CORES_GEN[0].C_CORE_INST_FIRST.C_CORE_FIRST/C_CORE[6].C_BLOCK_REST.C_BLOCK_INST_REST/A_internal_reg[8]
  -------------------------------------------------------------------
                         required time                          2.232    
                         arrival time                          -2.313    
  -------------------------------------------------------------------
                         slack                                 -0.081    

Slack (VIOLATED) :        -0.079ns  (required time - arrival time)
  Source:                 CORES_GEN[5].C_CORE_INST_REST.C_CORE_REST/C_CORE[2].C_BLOCK_REST.C_BLOCK_INST_REST/MULTIPLIERS[1].MULTIPLIER_OTHER.MULTIPLIER_INST_SECOND/MULTIPLIER_INST/inst/i_synth/MULT.OP/i_non_prim.R_AND_R/LOGIC.R_AND_R/DSP48_E1.DSP48E1_ADD.DSP48E1_ADD/i_no_versal_es1_workaround.DSP/DSP_OUTPUT_INST/CLK
                            (rising edge-triggered cell DSP_OUTPUT clocked by clk  {rise@0.000ns fall@1.111ns period=2.222ns})
  Destination:            CORES_GEN[5].C_CORE_INST_REST.C_CORE_REST/C_CORE[2].C_BLOCK_REST.C_BLOCK_INST_REST/MULTIPLIERS[1].MULTIPLIER_OTHER.MULTIPLIER_INST_SECOND/MULTIPLIER_INST/inst/i_synth/MULT.OP/i_non_prim.OP/RESULT_REG.NORMAL.exp_op_reg[6]/D
                            (rising edge-triggered cell FDRE clocked by clk  {rise@0.000ns fall@1.111ns period=2.222ns})
  Path Group:             clk
  Path Type:              Setup (Max at Slow Process Corner)
  Requirement:            2.222ns  (clk rise@2.222ns - clk rise@0.000ns)
  Data Path Delay:        2.252ns  (logic 0.548ns (24.334%)  route 1.704ns (75.666%))
  Logic Levels:           2  (CARRY8=1 LUT2=1)
  Clock Path Skew:        -0.039ns (DCD - SCD + CPR)
    Destination Clock Delay (DCD):    0.021ns = ( 2.243 - 2.222 ) 
    Source Clock Delay      (SCD):    0.060ns
    Clock Pessimism Removal (CPR):    0.000ns
  Clock Uncertainty:      0.035ns  ((TSJ^2 + TIJ^2)^1/2 + DJ) / 2 + PE
    Total System Jitter     (TSJ):    0.071ns
    Total Input Jitter      (TIJ):    0.000ns
    Discrete Jitter          (DJ):    0.000ns
    Phase Error              (PE):    0.000ns

    Location             Delay type                Incr(ns)  Path(ns)    Netlist Resource(s)
  -------------------------------------------------------------------    -------------------
                         (clock clk rise edge)        0.000     0.000 r  
                                                      0.000     0.000 r  clk (IN)
                         net (fo=89507, unset)        0.060     0.060    CORES_GEN[5].C_CORE_INST_REST.C_CORE_REST/C_CORE[2].C_BLOCK_REST.C_BLOCK_INST_REST/MULTIPLIERS[1].MULTIPLIER_OTHER.MULTIPLIER_INST_SECOND/MULTIPLIER_INST/inst/i_synth/MULT.OP/i_non_prim.R_AND_R/LOGIC.R_AND_R/DSP48_E1.DSP48E1_ADD.DSP48E1_ADD/i_no_versal_es1_workaround.DSP/CLK
    DSP48E2_X15Y57       DSP_OUTPUT                                   r  CORES_GEN[5].C_CORE_INST_REST.C_CORE_REST/C_CORE[2].C_BLOCK_REST.C_BLOCK_INST_REST/MULTIPLIERS[1].MULTIPLIER_OTHER.MULTIPLIER_INST_SECOND/MULTIPLIER_INST/inst/i_synth/MULT.OP/i_non_prim.R_AND_R/LOGIC.R_AND_R/DSP48_E1.DSP48E1_ADD.DSP48E1_ADD/i_no_versal_es1_workaround.DSP/DSP_OUTPUT_INST/CLK
  -------------------------------------------------------------------    -------------------
    DSP48E2_X15Y57       DSP_OUTPUT (Prop_DSP_OUTPUT_DSP48E2_CLK_P[9])
                                                      0.209     0.269 r  CORES_GEN[5].C_CORE_INST_REST.C_CORE_REST/C_CORE[2].C_BLOCK_REST.C_BLOCK_INST_REST/MULTIPLIERS[1].MULTIPLIER_OTHER.MULTIPLIER_INST_SECOND/MULTIPLIER_INST/inst/i_synth/MULT.OP/i_non_prim.R_AND_R/LOGIC.R_AND_R/DSP48_E1.DSP48E1_ADD.DSP48E1_ADD/i_no_versal_es1_workaround.DSP/DSP_OUTPUT_INST/P[9]
                         net (fo=1, routed)           1.442     1.711    CORES_GEN[5].C_CORE_INST_REST.C_CORE_REST/C_CORE[2].C_BLOCK_REST.C_BLOCK_INST_REST/MULTIPLIERS[1].MULTIPLIER_OTHER.MULTIPLIER_INST_SECOND/MULTIPLIER_INST/inst/i_synth/MULT.OP/i_non_prim.R_AND_R/LOGIC.R_AND_R/EXP_ADD.ADD/CARRY_IN
    SLICE_X150Y156       CARRY8 (Prop_CARRY8_SLICEM_CI_O[6])
                                                      0.216     1.927 r  CORES_GEN[5].C_CORE_INST_REST.C_CORE_REST/C_CORE[2].C_BLOCK_REST.C_BLOCK_INST_REST/MULTIPLIERS[1].MULTIPLIER_OTHER.MULTIPLIER_INST_SECOND/MULTIPLIER_INST/inst/i_synth/MULT.OP/i_non_prim.R_AND_R/LOGIC.R_AND_R/EXP_ADD.ADD/CHAIN_GEN[0].C_MUX.CARRY_MUX_CARRY4_CARRY8/O[6]
                         net (fo=1, routed)           0.195     2.122    CORES_GEN[5].C_CORE_INST_REST.C_CORE_REST/C_CORE[2].C_BLOCK_REST.C_BLOCK_INST_REST/MULTIPLIERS[1].MULTIPLIER_OTHER.MULTIPLIER_INST_SECOND/MULTIPLIER_INST/inst/i_synth/MULT.OP/i_non_prim.R_AND_R/LOGIC.R_AND_R/EXP_ADD.ADD/exp_rnd[6]
    SLICE_X150Y161       LUT2 (Prop_F6LUT_SLICEM_I0_O)
                                                      0.123     2.245 r  CORES_GEN[5].C_CORE_INST_REST.C_CORE_REST/C_CORE[2].C_BLOCK_REST.C_BLOCK_INST_REST/MULTIPLIERS[1].MULTIPLIER_OTHER.MULTIPLIER_INST_SECOND/MULTIPLIER_INST/inst/i_synth/MULT.OP/i_non_prim.R_AND_R/LOGIC.R_AND_R/EXP_ADD.ADD/RESULT_REG.NORMAL.exp_op[6]_i_1/O
                         net (fo=1, routed)           0.067     2.312    CORES_GEN[5].C_CORE_INST_REST.C_CORE_REST/C_CORE[2].C_BLOCK_REST.C_BLOCK_INST_REST/MULTIPLIERS[1].MULTIPLIER_OTHER.MULTIPLIER_INST_SECOND/MULTIPLIER_INST/inst/i_synth/MULT.OP/i_non_prim.OP/RESULT_REG.NORMAL.exp_op_reg[6]_0
    SLICE_X150Y161       FDRE                                         r  CORES_GEN[5].C_CORE_INST_REST.C_CORE_REST/C_CORE[2].C_BLOCK_REST.C_BLOCK_INST_REST/MULTIPLIERS[1].MULTIPLIER_OTHER.MULTIPLIER_INST_SECOND/MULTIPLIER_INST/inst/i_synth/MULT.OP/i_non_prim.OP/RESULT_REG.NORMAL.exp_op_reg[6]/D
  -------------------------------------------------------------------    -------------------

                         (clock clk rise edge)        2.222     2.222 r  
                                                      0.000     2.222 r  clk (IN)
                         net (fo=89507, unset)        0.021     2.243    CORES_GEN[5].C_CORE_INST_REST.C_CORE_REST/C_CORE[2].C_BLOCK_REST.C_BLOCK_INST_REST/MULTIPLIERS[1].MULTIPLIER_OTHER.MULTIPLIER_INST_SECOND/MULTIPLIER_INST/inst/i_synth/MULT.OP/i_non_prim.OP/aclk
    SLICE_X150Y161       FDRE                                         r  CORES_GEN[5].C_CORE_INST_REST.C_CORE_REST/C_CORE[2].C_BLOCK_REST.C_BLOCK_INST_REST/MULTIPLIERS[1].MULTIPLIER_OTHER.MULTIPLIER_INST_SECOND/MULTIPLIER_INST/inst/i_synth/MULT.OP/i_non_prim.OP/RESULT_REG.NORMAL.exp_op_reg[6]/C
                         clock pessimism              0.000     2.243    
                         clock uncertainty           -0.035     2.208    
    SLICE_X150Y161       FDRE (Setup_FFF_SLICEM_C_D)
                                                      0.025     2.233    CORES_GEN[5].C_CORE_INST_REST.C_CORE_REST/C_CORE[2].C_BLOCK_REST.C_BLOCK_INST_REST/MULTIPLIERS[1].MULTIPLIER_OTHER.MULTIPLIER_INST_SECOND/MULTIPLIER_INST/inst/i_synth/MULT.OP/i_non_prim.OP/RESULT_REG.NORMAL.exp_op_reg[6]
  -------------------------------------------------------------------
                         required time                          2.233    
                         arrival time                          -2.312    
  -------------------------------------------------------------------
                         slack                                 -0.079    





Min Delay Paths
--------------------------------------------------------------------------------------
Slack (MET) :             0.030ns  (arrival time - required time)
  Source:                 CORES_GEN[3].C_CORE_INST_REST.C_CORE_REST/C_CORE[0].C_BLOCK_FIRST.C_BLOCK_INST_FIRST/MULTIPLIERS[0].MULTIPLIER_FIRST.MULTIPLIER_INST_FIRST/MULTIPLIER_INST/inst/i_synth/MULT.OP/i_non_prim.MULT/MULT_GEN_VARIANT.FIX_MULT/OP_REG.MANT_DEL/i_pipe/opt_has_pipe.first_q_reg[9]/C
                            (rising edge-triggered cell FDRE clocked by clk  {rise@0.000ns fall@1.111ns period=2.222ns})
  Destination:            CORES_GEN[3].C_CORE_INST_REST.C_CORE_REST/C_CORE[0].C_BLOCK_FIRST.C_BLOCK_INST_FIRST/MULTIPLIERS[0].MULTIPLIER_FIRST.MULTIPLIER_INST_FIRST/MULTIPLIER_INST/inst/i_synth/MULT.OP/i_non_prim.R_AND_R/LOGIC.R_AND_R/EXP_INC_RND1_DELAY/i_pipe/opt_has_pipe.first_q_reg[0]/D
                            (rising edge-triggered cell FDRE clocked by clk  {rise@0.000ns fall@1.111ns period=2.222ns})
  Path Group:             clk
  Path Type:              Hold (Min at Fast Process Corner)
  Requirement:            0.000ns  (clk rise@0.000ns - clk rise@0.000ns)
  Data Path Delay:        0.083ns  (logic 0.038ns (45.783%)  route 0.045ns (54.217%))
  Logic Levels:           0  
  Clock Path Skew:        0.006ns (DCD - SCD - CPR)
    Destination Clock Delay (DCD):    0.019ns
    Source Clock Delay      (SCD):    0.013ns
    Clock Pessimism Removal (CPR):    -0.000ns

    Location             Delay type                Incr(ns)  Path(ns)    Netlist Resource(s)
  -------------------------------------------------------------------    -------------------
                         (clock clk rise edge)        0.000     0.000 r  
                                                      0.000     0.000 r  clk (IN)
                         net (fo=89507, unset)        0.013     0.013    CORES_GEN[3].C_CORE_INST_REST.C_CORE_REST/C_CORE[0].C_BLOCK_FIRST.C_BLOCK_INST_FIRST/MULTIPLIERS[0].MULTIPLIER_FIRST.MULTIPLIER_INST_FIRST/MULTIPLIER_INST/inst/i_synth/MULT.OP/i_non_prim.MULT/MULT_GEN_VARIANT.FIX_MULT/OP_REG.MANT_DEL/i_pipe/aclk
    SLICE_X111Y101       FDRE                                         r  CORES_GEN[3].C_CORE_INST_REST.C_CORE_REST/C_CORE[0].C_BLOCK_FIRST.C_BLOCK_INST_FIRST/MULTIPLIERS[0].MULTIPLIER_FIRST.MULTIPLIER_INST_FIRST/MULTIPLIER_INST/inst/i_synth/MULT.OP/i_non_prim.MULT/MULT_GEN_VARIANT.FIX_MULT/OP_REG.MANT_DEL/i_pipe/opt_has_pipe.first_q_reg[9]/C
  -------------------------------------------------------------------    -------------------
    SLICE_X111Y101       FDRE (Prop_BFF_SLICEM_C_Q)
                                                      0.038     0.051 r  CORES_GEN[3].C_CORE_INST_REST.C_CORE_REST/C_CORE[0].C_BLOCK_FIRST.C_BLOCK_INST_FIRST/MULTIPLIERS[0].MULTIPLIER_FIRST.MULTIPLIER_INST_FIRST/MULTIPLIER_INST/inst/i_synth/MULT.OP/i_non_prim.MULT/MULT_GEN_VARIANT.FIX_MULT/OP_REG.MANT_DEL/i_pipe/opt_has_pipe.first_q_reg[9]/Q
                         net (fo=4, routed)           0.045     0.096    CORES_GEN[3].C_CORE_INST_REST.C_CORE_REST/C_CORE[0].C_BLOCK_FIRST.C_BLOCK_INST_FIRST/MULTIPLIERS[0].MULTIPLIER_FIRST.MULTIPLIER_INST_FIRST/MULTIPLIER_INST/inst/i_synth/MULT.OP/i_non_prim.R_AND_R/LOGIC.R_AND_R/EXP_INC_RND1_DELAY/i_pipe/out[0]
    SLICE_X111Y101       FDRE                                         r  CORES_GEN[3].C_CORE_INST_REST.C_CORE_REST/C_CORE[0].C_BLOCK_FIRST.C_BLOCK_INST_FIRST/MULTIPLIERS[0].MULTIPLIER_FIRST.MULTIPLIER_INST_FIRST/MULTIPLIER_INST/inst/i_synth/MULT.OP/i_non_prim.R_AND_R/LOGIC.R_AND_R/EXP_INC_RND1_DELAY/i_pipe/opt_has_pipe.first_q_reg[0]/D
  -------------------------------------------------------------------    -------------------

                         (clock clk rise edge)        0.000     0.000 r  
                                                      0.000     0.000 r  clk (IN)
                         net (fo=89507, unset)        0.019     0.019    CORES_GEN[3].C_CORE_INST_REST.C_CORE_REST/C_CORE[0].C_BLOCK_FIRST.C_BLOCK_INST_FIRST/MULTIPLIERS[0].MULTIPLIER_FIRST.MULTIPLIER_INST_FIRST/MULTIPLIER_INST/inst/i_synth/MULT.OP/i_non_prim.R_AND_R/LOGIC.R_AND_R/EXP_INC_RND1_DELAY/i_pipe/aclk
    SLICE_X111Y101       FDRE                                         r  CORES_GEN[3].C_CORE_INST_REST.C_CORE_REST/C_CORE[0].C_BLOCK_FIRST.C_BLOCK_INST_FIRST/MULTIPLIERS[0].MULTIPLIER_FIRST.MULTIPLIER_INST_FIRST/MULTIPLIER_INST/inst/i_synth/MULT.OP/i_non_prim.R_AND_R/LOGIC.R_AND_R/EXP_INC_RND1_DELAY/i_pipe/opt_has_pipe.first_q_reg[0]/C
                         clock pessimism              0.000     0.019    
    SLICE_X111Y101       FDRE (Hold_CFF2_SLICEM_C_D)
                                                      0.047     0.066    CORES_GEN[3].C_CORE_INST_REST.C_CORE_REST/C_CORE[0].C_BLOCK_FIRST.C_BLOCK_INST_FIRST/MULTIPLIERS[0].MULTIPLIER_FIRST.MULTIPLIER_INST_FIRST/MULTIPLIER_INST/inst/i_synth/MULT.OP/i_non_prim.R_AND_R/LOGIC.R_AND_R/EXP_INC_RND1_DELAY/i_pipe/opt_has_pipe.first_q_reg[0]
  -------------------------------------------------------------------
                         required time                         -0.066    
                         arrival time                           0.096    
  -------------------------------------------------------------------
                         slack                                  0.030    

Slack (MET) :             0.037ns  (arrival time - required time)
  Source:                 CORES_GEN[0].C_CORE_INST_FIRST.C_CORE_FIRST/C_CORE[1].C_BLOCK_REST.C_BLOCK_INST_REST/ACCUM_INSTANCE/ACCUMULATOR_INST/inst/i_synth/HAS_ARESETN.sclr_i_reg/C
                            (rising edge-triggered cell FDRE clocked by clk  {rise@0.000ns fall@1.111ns period=2.222ns})
  Destination:            CORES_GEN[0].C_CORE_INST_FIRST.C_CORE_FIRST/C_CORE[1].C_BLOCK_REST.C_BLOCK_INST_REST/ACCUM_INSTANCE/ACCUMULATOR_INST/inst/i_synth/ACCUM_OP.OP/i_rst_at_recomb/i_pipe/opt_has_pipe.first_q_reg[0]/D
                            (rising edge-triggered cell FDRE clocked by clk  {rise@0.000ns fall@1.111ns period=2.222ns})
  Path Group:             clk
  Path Type:              Hold (Min at Fast Process Corner)
  Requirement:            0.000ns  (clk rise@0.000ns - clk rise@0.000ns)
  Data Path Delay:        0.089ns  (logic 0.039ns (43.820%)  route 0.050ns (56.180%))
  Logic Levels:           0  
  Clock Path Skew:        0.006ns (DCD - SCD - CPR)
    Destination Clock Delay (DCD):    0.019ns
    Source Clock Delay      (SCD):    0.013ns
    Clock Pessimism Removal (CPR):    -0.000ns

    Location             Delay type                Incr(ns)  Path(ns)    Netlist Resource(s)
  -------------------------------------------------------------------    -------------------
                         (clock clk rise edge)        0.000     0.000 r  
                                                      0.000     0.000 r  clk (IN)
                         net (fo=89507, unset)        0.013     0.013    CORES_GEN[0].C_CORE_INST_FIRST.C_CORE_FIRST/C_CORE[1].C_BLOCK_REST.C_BLOCK_INST_REST/ACCUM_INSTANCE/ACCUMULATOR_INST/inst/i_synth/aclk
    SLICE_X174Y165       FDRE                                         r  CORES_GEN[0].C_CORE_INST_FIRST.C_CORE_FIRST/C_CORE[1].C_BLOCK_REST.C_BLOCK_INST_REST/ACCUM_INSTANCE/ACCUMULATOR_INST/inst/i_synth/HAS_ARESETN.sclr_i_reg/C
  -------------------------------------------------------------------    -------------------
    SLICE_X174Y165       FDRE (Prop_GFF_SLICEL_C_Q)
                                                      0.039     0.052 r  CORES_GEN[0].C_CORE_INST_FIRST.C_CORE_FIRST/C_CORE[1].C_BLOCK_REST.C_BLOCK_INST_REST/ACCUM_INSTANCE/ACCUMULATOR_INST/inst/i_synth/HAS_ARESETN.sclr_i_reg/Q
                         net (fo=9, routed)           0.050     0.102    CORES_GEN[0].C_CORE_INST_FIRST.C_CORE_FIRST/C_CORE[1].C_BLOCK_REST.C_BLOCK_INST_REST/ACCUM_INSTANCE/ACCUMULATOR_INST/inst/i_synth/ACCUM_OP.OP/i_rst_at_recomb/i_pipe/sclr_i
    SLICE_X174Y165       FDRE                                         r  CORES_GEN[0].C_CORE_INST_FIRST.C_CORE_FIRST/C_CORE[1].C_BLOCK_REST.C_BLOCK_INST_REST/ACCUM_INSTANCE/ACCUMULATOR_INST/inst/i_synth/ACCUM_OP.OP/i_rst_at_recomb/i_pipe/opt_has_pipe.first_q_reg[0]/D
  -------------------------------------------------------------------    -------------------

                         (clock clk rise edge)        0.000     0.000 r  
                                                      0.000     0.000 r  clk (IN)
                         net (fo=89507, unset)        0.019     0.019    CORES_GEN[0].C_CORE_INST_FIRST.C_CORE_FIRST/C_CORE[1].C_BLOCK_REST.C_BLOCK_INST_REST/ACCUM_INSTANCE/ACCUMULATOR_INST/inst/i_synth/ACCUM_OP.OP/i_rst_at_recomb/i_pipe/aclk
    SLICE_X174Y165       FDRE                                         r  CORES_GEN[0].C_CORE_INST_FIRST.C_CORE_FIRST/C_CORE[1].C_BLOCK_REST.C_BLOCK_INST_REST/ACCUM_INSTANCE/ACCUMULATOR_INST/inst/i_synth/ACCUM_OP.OP/i_rst_at_recomb/i_pipe/opt_has_pipe.first_q_reg[0]/C
                         clock pessimism              0.000     0.019    
    SLICE_X174Y165       FDRE (Hold_EFF_SLICEL_C_D)
                                                      0.046     0.065    CORES_GEN[0].C_CORE_INST_FIRST.C_CORE_FIRST/C_CORE[1].C_BLOCK_REST.C_BLOCK_INST_REST/ACCUM_INSTANCE/ACCUMULATOR_INST/inst/i_synth/ACCUM_OP.OP/i_rst_at_recomb/i_pipe/opt_has_pipe.first_q_reg[0]
  -------------------------------------------------------------------
                         required time                         -0.065    
                         arrival time                           0.102    
  -------------------------------------------------------------------
                         slack                                  0.037    

Slack (MET) :             0.039ns  (arrival time - required time)
  Source:                 CORES_GEN[2].C_CORE_INST_REST.C_CORE_REST/C_CORE[1].C_BLOCK_REST.C_BLOCK_INST_REST/MULTIPLIERS[1].MULTIPLIER_OTHER.MULTIPLIER_INST_SECOND/MULTIPLIER_INST/inst/i_synth/MULT.OP/i_non_prim.OP/RESULT_REG.NORMAL.mant_op_reg[2]/C
                            (rising edge-triggered cell FDRE clocked by clk  {rise@0.000ns fall@1.111ns period=2.222ns})
  Destination:            CORES_GEN[2].C_CORE_INST_REST.C_CORE_REST/C_CORE[1].C_BLOCK_REST.C_BLOCK_INST_REST/ADDER_INSTANCE/ADDER_INST/inst/i_synth/need_combiner.use_2to1.skid_buffer_combiner/gen_has_z_tready.reg1_b_tdata_reg[2]/D
                            (rising edge-triggered cell FDRE clocked by clk  {rise@0.000ns fall@1.111ns period=2.222ns})
  Path Group:             clk
  Path Type:              Hold (Min at Fast Process Corner)
  Requirement:            0.000ns  (clk rise@0.000ns - clk rise@0.000ns)
  Data Path Delay:        0.092ns  (logic 0.037ns (40.217%)  route 0.055ns (59.783%))
  Logic Levels:           0  
  Clock Path Skew:        0.006ns (DCD - SCD - CPR)
    Destination Clock Delay (DCD):    0.019ns
    Source Clock Delay      (SCD):    0.013ns
    Clock Pessimism Removal (CPR):    -0.000ns

    Location             Delay type                Incr(ns)  Path(ns)    Netlist Resource(s)
  -------------------------------------------------------------------    -------------------
                         (clock clk rise edge)        0.000     0.000 r  
                                                      0.000     0.000 r  clk (IN)
                         net (fo=89507, unset)        0.013     0.013    CORES_GEN[2].C_CORE_INST_REST.C_CORE_REST/C_CORE[1].C_BLOCK_REST.C_BLOCK_INST_REST/MULTIPLIERS[1].MULTIPLIER_OTHER.MULTIPLIER_INST_SECOND/MULTIPLIER_INST/inst/i_synth/MULT.OP/i_non_prim.OP/aclk
    SLICE_X129Y70        FDRE                                         r  CORES_GEN[2].C_CORE_INST_REST.C_CORE_REST/C_CORE[1].C_BLOCK_REST.C_BLOCK_INST_REST/MULTIPLIERS[1].MULTIPLIER_OTHER.MULTIPLIER_INST_SECOND/MULTIPLIER_INST/inst/i_synth/MULT.OP/i_non_prim.OP/RESULT_REG.NORMAL.mant_op_reg[2]/C
  -------------------------------------------------------------------    -------------------
    SLICE_X129Y70        FDRE (Prop_FFF_SLICEM_C_Q)
                                                      0.037     0.050 r  CORES_GEN[2].C_CORE_INST_REST.C_CORE_REST/C_CORE[1].C_BLOCK_REST.C_BLOCK_INST_REST/MULTIPLIERS[1].MULTIPLIER_OTHER.MULTIPLIER_INST_SECOND/MULTIPLIER_INST/inst/i_synth/MULT.OP/i_non_prim.OP/RESULT_REG.NORMAL.mant_op_reg[2]/Q
                         net (fo=2, routed)           0.055     0.105    CORES_GEN[2].C_CORE_INST_REST.C_CORE_REST/C_CORE[1].C_BLOCK_REST.C_BLOCK_INST_REST/ADDER_INSTANCE/ADDER_INST/inst/i_synth/need_combiner.use_2to1.skid_buffer_combiner/s_axis_b_tdata[2]
    SLICE_X130Y70        FDRE                                         r  CORES_GEN[2].C_CORE_INST_REST.C_CORE_REST/C_CORE[1].C_BLOCK_REST.C_BLOCK_INST_REST/ADDER_INSTANCE/ADDER_INST/inst/i_synth/need_combiner.use_2to1.skid_buffer_combiner/gen_has_z_tready.reg1_b_tdata_reg[2]/D
  -------------------------------------------------------------------    -------------------

                         (clock clk rise edge)        0.000     0.000 r  
                                                      0.000     0.000 r  clk (IN)
                         net (fo=89507, unset)        0.019     0.019    CORES_GEN[2].C_CORE_INST_REST.C_CORE_REST/C_CORE[1].C_BLOCK_REST.C_BLOCK_INST_REST/ADDER_INSTANCE/ADDER_INST/inst/i_synth/need_combiner.use_2to1.skid_buffer_combiner/aclk
    SLICE_X130Y70        FDRE                                         r  CORES_GEN[2].C_CORE_INST_REST.C_CORE_REST/C_CORE[1].C_BLOCK_REST.C_BLOCK_INST_REST/ADDER_INSTANCE/ADDER_INST/inst/i_synth/need_combiner.use_2to1.skid_buffer_combiner/gen_has_z_tready.reg1_b_tdata_reg[2]/C
                         clock pessimism              0.000     0.019    
    SLICE_X130Y70        FDRE (Hold_GFF2_SLICEL_C_D)
                                                      0.047     0.066    CORES_GEN[2].C_CORE_INST_REST.C_CORE_REST/C_CORE[1].C_BLOCK_REST.C_BLOCK_INST_REST/ADDER_INSTANCE/ADDER_INST/inst/i_synth/need_combiner.use_2to1.skid_buffer_combiner/gen_has_z_tready.reg1_b_tdata_reg[2]
  -------------------------------------------------------------------
                         required time                         -0.066    
                         arrival time                           0.105    
  -------------------------------------------------------------------
                         slack                                  0.039    

Slack (MET) :             0.039ns  (arrival time - required time)
  Source:                 C_FIFO_INST/C_FIFOS[1].C_FIFO_INST/inst/gen_fifo.xpm_fifo_axis_inst/xpm_fifo_base_inst/wrpp1_inst/count_value_i_reg[3]/C
                            (rising edge-triggered cell FDRE clocked by clk  {rise@0.000ns fall@1.111ns period=2.222ns})
  Destination:            C_FIFO_INST/C_FIFOS[1].C_FIFO_INST/inst/gen_fifo.xpm_fifo_axis_inst/xpm_fifo_base_inst/wrpp1_inst/count_value_i_reg[4]/D
                            (rising edge-triggered cell FDRE clocked by clk  {rise@0.000ns fall@1.111ns period=2.222ns})
  Path Group:             clk
  Path Type:              Hold (Min at Fast Process Corner)
  Requirement:            0.000ns  (clk rise@0.000ns - clk rise@0.000ns)
  Data Path Delay:        0.092ns  (logic 0.059ns (64.130%)  route 0.033ns (35.870%))
  Logic Levels:           1  (LUT5=1)
  Clock Path Skew:        0.006ns (DCD - SCD - CPR)
    Destination Clock Delay (DCD):    0.019ns
    Source Clock Delay      (SCD):    0.013ns
    Clock Pessimism Removal (CPR):    -0.000ns

    Location             Delay type                Incr(ns)  Path(ns)    Netlist Resource(s)
  -------------------------------------------------------------------    -------------------
                         (clock clk rise edge)        0.000     0.000 r  
                                                      0.000     0.000 r  clk (IN)
                         net (fo=89507, unset)        0.013     0.013    C_FIFO_INST/C_FIFOS[1].C_FIFO_INST/inst/gen_fifo.xpm_fifo_axis_inst/xpm_fifo_base_inst/wrpp1_inst/wr_clk
    SLICE_X144Y87        FDRE                                         r  C_FIFO_INST/C_FIFOS[1].C_FIFO_INST/inst/gen_fifo.xpm_fifo_axis_inst/xpm_fifo_base_inst/wrpp1_inst/count_value_i_reg[3]/C
  -------------------------------------------------------------------    -------------------
    SLICE_X144Y87        FDRE (Prop_HFF_SLICEL_C_Q)
                                                      0.039     0.052 r  C_FIFO_INST/C_FIFOS[1].C_FIFO_INST/inst/gen_fifo.xpm_fifo_axis_inst/xpm_fifo_base_inst/wrpp1_inst/count_value_i_reg[3]/Q
                         net (fo=8, routed)           0.027     0.079    C_FIFO_INST/C_FIFOS[1].C_FIFO_INST/inst/gen_fifo.xpm_fifo_axis_inst/xpm_fifo_base_inst/wrpp1_inst/Q[3]
    SLICE_X144Y87        LUT5 (Prop_H5LUT_SLICEL_I3_O)
                                                      0.020     0.099 r  C_FIFO_INST/C_FIFOS[1].C_FIFO_INST/inst/gen_fifo.xpm_fifo_axis_inst/xpm_fifo_base_inst/wrpp1_inst/count_value_i[4]_i_1__0/O
                         net (fo=1, routed)           0.006     0.105    C_FIFO_INST/C_FIFOS[1].C_FIFO_INST/inst/gen_fifo.xpm_fifo_axis_inst/xpm_fifo_base_inst/wrpp1_inst/count_value_i[4]_i_1__0_n_0
    SLICE_X144Y87        FDRE                                         r  C_FIFO_INST/C_FIFOS[1].C_FIFO_INST/inst/gen_fifo.xpm_fifo_axis_inst/xpm_fifo_base_inst/wrpp1_inst/count_value_i_reg[4]/D
  -------------------------------------------------------------------    -------------------

                         (clock clk rise edge)        0.000     0.000 r  
                                                      0.000     0.000 r  clk (IN)
                         net (fo=89507, unset)        0.019     0.019    C_FIFO_INST/C_FIFOS[1].C_FIFO_INST/inst/gen_fifo.xpm_fifo_axis_inst/xpm_fifo_base_inst/wrpp1_inst/wr_clk
    SLICE_X144Y87        FDRE                                         r  C_FIFO_INST/C_FIFOS[1].C_FIFO_INST/inst/gen_fifo.xpm_fifo_axis_inst/xpm_fifo_base_inst/wrpp1_inst/count_value_i_reg[4]/C
                         clock pessimism              0.000     0.019    
    SLICE_X144Y87        FDRE (Hold_HFF2_SLICEL_C_D)
                                                      0.047     0.066    C_FIFO_INST/C_FIFOS[1].C_FIFO_INST/inst/gen_fifo.xpm_fifo_axis_inst/xpm_fifo_base_inst/wrpp1_inst/count_value_i_reg[4]
  -------------------------------------------------------------------
                         required time                         -0.066    
                         arrival time                           0.105    
  -------------------------------------------------------------------
                         slack                                  0.039    

Slack (MET) :             0.040ns  (arrival time - required time)
  Source:                 CORES_GEN[1].C_CORE_INST_REST.C_CORE_REST/C_CORE[7].C_BLOCK_REST.C_BLOCK_INST_REST/ACCUM_INSTANCE/ACCUMULATOR_INST/inst/i_synth/ACCUM_OP.OP/i_flt_to_fix/RESULT_reg[19]/C
                            (rising edge-triggered cell FDRE clocked by clk  {rise@0.000ns fall@1.111ns period=2.222ns})
  Destination:            CORES_GEN[1].C_CORE_INST_REST.C_CORE_REST/C_CORE[7].C_BLOCK_REST.C_BLOCK_INST_REST/ACCUM_INSTANCE/ACCUMULATOR_INST/inst/i_synth/ACCUM_OP.OP/g_accum_split[0].g_A_ufix_split.i_A_ufix_split/i_pipe/opt_has_pipe.first_q_reg[19]/D
                            (rising edge-triggered cell FDRE clocked by clk  {rise@0.000ns fall@1.111ns period=2.222ns})
  Path Group:             clk
  Path Type:              Hold (Min at Fast Process Corner)
  Requirement:            0.000ns  (clk rise@0.000ns - clk rise@0.000ns)
  Data Path Delay:        0.094ns  (logic 0.039ns (41.489%)  route 0.055ns (58.511%))
  Logic Levels:           0  
  Clock Path Skew:        0.007ns (DCD - SCD - CPR)
    Destination Clock Delay (DCD):    0.019ns
    Source Clock Delay      (SCD):    0.012ns
    Clock Pessimism Removal (CPR):    -0.000ns

    Location             Delay type                Incr(ns)  Path(ns)    Netlist Resource(s)
  -------------------------------------------------------------------    -------------------
                         (clock clk rise edge)        0.000     0.000 r  
                                                      0.000     0.000 r  clk (IN)
                         net (fo=89507, unset)        0.012     0.012    CORES_GEN[1].C_CORE_INST_REST.C_CORE_REST/C_CORE[7].C_BLOCK_REST.C_BLOCK_INST_REST/ACCUM_INSTANCE/ACCUMULATOR_INST/inst/i_synth/ACCUM_OP.OP/i_flt_to_fix/aclk
    SLICE_X213Y150       FDRE                                         r  CORES_GEN[1].C_CORE_INST_REST.C_CORE_REST/C_CORE[7].C_BLOCK_REST.C_BLOCK_INST_REST/ACCUM_INSTANCE/ACCUMULATOR_INST/inst/i_synth/ACCUM_OP.OP/i_flt_to_fix/RESULT_reg[19]/C
  -------------------------------------------------------------------    -------------------
    SLICE_X213Y150       FDRE (Prop_AFF_SLICEL_C_Q)
                                                      0.039     0.051 r  CORES_GEN[1].C_CORE_INST_REST.C_CORE_REST/C_CORE[7].C_BLOCK_REST.C_BLOCK_INST_REST/ACCUM_INSTANCE/ACCUMULATOR_INST/inst/i_synth/ACCUM_OP.OP/i_flt_to_fix/RESULT_reg[19]/Q
                         net (fo=1, routed)           0.055     0.106    CORES_GEN[1].C_CORE_INST_REST.C_CORE_REST/C_CORE[7].C_BLOCK_REST.C_BLOCK_INST_REST/ACCUM_INSTANCE/ACCUMULATOR_INST/inst/i_synth/ACCUM_OP.OP/g_accum_split[0].g_A_ufix_split.i_A_ufix_split/i_pipe/D[19]
    SLICE_X213Y150       FDRE                                         r  CORES_GEN[1].C_CORE_INST_REST.C_CORE_REST/C_CORE[7].C_BLOCK_REST.C_BLOCK_INST_REST/ACCUM_INSTANCE/ACCUMULATOR_INST/inst/i_synth/ACCUM_OP.OP/g_accum_split[0].g_A_ufix_split.i_A_ufix_split/i_pipe/opt_has_pipe.first_q_reg[19]/D
  -------------------------------------------------------------------    -------------------

                         (clock clk rise edge)        0.000     0.000 r  
                                                      0.000     0.000 r  clk (IN)
                         net (fo=89507, unset)        0.019     0.019    CORES_GEN[1].C_CORE_INST_REST.C_CORE_REST/C_CORE[7].C_BLOCK_REST.C_BLOCK_INST_REST/ACCUM_INSTANCE/ACCUMULATOR_INST/inst/i_synth/ACCUM_OP.OP/g_accum_split[0].g_A_ufix_split.i_A_ufix_split/i_pipe/aclk
    SLICE_X213Y150       FDRE                                         r  CORES_GEN[1].C_CORE_INST_REST.C_CORE_REST/C_CORE[7].C_BLOCK_REST.C_BLOCK_INST_REST/ACCUM_INSTANCE/ACCUMULATOR_INST/inst/i_synth/ACCUM_OP.OP/g_accum_split[0].g_A_ufix_split.i_A_ufix_split/i_pipe/opt_has_pipe.first_q_reg[19]/C
                         clock pessimism              0.000     0.019    
    SLICE_X213Y150       FDRE (Hold_HFF2_SLICEL_C_D)
                                                      0.047     0.066    CORES_GEN[1].C_CORE_INST_REST.C_CORE_REST/C_CORE[7].C_BLOCK_REST.C_BLOCK_INST_REST/ACCUM_INSTANCE/ACCUMULATOR_INST/inst/i_synth/ACCUM_OP.OP/g_accum_split[0].g_A_ufix_split.i_A_ufix_split/i_pipe/opt_has_pipe.first_q_reg[19]
  -------------------------------------------------------------------
                         required time                         -0.066    
                         arrival time                           0.106    
  -------------------------------------------------------------------
                         slack                                  0.040    

Slack (MET) :             0.041ns  (arrival time - required time)
  Source:                 CORES_GEN[0].C_CORE_INST_FIRST.C_CORE_FIRST/C_CORE[4].C_BLOCK_REST.C_BLOCK_INST_REST/A_internal_reg[16]/C
                            (rising edge-triggered cell FDRE clocked by clk  {rise@0.000ns fall@1.111ns period=2.222ns})
  Destination:            CORES_GEN[0].C_CORE_INST_FIRST.C_CORE_FIRST/C_CORE[4].C_BLOCK_REST.C_BLOCK_INST_REST/MULTIPLIERS[1].MULTIPLIER_OTHER.MULTIPLIER_INST_SECOND/MULTIPLIER_INST/inst/i_synth/need_combiner.use_2to1.skid_buffer_combiner/gen_has_z_tready.reg1_b_tdata_reg[0]/D
                            (rising edge-triggered cell FDRE clocked by clk  {rise@0.000ns fall@1.111ns period=2.222ns})
  Path Group:             clk
  Path Type:              Hold (Min at Fast Process Corner)
  Requirement:            0.000ns  (clk rise@0.000ns - clk rise@0.000ns)
  Data Path Delay:        0.094ns  (logic 0.039ns (41.489%)  route 0.055ns (58.511%))
  Logic Levels:           0  
  Clock Path Skew:        0.006ns (DCD - SCD - CPR)
    Destination Clock Delay (DCD):    0.018ns
    Source Clock Delay      (SCD):    0.012ns
    Clock Pessimism Removal (CPR):    -0.000ns

    Location             Delay type                Incr(ns)  Path(ns)    Netlist Resource(s)
  -------------------------------------------------------------------    -------------------
                         (clock clk rise edge)        0.000     0.000 r  
                                                      0.000     0.000 r  clk (IN)
                         net (fo=89507, unset)        0.012     0.012    CORES_GEN[0].C_CORE_INST_FIRST.C_CORE_FIRST/C_CORE[4].C_BLOCK_REST.C_BLOCK_INST_REST/clk
    SLICE_X173Y147       FDRE                                         r  CORES_GEN[0].C_CORE_INST_FIRST.C_CORE_FIRST/C_CORE[4].C_BLOCK_REST.C_BLOCK_INST_REST/A_internal_reg[16]/C
  -------------------------------------------------------------------    -------------------
    SLICE_X173Y147       FDRE (Prop_BFF_SLICEL_C_Q)
                                                      0.039     0.051 r  CORES_GEN[0].C_CORE_INST_FIRST.C_CORE_FIRST/C_CORE[4].C_BLOCK_REST.C_BLOCK_INST_REST/A_internal_reg[16]/Q
                         net (fo=2, routed)           0.055     0.106    CORES_GEN[0].C_CORE_INST_FIRST.C_CORE_FIRST/C_CORE[4].C_BLOCK_REST.C_BLOCK_INST_REST/MULTIPLIERS[1].MULTIPLIER_OTHER.MULTIPLIER_INST_SECOND/MULTIPLIER_INST/inst/i_synth/need_combiner.use_2to1.skid_buffer_combiner/s_axis_b_tdata[0]
    SLICE_X173Y146       FDRE                                         r  CORES_GEN[0].C_CORE_INST_FIRST.C_CORE_FIRST/C_CORE[4].C_BLOCK_REST.C_BLOCK_INST_REST/MULTIPLIERS[1].MULTIPLIER_OTHER.MULTIPLIER_INST_SECOND/MULTIPLIER_INST/inst/i_synth/need_combiner.use_2to1.skid_buffer_combiner/gen_has_z_tready.reg1_b_tdata_reg[0]/D
  -------------------------------------------------------------------    -------------------

                         (clock clk rise edge)        0.000     0.000 r  
                                                      0.000     0.000 r  clk (IN)
                         net (fo=89507, unset)        0.018     0.018    CORES_GEN[0].C_CORE_INST_FIRST.C_CORE_FIRST/C_CORE[4].C_BLOCK_REST.C_BLOCK_INST_REST/MULTIPLIERS[1].MULTIPLIER_OTHER.MULTIPLIER_INST_SECOND/MULTIPLIER_INST/inst/i_synth/need_combiner.use_2to1.skid_buffer_combiner/aclk
    SLICE_X173Y146       FDRE                                         r  CORES_GEN[0].C_CORE_INST_FIRST.C_CORE_FIRST/C_CORE[4].C_BLOCK_REST.C_BLOCK_INST_REST/MULTIPLIERS[1].MULTIPLIER_OTHER.MULTIPLIER_INST_SECOND/MULTIPLIER_INST/inst/i_synth/need_combiner.use_2to1.skid_buffer_combiner/gen_has_z_tready.reg1_b_tdata_reg[0]/C
                         clock pessimism              0.000     0.018    
    SLICE_X173Y146       FDRE (Hold_DFF2_SLICEL_C_D)
                                                      0.047     0.065    CORES_GEN[0].C_CORE_INST_FIRST.C_CORE_FIRST/C_CORE[4].C_BLOCK_REST.C_BLOCK_INST_REST/MULTIPLIERS[1].MULTIPLIER_OTHER.MULTIPLIER_INST_SECOND/MULTIPLIER_INST/inst/i_synth/need_combiner.use_2to1.skid_buffer_combiner/gen_has_z_tready.reg1_b_tdata_reg[0]
  -------------------------------------------------------------------
                         required time                         -0.065    
                         arrival time                           0.106    
  -------------------------------------------------------------------
                         slack                                  0.041    

Slack (MET) :             0.041ns  (arrival time - required time)
  Source:                 CORES_GEN[1].C_CORE_INST_REST.C_CORE_REST/C_CORE[5].C_BLOCK_REST.C_BLOCK_INST_REST/ADDER_INSTANCE/ADDER_INST/inst/i_synth/need_combiner.use_2to1.skid_buffer_combiner/gen_has_z_tready.reg2_a_valid_reg/C
                            (rising edge-triggered cell FDRE clocked by clk  {rise@0.000ns fall@1.111ns period=2.222ns})
  Destination:            CORES_GEN[1].C_CORE_INST_REST.C_CORE_REST/C_CORE[5].C_BLOCK_REST.C_BLOCK_INST_REST/ADDER_INSTANCE/ADDER_INST/inst/i_synth/need_combiner.use_2to1.skid_buffer_combiner/gen_has_z_tready.reg2_b_valid_reg/D
                            (rising edge-triggered cell FDRE clocked by clk  {rise@0.000ns fall@1.111ns period=2.222ns})
  Path Group:             clk
  Path Type:              Hold (Min at Fast Process Corner)
  Requirement:            0.000ns  (clk rise@0.000ns - clk rise@0.000ns)
  Data Path Delay:        0.094ns  (logic 0.060ns (63.830%)  route 0.034ns (36.170%))
  Logic Levels:           1  (LUT4=1)
  Clock Path Skew:        0.006ns (DCD - SCD - CPR)
    Destination Clock Delay (DCD):    0.018ns
    Source Clock Delay      (SCD):    0.012ns
    Clock Pessimism Removal (CPR):    -0.000ns

    Location             Delay type                Incr(ns)  Path(ns)    Netlist Resource(s)
  -------------------------------------------------------------------    -------------------
                         (clock clk rise edge)        0.000     0.000 r  
                                                      0.000     0.000 r  clk (IN)
                         net (fo=89507, unset)        0.012     0.012    CORES_GEN[1].C_CORE_INST_REST.C_CORE_REST/C_CORE[5].C_BLOCK_REST.C_BLOCK_INST_REST/ADDER_INSTANCE/ADDER_INST/inst/i_synth/need_combiner.use_2to1.skid_buffer_combiner/aclk
    SLICE_X207Y117       FDRE                                         r  CORES_GEN[1].C_CORE_INST_REST.C_CORE_REST/C_CORE[5].C_BLOCK_REST.C_BLOCK_INST_REST/ADDER_INSTANCE/ADDER_INST/inst/i_synth/need_combiner.use_2to1.skid_buffer_combiner/gen_has_z_tready.reg2_a_valid_reg/C
  -------------------------------------------------------------------    -------------------
    SLICE_X207Y117       FDRE (Prop_BFF_SLICEL_C_Q)
                                                      0.039     0.051 r  CORES_GEN[1].C_CORE_INST_REST.C_CORE_REST/C_CORE[5].C_BLOCK_REST.C_BLOCK_INST_REST/ADDER_INSTANCE/ADDER_INST/inst/i_synth/need_combiner.use_2to1.skid_buffer_combiner/gen_has_z_tready.reg2_a_valid_reg/Q
                         net (fo=8, routed)           0.027     0.078    CORES_GEN[1].C_CORE_INST_REST.C_CORE_REST/C_CORE[5].C_BLOCK_REST.C_BLOCK_INST_REST/ADDER_INSTANCE/ADDER_INST/inst/i_synth/need_combiner.use_2to1.skid_buffer_combiner/reg2_a_valid
    SLICE_X207Y117       LUT4 (Prop_B5LUT_SLICEL_I0_O)
                                                      0.021     0.099 r  CORES_GEN[1].C_CORE_INST_REST.C_CORE_REST/C_CORE[5].C_BLOCK_REST.C_BLOCK_INST_REST/ADDER_INSTANCE/ADDER_INST/inst/i_synth/need_combiner.use_2to1.skid_buffer_combiner/gen_has_z_tready.reg2_b_valid_i_1/O
                         net (fo=4, routed)           0.007     0.106    CORES_GEN[1].C_CORE_INST_REST.C_CORE_REST/C_CORE[5].C_BLOCK_REST.C_BLOCK_INST_REST/ADDER_INSTANCE/ADDER_INST/inst/i_synth/need_combiner.use_2to1.skid_buffer_combiner/reg2_b_valid_nxt
    SLICE_X207Y117       FDRE                                         r  CORES_GEN[1].C_CORE_INST_REST.C_CORE_REST/C_CORE[5].C_BLOCK_REST.C_BLOCK_INST_REST/ADDER_INSTANCE/ADDER_INST/inst/i_synth/need_combiner.use_2to1.skid_buffer_combiner/gen_has_z_tready.reg2_b_valid_reg/D
  -------------------------------------------------------------------    -------------------

                         (clock clk rise edge)        0.000     0.000 r  
                                                      0.000     0.000 r  clk (IN)
                         net (fo=89507, unset)        0.018     0.018    CORES_GEN[1].C_CORE_INST_REST.C_CORE_REST/C_CORE[5].C_BLOCK_REST.C_BLOCK_INST_REST/ADDER_INSTANCE/ADDER_INST/inst/i_synth/need_combiner.use_2to1.skid_buffer_combiner/aclk
    SLICE_X207Y117       FDRE                                         r  CORES_GEN[1].C_CORE_INST_REST.C_CORE_REST/C_CORE[5].C_BLOCK_REST.C_BLOCK_INST_REST/ADDER_INSTANCE/ADDER_INST/inst/i_synth/need_combiner.use_2to1.skid_buffer_combiner/gen_has_z_tready.reg2_b_valid_reg/C
                         clock pessimism              0.000     0.018    
    SLICE_X207Y117       FDRE (Hold_BFF2_SLICEL_C_D)
                                                      0.047     0.065    CORES_GEN[1].C_CORE_INST_REST.C_CORE_REST/C_CORE[5].C_BLOCK_REST.C_BLOCK_INST_REST/ADDER_INSTANCE/ADDER_INST/inst/i_synth/need_combiner.use_2to1.skid_buffer_combiner/gen_has_z_tready.reg2_b_valid_reg
  -------------------------------------------------------------------
                         required time                         -0.065    
                         arrival time                           0.106    
  -------------------------------------------------------------------
                         slack                                  0.041    

Slack (MET) :             0.041ns  (arrival time - required time)
  Source:                 CORES_GEN[3].C_CORE_INST_REST.C_CORE_REST/C_CORE[1].C_BLOCK_REST.C_BLOCK_INST_REST/MULTIPLIERS[1].MULTIPLIER_OTHER.MULTIPLIER_INST_SECOND/MULTIPLIER_INST/inst/i_synth/need_combiner.use_2to1.skid_buffer_combiner/gen_has_z_tready.reg2_a_valid_reg/C
                            (rising edge-triggered cell FDRE clocked by clk  {rise@0.000ns fall@1.111ns period=2.222ns})
  Destination:            CORES_GEN[3].C_CORE_INST_REST.C_CORE_REST/C_CORE[1].C_BLOCK_REST.C_BLOCK_INST_REST/MULTIPLIERS[1].MULTIPLIER_OTHER.MULTIPLIER_INST_SECOND/MULTIPLIER_INST/inst/i_synth/need_combiner.use_2to1.skid_buffer_combiner/gen_has_z_tready.reg2_b_valid_reg/D
                            (rising edge-triggered cell FDRE clocked by clk  {rise@0.000ns fall@1.111ns period=2.222ns})
  Path Group:             clk
  Path Type:              Hold (Min at Fast Process Corner)
  Requirement:            0.000ns  (clk rise@0.000ns - clk rise@0.000ns)
  Data Path Delay:        0.094ns  (logic 0.060ns (63.830%)  route 0.034ns (36.170%))
  Logic Levels:           1  (LUT4=1)
  Clock Path Skew:        0.006ns (DCD - SCD - CPR)
    Destination Clock Delay (DCD):    0.018ns
    Source Clock Delay      (SCD):    0.012ns
    Clock Pessimism Removal (CPR):    -0.000ns

    Location             Delay type                Incr(ns)  Path(ns)    Netlist Resource(s)
  -------------------------------------------------------------------    -------------------
                         (clock clk rise edge)        0.000     0.000 r  
                                                      0.000     0.000 r  clk (IN)
                         net (fo=89507, unset)        0.012     0.012    CORES_GEN[3].C_CORE_INST_REST.C_CORE_REST/C_CORE[1].C_BLOCK_REST.C_BLOCK_INST_REST/MULTIPLIERS[1].MULTIPLIER_OTHER.MULTIPLIER_INST_SECOND/MULTIPLIER_INST/inst/i_synth/need_combiner.use_2to1.skid_buffer_combiner/aclk
    SLICE_X120Y109       FDRE                                         r  CORES_GEN[3].C_CORE_INST_REST.C_CORE_REST/C_CORE[1].C_BLOCK_REST.C_BLOCK_INST_REST/MULTIPLIERS[1].MULTIPLIER_OTHER.MULTIPLIER_INST_SECOND/MULTIPLIER_INST/inst/i_synth/need_combiner.use_2to1.skid_buffer_combiner/gen_has_z_tready.reg2_a_valid_reg/C
  -------------------------------------------------------------------    -------------------
    SLICE_X120Y109       FDRE (Prop_BFF_SLICEL_C_Q)
                                                      0.039     0.051 r  CORES_GEN[3].C_CORE_INST_REST.C_CORE_REST/C_CORE[1].C_BLOCK_REST.C_BLOCK_INST_REST/MULTIPLIERS[1].MULTIPLIER_OTHER.MULTIPLIER_INST_SECOND/MULTIPLIER_INST/inst/i_synth/need_combiner.use_2to1.skid_buffer_combiner/gen_has_z_tready.reg2_a_valid_reg/Q
                         net (fo=8, routed)           0.027     0.078    CORES_GEN[3].C_CORE_INST_REST.C_CORE_REST/C_CORE[1].C_BLOCK_REST.C_BLOCK_INST_REST/MULTIPLIERS[1].MULTIPLIER_OTHER.MULTIPLIER_INST_SECOND/MULTIPLIER_INST/inst/i_synth/need_combiner.use_2to1.skid_buffer_combiner/reg2_a_valid
    SLICE_X120Y109       LUT4 (Prop_B5LUT_SLICEL_I0_O)
                                                      0.021     0.099 r  CORES_GEN[3].C_CORE_INST_REST.C_CORE_REST/C_CORE[1].C_BLOCK_REST.C_BLOCK_INST_REST/MULTIPLIERS[1].MULTIPLIER_OTHER.MULTIPLIER_INST_SECOND/MULTIPLIER_INST/inst/i_synth/need_combiner.use_2to1.skid_buffer_combiner/gen_has_z_tready.reg2_b_valid_i_1/O
                         net (fo=4, routed)           0.007     0.106    CORES_GEN[3].C_CORE_INST_REST.C_CORE_REST/C_CORE[1].C_BLOCK_REST.C_BLOCK_INST_REST/MULTIPLIERS[1].MULTIPLIER_OTHER.MULTIPLIER_INST_SECOND/MULTIPLIER_INST/inst/i_synth/need_combiner.use_2to1.skid_buffer_combiner/reg2_b_valid_nxt
    SLICE_X120Y109       FDRE                                         r  CORES_GEN[3].C_CORE_INST_REST.C_CORE_REST/C_CORE[1].C_BLOCK_REST.C_BLOCK_INST_REST/MULTIPLIERS[1].MULTIPLIER_OTHER.MULTIPLIER_INST_SECOND/MULTIPLIER_INST/inst/i_synth/need_combiner.use_2to1.skid_buffer_combiner/gen_has_z_tready.reg2_b_valid_reg/D
  -------------------------------------------------------------------    -------------------

                         (clock clk rise edge)        0.000     0.000 r  
                                                      0.000     0.000 r  clk (IN)
                         net (fo=89507, unset)        0.018     0.018    CORES_GEN[3].C_CORE_INST_REST.C_CORE_REST/C_CORE[1].C_BLOCK_REST.C_BLOCK_INST_REST/MULTIPLIERS[1].MULTIPLIER_OTHER.MULTIPLIER_INST_SECOND/MULTIPLIER_INST/inst/i_synth/need_combiner.use_2to1.skid_buffer_combiner/aclk
    SLICE_X120Y109       FDRE                                         r  CORES_GEN[3].C_CORE_INST_REST.C_CORE_REST/C_CORE[1].C_BLOCK_REST.C_BLOCK_INST_REST/MULTIPLIERS[1].MULTIPLIER_OTHER.MULTIPLIER_INST_SECOND/MULTIPLIER_INST/inst/i_synth/need_combiner.use_2to1.skid_buffer_combiner/gen_has_z_tready.reg2_b_valid_reg/C
                         clock pessimism              0.000     0.018    
    SLICE_X120Y109       FDRE (Hold_BFF2_SLICEL_C_D)
                                                      0.047     0.065    CORES_GEN[3].C_CORE_INST_REST.C_CORE_REST/C_CORE[1].C_BLOCK_REST.C_BLOCK_INST_REST/MULTIPLIERS[1].MULTIPLIER_OTHER.MULTIPLIER_INST_SECOND/MULTIPLIER_INST/inst/i_synth/need_combiner.use_2to1.skid_buffer_combiner/gen_has_z_tready.reg2_b_valid_reg
  -------------------------------------------------------------------
                         required time                         -0.065    
                         arrival time                           0.106    
  -------------------------------------------------------------------
                         slack                                  0.041    

Slack (MET) :             0.041ns  (arrival time - required time)
  Source:                 CORES_GEN[5].C_CORE_INST_REST.C_CORE_REST/C_CORE[4].C_BLOCK_REST.C_BLOCK_INST_REST/ADDER_INSTANCE/ADDER_INST/inst/i_synth/ADDSUB_OP.ADDSUB/LOGIC_SPEED.OP/ALIGN_BLK/FRAC_ADDSUB/LOGIC_ADD.FRAC_ADDSUB/LRG_RND2_DEL/i_pipe/opt_has_pipe.first_q_reg[2]/C
                            (rising edge-triggered cell FDRE clocked by clk  {rise@0.000ns fall@1.111ns period=2.222ns})
  Destination:            CORES_GEN[5].C_CORE_INST_REST.C_CORE_REST/C_CORE[4].C_BLOCK_REST.C_BLOCK_INST_REST/ADDER_INSTANCE/ADDER_INST/inst/i_synth/ADDSUB_OP.ADDSUB/LOGIC_SPEED.OP/ALIGN_BLK/FRAC_ADDSUB/LOGIC_ADD.FRAC_ADDSUB/LRG_RND2_DEL/i_pipe/opt_has_pipe.i_pipe[2].pipe_reg[2][2]/D
                            (rising edge-triggered cell FDRE clocked by clk  {rise@0.000ns fall@1.111ns period=2.222ns})
  Path Group:             clk
  Path Type:              Hold (Min at Fast Process Corner)
  Requirement:            0.000ns  (clk rise@0.000ns - clk rise@0.000ns)
  Data Path Delay:        0.093ns  (logic 0.039ns (41.935%)  route 0.054ns (58.065%))
  Logic Levels:           0  
  Clock Path Skew:        0.005ns (DCD - SCD - CPR)
    Destination Clock Delay (DCD):    0.018ns
    Source Clock Delay      (SCD):    0.013ns
    Clock Pessimism Removal (CPR):    -0.000ns

    Location             Delay type                Incr(ns)  Path(ns)    Netlist Resource(s)
  -------------------------------------------------------------------    -------------------
                         (clock clk rise edge)        0.000     0.000 r  
                                                      0.000     0.000 r  clk (IN)
                         net (fo=89507, unset)        0.013     0.013    CORES_GEN[5].C_CORE_INST_REST.C_CORE_REST/C_CORE[4].C_BLOCK_REST.C_BLOCK_INST_REST/ADDER_INSTANCE/ADDER_INST/inst/i_synth/ADDSUB_OP.ADDSUB/LOGIC_SPEED.OP/ALIGN_BLK/FRAC_ADDSUB/LOGIC_ADD.FRAC_ADDSUB/LRG_RND2_DEL/i_pipe/aclk
    SLICE_X157Y171       FDRE                                         r  CORES_GEN[5].C_CORE_INST_REST.C_CORE_REST/C_CORE[4].C_BLOCK_REST.C_BLOCK_INST_REST/ADDER_INSTANCE/ADDER_INST/inst/i_synth/ADDSUB_OP.ADDSUB/LOGIC_SPEED.OP/ALIGN_BLK/FRAC_ADDSUB/LOGIC_ADD.FRAC_ADDSUB/LRG_RND2_DEL/i_pipe/opt_has_pipe.first_q_reg[2]/C
  -------------------------------------------------------------------    -------------------
    SLICE_X157Y171       FDRE (Prop_GFF_SLICEM_C_Q)
                                                      0.039     0.052 r  CORES_GEN[5].C_CORE_INST_REST.C_CORE_REST/C_CORE[4].C_BLOCK_REST.C_BLOCK_INST_REST/ADDER_INSTANCE/ADDER_INST/inst/i_synth/ADDSUB_OP.ADDSUB/LOGIC_SPEED.OP/ALIGN_BLK/FRAC_ADDSUB/LOGIC_ADD.FRAC_ADDSUB/LRG_RND2_DEL/i_pipe/opt_has_pipe.first_q_reg[2]/Q
                         net (fo=1, routed)           0.054     0.106    CORES_GEN[5].C_CORE_INST_REST.C_CORE_REST/C_CORE[4].C_BLOCK_REST.C_BLOCK_INST_REST/ADDER_INSTANCE/ADDER_INST/inst/i_synth/ADDSUB_OP.ADDSUB/LOGIC_SPEED.OP/ALIGN_BLK/FRAC_ADDSUB/LOGIC_ADD.FRAC_ADDSUB/LRG_RND2_DEL/i_pipe/opt_has_pipe.first_q_reg_n_0_[2]
    SLICE_X158Y171       FDRE                                         r  CORES_GEN[5].C_CORE_INST_REST.C_CORE_REST/C_CORE[4].C_BLOCK_REST.C_BLOCK_INST_REST/ADDER_INSTANCE/ADDER_INST/inst/i_synth/ADDSUB_OP.ADDSUB/LOGIC_SPEED.OP/ALIGN_BLK/FRAC_ADDSUB/LOGIC_ADD.FRAC_ADDSUB/LRG_RND2_DEL/i_pipe/opt_has_pipe.i_pipe[2].pipe_reg[2][2]/D
  -------------------------------------------------------------------    -------------------

                         (clock clk rise edge)        0.000     0.000 r  
                                                      0.000     0.000 r  clk (IN)
                         net (fo=89507, unset)        0.018     0.018    CORES_GEN[5].C_CORE_INST_REST.C_CORE_REST/C_CORE[4].C_BLOCK_REST.C_BLOCK_INST_REST/ADDER_INSTANCE/ADDER_INST/inst/i_synth/ADDSUB_OP.ADDSUB/LOGIC_SPEED.OP/ALIGN_BLK/FRAC_ADDSUB/LOGIC_ADD.FRAC_ADDSUB/LRG_RND2_DEL/i_pipe/aclk
    SLICE_X158Y171       FDRE                                         r  CORES_GEN[5].C_CORE_INST_REST.C_CORE_REST/C_CORE[4].C_BLOCK_REST.C_BLOCK_INST_REST/ADDER_INSTANCE/ADDER_INST/inst/i_synth/ADDSUB_OP.ADDSUB/LOGIC_SPEED.OP/ALIGN_BLK/FRAC_ADDSUB/LOGIC_ADD.FRAC_ADDSUB/LRG_RND2_DEL/i_pipe/opt_has_pipe.i_pipe[2].pipe_reg[2][2]/C
                         clock pessimism              0.000     0.018    
    SLICE_X158Y171       FDRE (Hold_DFF2_SLICEL_C_D)
                                                      0.047     0.065    CORES_GEN[5].C_CORE_INST_REST.C_CORE_REST/C_CORE[4].C_BLOCK_REST.C_BLOCK_INST_REST/ADDER_INSTANCE/ADDER_INST/inst/i_synth/ADDSUB_OP.ADDSUB/LOGIC_SPEED.OP/ALIGN_BLK/FRAC_ADDSUB/LOGIC_ADD.FRAC_ADDSUB/LRG_RND2_DEL/i_pipe/opt_has_pipe.i_pipe[2].pipe_reg[2][2]
  -------------------------------------------------------------------
                         required time                         -0.065    
                         arrival time                           0.106    
  -------------------------------------------------------------------
                         slack                                  0.041    

Slack (MET) :             0.041ns  (arrival time - required time)
  Source:                 WEIGHTS_FIFO_INST/W_FIFOS[1].W_FIFO_INST/inst/gen_fifo.xpm_fifo_axis_inst/xpm_fifo_base_inst/wrpp1_inst/count_value_i_reg[7]/C
                            (rising edge-triggered cell FDRE clocked by clk  {rise@0.000ns fall@1.111ns period=2.222ns})
  Destination:            WEIGHTS_FIFO_INST/W_FIFOS[1].W_FIFO_INST/inst/gen_fifo.xpm_fifo_axis_inst/xpm_fifo_base_inst/wrpp1_inst/count_value_i_reg[8]/D
                            (rising edge-triggered cell FDRE clocked by clk  {rise@0.000ns fall@1.111ns period=2.222ns})
  Path Group:             clk
  Path Type:              Hold (Min at Fast Process Corner)
  Requirement:            0.000ns  (clk rise@0.000ns - clk rise@0.000ns)
  Data Path Delay:        0.094ns  (logic 0.060ns (63.830%)  route 0.034ns (36.170%))
  Logic Levels:           1  (LUT5=1)
  Clock Path Skew:        0.006ns (DCD - SCD - CPR)
    Destination Clock Delay (DCD):    0.018ns
    Source Clock Delay      (SCD):    0.012ns
    Clock Pessimism Removal (CPR):    -0.000ns

    Location             Delay type                Incr(ns)  Path(ns)    Netlist Resource(s)
  -------------------------------------------------------------------    -------------------
                         (clock clk rise edge)        0.000     0.000 r  
                                                      0.000     0.000 r  clk (IN)
                         net (fo=89507, unset)        0.012     0.012    WEIGHTS_FIFO_INST/W_FIFOS[1].W_FIFO_INST/inst/gen_fifo.xpm_fifo_axis_inst/xpm_fifo_base_inst/wrpp1_inst/wr_clk
    SLICE_X143Y131       FDRE                                         r  WEIGHTS_FIFO_INST/W_FIFOS[1].W_FIFO_INST/inst/gen_fifo.xpm_fifo_axis_inst/xpm_fifo_base_inst/wrpp1_inst/count_value_i_reg[7]/C
  -------------------------------------------------------------------    -------------------
    SLICE_X143Y131       FDRE (Prop_BFF_SLICEL_C_Q)
                                                      0.039     0.051 r  WEIGHTS_FIFO_INST/W_FIFOS[1].W_FIFO_INST/inst/gen_fifo.xpm_fifo_axis_inst/xpm_fifo_base_inst/wrpp1_inst/count_value_i_reg[7]/Q
                         net (fo=3, routed)           0.027     0.078    WEIGHTS_FIFO_INST/W_FIFOS[1].W_FIFO_INST/inst/gen_fifo.xpm_fifo_axis_inst/xpm_fifo_base_inst/wrpp1_inst/Q[7]
    SLICE_X143Y131       LUT5 (Prop_B5LUT_SLICEL_I3_O)
                                                      0.021     0.099 r  WEIGHTS_FIFO_INST/W_FIFOS[1].W_FIFO_INST/inst/gen_fifo.xpm_fifo_axis_inst/xpm_fifo_base_inst/wrpp1_inst/count_value_i[8]_i_1/O
                         net (fo=1, routed)           0.007     0.106    WEIGHTS_FIFO_INST/W_FIFOS[1].W_FIFO_INST/inst/gen_fifo.xpm_fifo_axis_inst/xpm_fifo_base_inst/wrpp1_inst/count_value_i[8]_i_1_n_0
    SLICE_X143Y131       FDRE                                         r  WEIGHTS_FIFO_INST/W_FIFOS[1].W_FIFO_INST/inst/gen_fifo.xpm_fifo_axis_inst/xpm_fifo_base_inst/wrpp1_inst/count_value_i_reg[8]/D
  -------------------------------------------------------------------    -------------------

                         (clock clk rise edge)        0.000     0.000 r  
                                                      0.000     0.000 r  clk (IN)
                         net (fo=89507, unset)        0.018     0.018    WEIGHTS_FIFO_INST/W_FIFOS[1].W_FIFO_INST/inst/gen_fifo.xpm_fifo_axis_inst/xpm_fifo_base_inst/wrpp1_inst/wr_clk
    SLICE_X143Y131       FDRE                                         r  WEIGHTS_FIFO_INST/W_FIFOS[1].W_FIFO_INST/inst/gen_fifo.xpm_fifo_axis_inst/xpm_fifo_base_inst/wrpp1_inst/count_value_i_reg[8]/C
                         clock pessimism              0.000     0.018    
    SLICE_X143Y131       FDRE (Hold_BFF2_SLICEL_C_D)
                                                      0.047     0.065    WEIGHTS_FIFO_INST/W_FIFOS[1].W_FIFO_INST/inst/gen_fifo.xpm_fifo_axis_inst/xpm_fifo_base_inst/wrpp1_inst/count_value_i_reg[8]
  -------------------------------------------------------------------
                         required time                         -0.065    
                         arrival time                           0.106    
  -------------------------------------------------------------------
                         slack                                  0.041    





Pulse Width Checks
--------------------------------------------------------------------------------------
Clock Name:         clk
Waveform(ns):       { 0.000 1.111 }
Period(ns):         2.222
Sources:            { clk }

Check Type        Corner  Lib Pin             Reference Pin  Required(ns)  Actual(ns)  Slack(ns)  Location       Pin
Min Period        n/a     RAMB36E2/CLKARDCLK  n/a            1.569         2.222       0.653      RAMB36_X10Y14  ACTIVATION_FIFO_INST/A_FIFOS[0].A_FIFO_INST/inst/gen_fifo.xpm_fifo_axis_inst/xpm_fifo_base_inst/gen_sdpram.xpm_memory_base_inst/gen_wr_a.gen_word_narrow.mem_reg_0/CLKARDCLK
Min Period        n/a     RAMB36E2/CLKBWRCLK  n/a            1.569         2.222       0.653      RAMB36_X10Y14  ACTIVATION_FIFO_INST/A_FIFOS[0].A_FIFO_INST/inst/gen_fifo.xpm_fifo_axis_inst/xpm_fifo_base_inst/gen_sdpram.xpm_memory_base_inst/gen_wr_a.gen_word_narrow.mem_reg_0/CLKBWRCLK
Min Period        n/a     RAMB36E2/CLKARDCLK  n/a            1.569         2.222       0.653      RAMB36_X9Y14   ACTIVATION_FIFO_INST/A_FIFOS[0].A_FIFO_INST/inst/gen_fifo.xpm_fifo_axis_inst/xpm_fifo_base_inst/gen_sdpram.xpm_memory_base_inst/gen_wr_a.gen_word_narrow.mem_reg_1/CLKARDCLK
Min Period        n/a     RAMB36E2/CLKBWRCLK  n/a            1.569         2.222       0.653      RAMB36_X9Y14   ACTIVATION_FIFO_INST/A_FIFOS[0].A_FIFO_INST/inst/gen_fifo.xpm_fifo_axis_inst/xpm_fifo_base_inst/gen_sdpram.xpm_memory_base_inst/gen_wr_a.gen_word_narrow.mem_reg_1/CLKBWRCLK
Min Period        n/a     RAMB36E2/CLKARDCLK  n/a            1.569         2.222       0.653      RAMB36_X9Y11   ACTIVATION_FIFO_INST/A_FIFOS[0].A_FIFO_INST/inst/gen_fifo.xpm_fifo_axis_inst/xpm_fifo_base_inst/gen_sdpram.xpm_memory_base_inst/gen_wr_a.gen_word_narrow.mem_reg_2/CLKARDCLK
Min Period        n/a     RAMB36E2/CLKBWRCLK  n/a            1.569         2.222       0.653      RAMB36_X9Y11   ACTIVATION_FIFO_INST/A_FIFOS[0].A_FIFO_INST/inst/gen_fifo.xpm_fifo_axis_inst/xpm_fifo_base_inst/gen_sdpram.xpm_memory_base_inst/gen_wr_a.gen_word_narrow.mem_reg_2/CLKBWRCLK
Min Period        n/a     RAMB36E2/CLKARDCLK  n/a            1.569         2.222       0.653      RAMB36_X10Y10  ACTIVATION_FIFO_INST/A_FIFOS[0].A_FIFO_INST/inst/gen_fifo.xpm_fifo_axis_inst/xpm_fifo_base_inst/gen_sdpram.xpm_memory_base_inst/gen_wr_a.gen_word_narrow.mem_reg_3/CLKARDCLK
Min Period        n/a     RAMB36E2/CLKBWRCLK  n/a            1.569         2.222       0.653      RAMB36_X10Y10  ACTIVATION_FIFO_INST/A_FIFOS[0].A_FIFO_INST/inst/gen_fifo.xpm_fifo_axis_inst/xpm_fifo_base_inst/gen_sdpram.xpm_memory_base_inst/gen_wr_a.gen_word_narrow.mem_reg_3/CLKBWRCLK
Min Period        n/a     RAMB36E2/CLKARDCLK  n/a            1.569         2.222       0.653      RAMB36_X10Y11  ACTIVATION_FIFO_INST/A_FIFOS[1].A_FIFO_INST/inst/gen_fifo.xpm_fifo_axis_inst/xpm_fifo_base_inst/gen_sdpram.xpm_memory_base_inst/gen_wr_a.gen_word_narrow.mem_reg_0/CLKARDCLK
Min Period        n/a     RAMB36E2/CLKBWRCLK  n/a            1.569         2.222       0.653      RAMB36_X10Y11  ACTIVATION_FIFO_INST/A_FIFOS[1].A_FIFO_INST/inst/gen_fifo.xpm_fifo_axis_inst/xpm_fifo_base_inst/gen_sdpram.xpm_memory_base_inst/gen_wr_a.gen_word_narrow.mem_reg_0/CLKBWRCLK
Low Pulse Width   Slow    FIFO36E2/RDCLK      n/a            0.542         1.111       0.569      RAMB36_X10Y31  ACTIVATION_CYCLE_INST/A_FIFO_INST/U0/inst_fifo_gen/gconvfifo.rf/gbi.bi/v8_fifo.fblk/rst_val_sym.gextw_sym[1].inst_extd/gonep.inst_prim/gf36e2_inst.sngfifo36e2/RDCLK
Low Pulse Width   Fast    FIFO36E2/RDCLK      n/a            0.542         1.111       0.569      RAMB36_X10Y31  ACTIVATION_CYCLE_INST/A_FIFO_INST/U0/inst_fifo_gen/gconvfifo.rf/gbi.bi/v8_fifo.fblk/rst_val_sym.gextw_sym[1].inst_extd/gonep.inst_prim/gf36e2_inst.sngfifo36e2/RDCLK
Low Pulse Width   Slow    FIFO36E2/WRCLK      n/a            0.542         1.111       0.569      RAMB36_X10Y31  ACTIVATION_CYCLE_INST/A_FIFO_INST/U0/inst_fifo_gen/gconvfifo.rf/gbi.bi/v8_fifo.fblk/rst_val_sym.gextw_sym[1].inst_extd/gonep.inst_prim/gf36e2_inst.sngfifo36e2/WRCLK
Low Pulse Width   Fast    FIFO36E2/WRCLK      n/a            0.542         1.111       0.569      RAMB36_X10Y31  ACTIVATION_CYCLE_INST/A_FIFO_INST/U0/inst_fifo_gen/gconvfifo.rf/gbi.bi/v8_fifo.fblk/rst_val_sym.gextw_sym[1].inst_extd/gonep.inst_prim/gf36e2_inst.sngfifo36e2/WRCLK
Low Pulse Width   Slow    FIFO36E2/RDCLK      n/a            0.542         1.111       0.569      RAMB36_X9Y36   ACTIVATION_CYCLE_INST/A_FIFO_INST/U0/inst_fifo_gen/gconvfifo.rf/gbi.bi/v8_fifo.fblk/rst_val_sym.gextw_sym[2].inst_extd/gonep.inst_prim/gf36e2_inst.sngfifo36e2/RDCLK
Low Pulse Width   Fast    FIFO36E2/RDCLK      n/a            0.542         1.111       0.569      RAMB36_X9Y36   ACTIVATION_CYCLE_INST/A_FIFO_INST/U0/inst_fifo_gen/gconvfifo.rf/gbi.bi/v8_fifo.fblk/rst_val_sym.gextw_sym[2].inst_extd/gonep.inst_prim/gf36e2_inst.sngfifo36e2/RDCLK
Low Pulse Width   Slow    FIFO36E2/WRCLK      n/a            0.542         1.111       0.569      RAMB36_X9Y36   ACTIVATION_CYCLE_INST/A_FIFO_INST/U0/inst_fifo_gen/gconvfifo.rf/gbi.bi/v8_fifo.fblk/rst_val_sym.gextw_sym[2].inst_extd/gonep.inst_prim/gf36e2_inst.sngfifo36e2/WRCLK
Low Pulse Width   Fast    FIFO36E2/WRCLK      n/a            0.542         1.111       0.569      RAMB36_X9Y36   ACTIVATION_CYCLE_INST/A_FIFO_INST/U0/inst_fifo_gen/gconvfifo.rf/gbi.bi/v8_fifo.fblk/rst_val_sym.gextw_sym[2].inst_extd/gonep.inst_prim/gf36e2_inst.sngfifo36e2/WRCLK
Low Pulse Width   Slow    FIFO36E2/RDCLK      n/a            0.542         1.111       0.569      RAMB36_X10Y33  ACTIVATION_CYCLE_INST/A_FIFO_INST/U0/inst_fifo_gen/gconvfifo.rf/gbi.bi/v8_fifo.fblk/rst_val_sym.gextw_sym[3].inst_extd/gonep.inst_prim/gf36e2_inst.sngfifo36e2/RDCLK
Low Pulse Width   Fast    FIFO36E2/RDCLK      n/a            0.542         1.111       0.569      RAMB36_X10Y33  ACTIVATION_CYCLE_INST/A_FIFO_INST/U0/inst_fifo_gen/gconvfifo.rf/gbi.bi/v8_fifo.fblk/rst_val_sym.gextw_sym[3].inst_extd/gonep.inst_prim/gf36e2_inst.sngfifo36e2/RDCLK
High Pulse Width  Slow    FIFO36E2/RDCLK      n/a            0.542         1.111       0.569      RAMB36_X10Y31  ACTIVATION_CYCLE_INST/A_FIFO_INST/U0/inst_fifo_gen/gconvfifo.rf/gbi.bi/v8_fifo.fblk/rst_val_sym.gextw_sym[1].inst_extd/gonep.inst_prim/gf36e2_inst.sngfifo36e2/RDCLK
High Pulse Width  Fast    FIFO36E2/RDCLK      n/a            0.542         1.111       0.569      RAMB36_X10Y31  ACTIVATION_CYCLE_INST/A_FIFO_INST/U0/inst_fifo_gen/gconvfifo.rf/gbi.bi/v8_fifo.fblk/rst_val_sym.gextw_sym[1].inst_extd/gonep.inst_prim/gf36e2_inst.sngfifo36e2/RDCLK
High Pulse Width  Slow    FIFO36E2/WRCLK      n/a            0.542         1.111       0.569      RAMB36_X10Y31  ACTIVATION_CYCLE_INST/A_FIFO_INST/U0/inst_fifo_gen/gconvfifo.rf/gbi.bi/v8_fifo.fblk/rst_val_sym.gextw_sym[1].inst_extd/gonep.inst_prim/gf36e2_inst.sngfifo36e2/WRCLK
High Pulse Width  Fast    FIFO36E2/WRCLK      n/a            0.542         1.111       0.569      RAMB36_X10Y31  ACTIVATION_CYCLE_INST/A_FIFO_INST/U0/inst_fifo_gen/gconvfifo.rf/gbi.bi/v8_fifo.fblk/rst_val_sym.gextw_sym[1].inst_extd/gonep.inst_prim/gf36e2_inst.sngfifo36e2/WRCLK
High Pulse Width  Slow    FIFO36E2/RDCLK      n/a            0.542         1.111       0.569      RAMB36_X9Y36   ACTIVATION_CYCLE_INST/A_FIFO_INST/U0/inst_fifo_gen/gconvfifo.rf/gbi.bi/v8_fifo.fblk/rst_val_sym.gextw_sym[2].inst_extd/gonep.inst_prim/gf36e2_inst.sngfifo36e2/RDCLK
High Pulse Width  Fast    FIFO36E2/RDCLK      n/a            0.542         1.111       0.569      RAMB36_X9Y36   ACTIVATION_CYCLE_INST/A_FIFO_INST/U0/inst_fifo_gen/gconvfifo.rf/gbi.bi/v8_fifo.fblk/rst_val_sym.gextw_sym[2].inst_extd/gonep.inst_prim/gf36e2_inst.sngfifo36e2/RDCLK
High Pulse Width  Slow    FIFO36E2/WRCLK      n/a            0.542         1.111       0.569      RAMB36_X9Y36   ACTIVATION_CYCLE_INST/A_FIFO_INST/U0/inst_fifo_gen/gconvfifo.rf/gbi.bi/v8_fifo.fblk/rst_val_sym.gextw_sym[2].inst_extd/gonep.inst_prim/gf36e2_inst.sngfifo36e2/WRCLK
High Pulse Width  Fast    FIFO36E2/WRCLK      n/a            0.542         1.111       0.569      RAMB36_X9Y36   ACTIVATION_CYCLE_INST/A_FIFO_INST/U0/inst_fifo_gen/gconvfifo.rf/gbi.bi/v8_fifo.fblk/rst_val_sym.gextw_sym[2].inst_extd/gonep.inst_prim/gf36e2_inst.sngfifo36e2/WRCLK
High Pulse Width  Slow    FIFO36E2/RDCLK      n/a            0.542         1.111       0.569      RAMB36_X10Y33  ACTIVATION_CYCLE_INST/A_FIFO_INST/U0/inst_fifo_gen/gconvfifo.rf/gbi.bi/v8_fifo.fblk/rst_val_sym.gextw_sym[3].inst_extd/gonep.inst_prim/gf36e2_inst.sngfifo36e2/RDCLK
High Pulse Width  Fast    FIFO36E2/RDCLK      n/a            0.542         1.111       0.569      RAMB36_X10Y33  ACTIVATION_CYCLE_INST/A_FIFO_INST/U0/inst_fifo_gen/gconvfifo.rf/gbi.bi/v8_fifo.fblk/rst_val_sym.gextw_sym[3].inst_extd/gonep.inst_prim/gf36e2_inst.sngfifo36e2/RDCLK



