010000100011101001001000010100001010011000000101001011001011010001010001011010001101001100000010101000010100010010010100100011000011000000100010001011000000100011100101100010000101010010100100101001101001100000001100000001001011001100101010011011011000011000001100011011100010000011010010010100010011011101011101011100000100010000010001101101000101101010010100001001011101011100011001
001010000000000010001001000100001011101011011010011101010011000010000100010001011010000100010001001001010001000001010011101011000001000101011100011001000000101001001010000100000100010101000011000001000011100001000100100100011011001100000100011011010100101011101101100011101010001101100000011011000101000001000001000101100011000100000100100100011001010000001101011000100011001001010011
011011000011001011100100001011101101001100010101100100010001011001010100101100011001101100101101101001011001000000001100001000101101100000000000001010010001100001011011000010010101100010000011011011010001011101000101101100000000101100100001001001100000001010100000000001011101010100100000101010001011100000011100010101101010001100000010000100101001101000101000011000001100011011010101
000100011101000011011100010010011000100000010011100101011000000100100100011011101011101011100011011001000101010001101100011011001001000000011000101100011101101001001100000001000000100001100100101001011010001010011011101101001101000011010101100010010010001001011000010000101000100010101001100001001011010011001100001011011100000011101000011000000011001100101101100000101011100011101011
010001001000000010001000101000101100000000000010010000011101000011000100100011001100010101001011100100101001011010001100101010100001001101101100011000010100101011100001000000011010001001001011000101100011000101101101000001100000011010001101001010001100010011101010101000000000000101010000000010101001101011100101011001010010011101000101010010011000011010000010000011010101000100100010
000010101100100100100010101101101101101000011100100101000101001001001000101100010101100001011101010101011101001101010100001011000011010000011010010000011100001100001010001011101000011100001011100000010100101000100001010011101100000010001011001010100000100100000101001010010100000001000011010010011001000010010011010001100101101001100001010000001001100010101010001011000010011101000100
000100100000011100101000100000001000010100101000001011000100000011011010001001100100011000101000000100011011010001011001010000101100101010010100001100101010101101000101001010010001011101101101100010000100100011000010000000101011000100101100001101100101010100001100011010101010000001000000011000010010000100011001001011100101001011010100000011101001011010001010010000011011100000000100
010010011001101010011011000000010101000001000010101101010101010010100001011001011001011011000010100001010011011010101100011011010100000000100011001001101100010001001011101011101001000100101101100100001010101101000000011010010001001100101000001101011100011001010101010100011101011100100101010010011011001001100011101011101011000010100000010101100001100000000010011100100000000101011011
101100000100100100100011010000101010011100001000100101000010100000000000000000101001100001101000010100001101101001101010010010001000010100010101001001001001101001000100100010001001011000000001001011001100001100011010101011010011011000011010011010101001010010010101001100101010101100010001010001010010010000000000101001100001100010001100011100011000010000100001100101010010100001010001
100101011000010000100001011010101001100011101010011000010011100001100000000101101010100001000010000100101011011000010001001010100011001011101001101000010100000100010011001011101011100001001000100000100010000101001001011011101010001100011000101001001001010011000010101001000101011001100000010011100011101100000011000100101010011101101101011000001000001001000010000101000010000001101101
011100010010001011100000100010011100010001000011100101011011101010011011011010011001010100010011010001011101010010010001011000011101001100101001010010101011000001001011010001101001001000000000000100000011001010100000010100001101011101001011001000011000101101010001101010011100100001010000010001010001101011000001100001100011011001100000000100100010100100001101101001010001011101010001
001000100011000101010001001001011001011001101011101011001011010000011011001100101001001000101000100100001010001001011101100100000100000010000011000001101010100010011000010001100010010010010101011010000100101011011001010001011000010011011001101011011011001000010001101000011101011000101011011011000011000011011001011000001010100001100000101011000001001000011000100000001101011101011000
011010011100001001100011000101011100101001010011011010001011001101001000010101000000011001100100010010101101101000010011011010011101100010100100011010001101010011000101010010011100001101000010000001101001011011001100000101101101011101000101001010001101101001010100001010011100011010001100100011010001011100011001001011001011100001101010001011001001010101001000010000001010010010010101
010011100011001000000100000000011011101000101101011101100001010000001011011011011001011010000000101011011101011010010001101011001101001000101100100001101000100001011010000000000010001101011010101101011100001011010010000010000010101100000011011101001000100011010011000000001101000010010100001101001011001100011101010001001010001001100000000100101011100010011011100001011010010000100010
011101000010000011101010011100001000001101001000011011011000100000000101010100000100100100001000100000010000101000010010001000000010000100001000010101001010101000000001011001010011011011100010101011100100010010010001101010010000000010001101100001010011001101101101011101101001010001010010101011000010101101011011101010000101001001100011001001001011011000100011010011010100001000000101
011101011000100100001000100100001011101101011000101101000001101100011101010000010001000000000101011100101000010000001101011001101001000101001101011011101100011101001011001000100001000001101011010101011001100101001100101000010100000010101010101010001100101010000011000100011001001100101100000011000010101000001011001101011011000100100010000011100100001011010011100000101000001001100001
100101001000000011001000101011100011001100001001100100011001001100011010011010101011101000001011001001101010010000000100001101011101001001000001011001101101011010011100001100011000001010000001011000101101001000000001011100101100101101100000011100010000010011101001000011000010011000010101011001100010000101100000010100011101010100000010100011101010000000101011100010000000100010101011
001101000011101010100100011001010001100100011011101101000101001011100010101011100001101000000011100100011101010011101000101100010011001010010000010101101000100001011011011101011011100011101011001001100011101010000100010010000000010101011000000001010100011010101001001100010011100101010100010000000000011000010101100101010000001010010001001011001000010101001010001001100010001000010000
001011101101101101010010100011010101001000100100100000101011101001001000101010001010010101011010001010100001101011010100011011010001101010101010001011010100011011010100011100100001000011101101011100100000011100001101010010100001101100001000001100101000010001100100011000000100100100000101000101001101001100000000100100010011101010101101001101010100100000010010100000010011001001100100
010000101011000000010100011101101011000100100001010010001000100001101000001011010101011100000101010010100101010011000101100010001100010101000000100001010010000000011011011010010000100101101001100001001000001000010011011101010010101010000100001000011100010011001001010011011000011000100010000101001001001011011010011101001011010100101001100001010011100000101010010010001010010100001100
010000011000010100001101101100001010101010100010100011001101001000000010001100001010101010001010011100011010101101000000100001001010001010100001100101000000000000001001011011000100100000010000010010010100001100100100010100001011101000011101000001101011000011100101011010011101011010011001010000011100001000011011010011000001101101011101001100001100100100011011010010011000100100001101
000101000001101000001010011010010101000100011001011010011100010100100001101011001100010100101001010101001011000001010010100101000001011010011001001101100101011101011101101000011010010100001000011001101010011000011010011011000010100010000010011100011011010010100001100001011010101011001000001001011100010001011011010010010001000010001101011001001101011101010001011011011010101001011001
011100101011000010010000101000010001101000010101010010100001000010011101011011011000101101101000000010000001010100101011000001101011010011000100100010000011100100101010100011001010100001011000010010101010001101001011001011010000100101010011000011010010000001000001101011000100010001010011101011100000101100100001010011100010101101100010011101100101011001001101100101011011101010010001
101011001100000000000100011000101000101101001001100001001000010000101101101010011101101101011000001100010010010101010010010000000101000100010000010010000001011011101100000011000011100011001010101100001000100001010010011001001011010000011101101000000011010101010100000100101101011010010000100101101010000001001001101001100101011011101101011000000101010010101100000101001010000101000100
100101001000100000001100010100101001001000101001100101010001100101001100100010001100000100010101010000100101001000011011001001001011011000010010100010001011100011011100100100101000100001000100101101001000011100000000100010101000100000011100011000011100001100001010010001101100101000000011100000010011001011000010100010011000100101000001001101010011000011100001011010001101000101100000
010000100101011101000001000001010011001101011101100100001001001001000000010000010010000101011001001101010010001101001010011011101101100000000100010000000001001100011101010001001000000001100010001000000011000000101010011001011010100001000100010000001011010001010101000100001000000101101101000100001100010100010001101010001011101011000011001001010101101001011011001100000100000001011000
100010101011101101001100101001001001101010000010101010011000100001000101001000001011011011010101011101011010010010100001000101000010101001100100010100101001010010100101100101100000001010100101001001101010000010001010001010100100011100101010000000101011001001011100011010100010011000101101010001010010001100001101011100100000010000100000001000100101000101010011001010101011101011000011
010000000000101100011001101101011010101010100010000011010101100001010100001001011101010010101011001011100001101101100011000100010011000010001101000000010100100001010010001001100101011010011001000000001010000100100010010100001001000101010010001010010010100101001011101100001010010101001011011001010100000000100100010000000001101101011001001001010010101010000100100100010000100011100000
001011000100101001100001010011010101100001100010101100010011001001001000011100010011001010010011010101001100010101001010011001001101001010011001101000000000000010010101100100001000000000000011100000100010100100011100000001001100000101001100001011010001101010000001001100001011010101000101001000000000001010001000001100101100000011000101101100000011010011011100011010000000011001100001
100010000010000001100001010000001010001101000010000001011100100000000011100011100101100100000011000101101000100100011100010011100011010001100001101011000010001101101010101001011000011100010100011000100010101001010011100001101010011100000001101001100100000001101100100010101100010101101010100001011011010000011011000000010011100010101000001101001010001101011100011001010100001010101011
101000000000001101011100100000010101011101101101100100000101000010000001010001010100000011010101010010011100101011011100000011100101000101100101100100101010101010000000100000001101101001101000011001011101011010010001100010101101101001101010010001101000011011000010011011000101011010000011011000000011001011011001011010010001100100010001101010010010100000001101001000100011100011101010
010011001010011101001000001011000010010001001101000010000011011010000101100011011101100100101011010000011010001011011100101000010001001101011011000001001101000101001000101000010010000100010001011011010000100001001000100100000010011011101001011100001100100101011000101000000001100100100001010100101000000101001010000001001011010000100001101000011000010100100101010010001000101000001011
000001010100101000001000100011000000001000000100100000100010000001100100101001010010001000000011100001001011001011010000011000011010001011101011010100001001011011010010010011100101001000000000001100010000100000101001100101010100000101011101000100011100101011010011101101011000000000011000100010100010000100001011100101010010101100001010000100000011011001101101101011001010001010100010
011011100000000010101001011101011000000101001011001101000010001001001100001100000100100100100000011001011011001100010100010101101011011001001011011010100000010000001101011000101011011001010011100100010010000001000001000100101100010000001010001000010010101011011000000101000010001001000001000100100101011100100000010100000011101010000001000101010011100101011010000011010101011011101101
101101010000101101010101001001001011101101001000010001011101100100011011000101000010100000010010000100011000010010001101011101001100100000011010100001100011011100100011010001010001001100010100100010000011010010011100000001000011100100010101101011000010010010010001010011011000010011011011100010000001010101001010101000000000011010010010011010011001011100000010001000011000011010001001
001010001101010100000100101011010101011000000011010010001010011100101100000001000010011101101011101001101010100000000001100010010010100011010010011011100001000001101001010100000001010001011010000011010101101101001000011100000000011100011010100100101011011101010010001001101010101001101011000010010000100001011011010101010011101101001101000100101000000001000100010100011001010011101100
010001000011011011101011010100011101011000001101011010011001001100011100101101101011101100000001010001000011100011100011001010100100001001101010010101000011000000000101000000100001011001100000001000001000010000100011101001011011010100001011011101010000011001010000000011010101011010011011100001000011001101001101010101000010100100010101101000100100101100101101010000100101101011101011
010011000000000001000101010000000101101100101001000001101001101010001000000011000000101001011010100001101001001100001100001101101101100010101010001001000101001011101011000000010001011100010101001101100011001010010100101010011010011000001100001010010010000011101100101001001101100100011101010101000000010100011100010001100101010000000101011010100100010000100011010101101000001001000011
001010011100010000011100001101100000001101010010000000001000001001101101000010100101001011001011010001011101000101010011001001000100011001100001011101101100001001001100001100010101101001001100011100000011100101010100001001010010010011011000101001011010101100101010101100010101001100010001011001001100011010100010000101001100100101011101010011000011101100001000001011101100100100101001
001001000010000000010101101011010101011010001011000010000101001001010101100101010100011011101100011001011000011100010010100011001101001101100000101101000101101000100100010011101000000001101011001011101000011100001101011101001011101100101010001000011100000100001000001100000101000001100001011010100000100100011011100001101011101011100010010100100101010100101100000101011000011101001101
000001010011011101011011000101011101100011010010011000010001000000101100000000101010000010010101001100010000101010101011010000010010101001010100011010101010011011001001000001001000101100001100011000000000011000001010100001011011001100001011000101010001001000001000000001001010101001000000001100000010011000011001001010101000000101100000000000010101001101101011100100000010011100000000
011101101010010010011000011011000000001010101000001000100010011100001001101001000011101000000101000000101010100010011100010101010010000010000010101100100101000010000101011000011101000000011010001010000001000101010010100101001101000011010101011000101001011011100011101101000100010000001011010101101000010101001010001011000010010010100001000101010010011100100100101101010101000000011101
100010001000000011010100001011010011010001101000000010010011100010011010101001010011010000000101101000001011010001010101010000011011000101000100011010011101001001001010100001010010010000010101011011101101000101000011010010011000000100010000001001101010100100101101000000011001010100101010100100100010001100001011101000101001100010000000000000001001101101100100101001010000000001000101
001101000101100100010001001011011000000000001010101101100010100001010010101011010101001000101011000010101000101100010001100101001100011100010011011011101010001000010011000101011011100010100001001010101010000101101010000100010000011010101010011001101001101000001010101010101010100100010101000001000010001001010001000011011100000001001101010000100001101010000010100100001010000011000000
010010001011100010010100010001011101101010000101011000100001001100010101011100000011011001010101010101100100000000000010010100010010101011011001010001001101100001001010001101011101011011000001011000000001011101101100000001101101001101101011101000100001011000100000000001001100011000100101001000000000101001100101101000001100101100000101011000100000011001010101000100010000010001100101
000010010100011000011010010100011000000100010001010101010100100100001011001010011011101000010000001001011011001100011010011011101101011010000000010001011001101010010001101100010000011001000011100001101011100011100001001001100001000011100001011101000000010010001010011100100100000000101100000101100011001001000101011100001100011000101100010010100001100001000100001100001001100000000001
101010101000010011011101010100101000101010001011101010101000000100100000101100010011000101101011010001000100101001011101011100001010000011011101000000001010100100010011101000010100101011001100001001100101001011100001010100010001101011000011010011011001001001100101011100100010000010101011010010100100101001000001101100001001010011010100001010010011001100011001001011011100100010100010
001011000011100001101100011001101101011101000101101010001101000100101011100101010010001000000101001011101011101001100010011010010001000010001100000010011100011011101101011010001010101100101001011101001101100000010000101010000101000001011001011100001101001101010010000010101001000101100000001001000000000101011001101010011000011000000010010011100011011100011100100000011000100011000011
010100011100011101100010011000010011001001100010010101001010101001101001000101101001000011011101010000101010000000010001010010100011001001101010001010011010000101101001100011010011000010100001001010101001011000010101001001101001001011010010001100011101000100101000000010100001100001010100011100101011100011010101100101001001001001101011000010000000001010101001011011101010000100000000
100010010010101010001101010100100010010101001101101000000001010010100100000001100001000100001101000101010011000100101010010011001010010010001001100000011011010100100100000101100011101000011011101001001101001101001001001100010100000101010001000000000000001101010001000100011010011010100011100011011011010011010011011011100001000010000001010010000001011101010010011000011101100101101100
100000011011010010101001100101001101001010010001011001100101100100001011100001010001001011001101000000101011001001101010010100011011001100101100001001010100000101000000000100011101010100001001100101010011100100101101101100010000100001000010001100100011101010011011010100100011100000101000000000000101000000011010011010101101011100000011101100010000011000100000000010100011101000011000
001010000000100011101000101011011001101000100011000101001101001010000101101101101100000001100100101001000000011001101100000001100001000100011001100010011101000101101100010100101100001011000010101101000001010011101010101000010010001000011100100101001001100100011010011100011001011010100011000001000010100001001101010011001101010010010000100001001011000100000001000011001000001001010011
010101000100001011010010010011100010010010010100101010101010000001000010101101011010000101000010101010011011011101100000100001101001101101001010100001000010000101010011001001010000011010100010000010001010010001000100101010011000011100101001001101010010011010010101010001101000100101000100100011100000000000010011010100010100001101000000011100000000100010100001011100000100010001000100
010000011001001000100010001011011001100100010101100011101001011000000100011010011101001000100001101101000100010010100001101010010001100101100100000001011100011011101001001000100100001000100011000000101001011011000100100010010101001011101010001000000010000000101010010101001011101010101011011000100100010010010000011001011010000101011101101101010001101100100000100011101000100000000010
010100011100100100001101100100100101011101100101001001001011101101001000010010101011101000001101011010001101101100000001010000100010000100001011000010001011011011000101011010010011100011011000100000101001011000101010000001010011010010001101011001010011101001001001001010000100101001001100101010010101010001000010100001011000001001011011000011101010101011001010001100100101010101001000
000101100011001010101101001000001000011000000000100000010001101011100011100000001011001000101011100011001001010010000101000010100001100011010000000001100101101011100010101101000001001100100101000010100000001010001010010101010001011000101100000010101010100010001100001100001001100101000101000010010100000011001011010011001011010011100101000010101100010001010011010010100001100100011001
011101011100001001101011010010011010000011100000001001010011100011000011011000000011011000011001001001001100010101010000011100000001101001011011001000011001100001101000011000100100011011101101011011100000010000100000000011010001101010010000010010001000000001011100000010101000101101011010101001100000010001010010011100100010100101000101101010001001100011000000001011101010000001000000
100010010000010100011000101101101100010101000101000101001101001011001001100010101100011000100011100101101000001100100000100101000010001001001000101000100001011011010001001100001000001101001101010010011010011011011101100000000100001001001011010100001001011001010101100010011001001100001011001101011011011100001101001000001011000001010010011100010100101011000001100100100010000000011010
101101001101010001101011100100010100100100101001001010001100100101101101000011010100101010101010011011011001100101001101000011100011100011010101011001101100000001100100010100101101001101000000001100000011000010100100011010010010100011100011100000010101001001010000001010001010000011010011010101010010010011010010101000011100010011010101101101011010000010101100100101000001100100100000
011000101011010000010101000000100101001010100011011000001100100000100100101010101010000100100100010100010000101001100101100000001011101100010000100000000100010010011101000001000011011101000100010010010000100000101001100001101001011010000000101001001101101000000011010101100000101010100101000011100101010011001001011101010001101101011001101100100010100000000001000001100000100011001101
011011000100011001100011000100100000101100100101000101100101000101100001100001000101010010101100001001000101011011010001010010001101000100100010000100000101011011011010011001011000100011010011101010010000000101000101010000011000100100010101010001001000000001000011010100000010011001011011000011010001010101001010001101010100001100100001001001001010000101010011101100000000001000000000
001100101001100000100101101010000001100001010101101000001100001100000100010011001100011101011000011011100000011100001011101100000000000011011101010101001101101101100010000010001100010010001001000101011011100101011010100010001010101000001000100100001010010100001101000010011010011010101000100010001001011000100000010101100101010000101011010101011001010100011000101001100001000100101011
101010000101011101011101011010001001010011100001010001100011010101010100100011000011011001100010000011010001011101010000001101010100010101011010101000001011010000101001101000001011100000001101101100010101010100010010010101101101011100010011101101011101100001010101101011000010101100011011000000010001100011001101010011001010000001100101010101100010001101010011011001100001001010100010
100010001000010100011001100011011001101001010100011011010000100010101100011010010010001010010100010011001011010010010011011100101010010010101010010100101100011000000100101001010000100001100101010100101010001011101011000011100101101000001010010001101001100011000000000100010001000000011101000011000010101010011010010001001011100000011000000011010000000101001010000000011100010010101010
101011011010000011100010000001000011101000100011011100100011010000011010010101101101101010001001000010101011000001101010010011010100000100000000010001000011000100100101011100100010011100100010001100011001010000100101101100000001001000100101001100001100100101100001000000101011010101100011010001001011001000011101010010101100001101100011000001001000000100011010011001011000000000010101
011010011101100001101101000101001101011000000001100000101101000001010011001100101100100001101011011100101010011101000000010001010101000100011100010101000001011100101001100000000000000000101011000010011011000001010011101100000101001101010100101010100011100010001001010001000000010000001011000011011100011100101010101001001010001001001101100101000001011010011010001010000000101101010100
001011101011001000011000011011000010000010101100000101011001010010011011001010101001101001010101001101001100101001000010001011010011100011011100010101001101011001011011001000001010010101000000100011000101001000100000000010011010000100000101000010011100101101011010001010000011000000000100100101101000101001010010011001010101010100100000011001100101101011000010101000000001000010101011
100101011010100010100011010011000000011001101010010101011010100010100100101001101000000000101000101101100011100101000011000011001001010010001100101000101001000000011000010010000000001001101010101000010011011100010100001100101000101010001010000001000101001001010010010000100011100101010101000010010100100010000101000011000001000010010010100010011000001001100011010101100100011011001100
010011010001101010010101010000011101010010000011011101001100000010011101011000101000001100010001101010001101000001001000000001001010000100000000100011011100011100000100000011010000100001101101010100001000101010011000011010000011000011001011100011100100000100101000010011000000001010011001010101010100001010101100101000100011000000011001010000010101011010100000010001001001001000101011
001100011000011101000000101010011000011011001000000000001100000101100100000000011001101101011000001010000010010000011100001011100101011100011011011001001001011101010100001001011010100001011011000010000100010100011101101010001101010010000001010010101011100101101010010011100001010011001100010001010000000000101001100000100100001010000011010001010000011100010100011000101010011000010100
010101100010001010101000100000001001101011000011100001001000001010001100010001001000011011101101011100101011100010101101100011101001100010001011011000100010010001011010000101101011010100010011001100010001011011000011010001001001100001011010000010100100011011011001000010011001001011010010011010100101010100100101011101010101101000000011101001000001000001100010000100000011100100101011
001001000101100101000000011010100010101000000101000011010010101001000000100100011011000010011100100100011010100001101100010011010001001011000011010000010010011100100100100001001010011100000010100101011000010100010010000000011011001000011001000010101010010000001101101000100010010101000100011100011011010101101011101001010010101011000100010010011001011010000000100011101011011100001011
100101011011100000010100100011010000100001101011100001100001000010000011000010000010001100000101000011101101100010011011000100011001011011011101010011100101011100101000010100000001011100001011001001010001000011100000101000011010101101001100000001011101011010001100010100011101000011001010100001011101101101010000010001011011000101001011101001001000011100000010010100000100000101000000
010100001100101101100010010011001010011010100000000100100011000001011101010101010000101100101100001100001000100101010011101101101100100001100011101010101000010100101011101001101100011001010011101010100000010101011011000011100101100011001100100100010001001001011101010010001101100000100101011100011001000000000000100000010011101000001100001010011010001000011001001001000010010101000011
010001010100001010001001100101000011010001100100000101010011001001101001000000100000101011000101001000001010100011010101100001101010100001010101001100101011100101001101000001011101101000100001011011011001000011010100000001001100101000100100101000101011010100010000001010001010010010001011101011011100010100000100011011101010100000000000101100001100101000010101010010100010100011010011
100001101010000101010101010001001101011101000101000000100100000011100101000011011000100011010010011000000100000000011101000000010101101000100011001011100010011011101001010101101010101011011001000001011010001101010101101011001100000101010100100100010100000011010101001001101011100101000100100001011000100010001001101011001010100100000011011000011001101010011101011000001101000010011011
001001100011010100101000101100100100011000011010000000101100001101101001100011000100100100101010010011011011001011000100001011011100101001011101010100000101000010000000000001011100000101011010001000101100101001100010011100010100000000001001011001001101001100010101100100011000100001101001010100000010011010000000000100100011000101001100010101001001011010001010010000011010011011101101
010101011011000100001010101001101100011100101000100001000011010000100001100000011000000001101000000010000101001101001001101001001010001000100100001000001010001001001011100100010001100001100011001001011100000000000010001000100101011101100101100011100100100100100000011011001010000010010000001001010000100000001001011100010011100000100001011010100010010000101011001001101101000101001001
011001100101100010001101101101011011100000011101001101100011010100101101100101101100011001011101001100011010100000101000011000011100000101000010101010000100000100101000001001100101101001010100101010100101101010100010001101001010001000000010001011100100101010001000011001101100100010011100101100001010011100011010000001100100011101010001010000000100000000010010011001000011011000001011
101000010001101001100000010001010001011100100100011010010001011000100011100001100101010001010100100100011101011010001101101101010000000011101010010001011001100011001101100101000100001100101010000101100010001010100000100100101010011101011010101010000011000010000000101010001010010100101100011000001101000001010011000010010001010001000000011101100010000101100010000100011010011100011000
101011010101010001100000001100000101100100100011011000010101100001010010100011100101000101010001100101011011000101000011001011100001101011010000001000000101100010010101011010011001000001010011000101101101100011101001001010100100001000001100001010100101101011011001001000010010100101101001001010011000011001011001000000101010101101101100001101001001101001000101100001011101000011001101
101011101000100100000000101010001010001011011010100001011011010100010011000000000101000001010100001011000001010010100010010100011010000011000010000101101011001100011001011010000011101100011001101001011000001100001000001101101010101001011101010000101101100101000101001100010011101101001011010100001001101011000011100000010001011011010001001001011100010011010011001000101101000011010001
000101010010000001001101010100001000000010100000101010011010101100010001101101011010011010001000001001101001001100100000101000000010010010100010000010000000011011100001100011011011100010101001100101001010001001101001000000010001011101011001010011100011101001100101010011100011001010010100010000000010100001101010001001010000010000000000000101000101011010000100101001001001101011100011
100000001010001101000101010000100011101010000101100100011010100100001010100010011010001100100001101100000011010010001101011010101011010100011100100101100001100001101101011000100100000011100001011001000010011010001010001010001100101101011101000101000100011100101011001000010000101010010100010000010000101100001100010011000000100011001101100100100011100011001000010011001011010100001010
011100010011001011010001101011010011100011010001101010101101100001100000100001000010010101011010011001001001000000011000001000100001100001001100010011010010101001001000101010101101000011001000010000100000001011010010000100010100001101001010100001011101000100101001000000010010100100010011000001001010100101100000011011100101010010000001101100001000001001010001011100100101001100000100
100101001010011100010001000101010001100011001010011000100011011010010000100000000100101001011001001100001001010011100010000010101000011000010001000000100011011000101000011000101000011011010101001001011100001000100001100001000000000010000001011001000101001001010101011000001100001100000100100100101011000000100100001010010101011011001010011011010010001001000100001011010001011011000010
000011100101011010011000100101100001000101101100100001101100010100011101011100000100100100001001000100011010100000100001010000010010000100100001101010100100010101010000010001000100101101011101010000010010001011101000001010001000101100100101011011000011100001001100000001101011000011010010011001101000100000101000101010001011010001011000001001000000101000010100011000010011010011101010
100011101010001000001001101001010100101001100010010000000000100000000100001010011010010010011101010011011000100011010011000000001101010100011000010100000101011010000101010000000001100001001000000100011100010100011001001001010100101011100010001100000010000000101001011101011100000010001011101011101010000000101011100000001001101101000101010000010001001011101001010010010001001101011000
000100000011000010101100000100010001001101100100010100010001010010100011011100100000000001100100101011101100000101000101101011100100000010101011010000000010000001010011101100100011011000011000000001010010101100000010011011000001001000000010100011101100010000010100100011011010010100011010101100011001101100101000100011100011000010001010100001000001101010000100100100001101101010001011
101000010001101101100100011001010001001100100100011000101100101101010010000011000001011010010001101001101000100001101000101010011100011100000001000000000000011101101001001000100100101000011101100001101011100001101001101001100001010001101000001101010011011000101101000100011000011100011101010001011010000101011011101010101100000101000001101101001001010100001101001011010010000001001100
001000010000001010001010010100100000011101101101000101010011101001100100101000100100001100000011010000011011010011000101000000100000011000011010010010001100010011100011000010001010001010101010000010001011010101010011010000100010010101011101001010000000100011100011000010100011011001011001010010101001100000010101011011101101101101101000001001101011011011000000001000010001101101010000
010000011000000011001100011001001101000101001011100010011100011011100101101101010000011011100000100100010010001010101011000000011010011010100100010100001001101000010001001100011101001011000100011100000100010001010010011100011010010011011011100101010010101000100011101001000011101100100101011100010010001011000000000000011011001101000101101000010001101000101101101101001000010100011010
101000011001000100101100100010010001011101001101101010100001000000101010001101010011101001010000100100100100100100100010011100100000000011010010010011010100011101011101011000000100011001010011011010001000101001000001011101011000101101011010011101100011001000000010000100100010101000000100010001010000010001000000001010100000010100000001001001000100000011101000000010001010010011010000
011100010010100011001011000101000011000010101001001000101101000011100001000101011101100001001010000100001011100001010001010000100011100011000101001011010100101011100010101100101011001001000011001100100001010011001010010001010101011100100011001101000010011010010001011101000100010101010011010100001101101000011101011101001010000101100100011001001000100101010011011011011010011100001000
011100001000001001000010100001010011101011101001100100011010101001100100101100000100101011000001001101011001010010100010001001011101000011000010100100010010101010011000011100001000010011000100001010101101101011011001101100010011011001000001101010011000010101010011100011101010001010101010011101010001101100101011011100000001101010011001010010010001011000101100100011011011101001101100
100000011000011101000000101011010000101010001010000101010010101001011011011000000011101001011000101100101010010000001000000100010101010010100010100010000011100001010010011000011000001000000101011001100000101001000100100000100000000011000001001001000100011100011011100001001010010001101001101101011100101000000000010011000010100010101101100000000100011001010101100000010001001001001101
001001101000100010011011000011101000011011000010011011010101001100010000000000000101001000010001001011010010100011011010000010100000101000011010100100100011011011101001000101001000100101000000101000001101101100100101000001000011100010000011101101011011010000001001101011101000011001011000011000001011001100010100101101100011011011001000101101001101001000001100100011101011000001101011
000100010000011101000001101101010011100100011101100001010101010001011011101101011010000010000000011100010000010100100010001011010010001001100010001000001100000101100001001101101001100000001011001000011001101000010100001001100000101101011000100011100011100010010101001000010001100000011011100010100011101010001010100010010000010001000010011011101001010101001011101101101000010000011010
011011100100010001000100000101000011101010010100000010011011100001010001101010010010001000010000001010000010101000011010000001011011101101010100101011011001010000010100001101001011010011011101101000001100000100100101010010000000100011101001001001101100010010011100001000011100011010000100101010001010000011001011001101100011011000010000000011001101100011100100010001000011100000101000
010101011001010010101001101001100010001010011010000100000000000100100001101101000011000100010010101010100100100100011001001011000011001001001100001100000010101101000001010001100001101001101000010101011011101011010100010000100101000000011010000011101001001011000010011101100011011100101101001011101101101010011011000001000010010000000001101100011100011000011100100010010010000100100001
011001101101000101000010010001000000101010101001010010101011000011000000101000100101011000101010011000001100001000000001011010001001010000000101100100010010000101100001001000101100011000001101001010101001010001001001101001010101101010010100011011011011001000000010001011001010011101101100010010010010100011101001000011000000011101101010000010010000101001001101011100001001000010100001
000000101011010010011011100000001101000011100011100001100001100100101010101001011011000101100001011010011010000101100100000101101101101011000000100000011010000011000100000011010100100011011010100100101100011011101101101000100011001010100100000000001010101100000011010001100011100010001001001000011000011000100000100100011101101010011101010010000100010000011011101100011001100101100001
000000101000000101100011010100100001101010100011100101010001001010100011001100001001000101100010100000100000011011100000100010001100001101100101101010100000000000010000001000000101000010010100000101011001010010101000100100011010011001011101011000001001101011101100011011100011001010011000100101100001000001001011011100100000010011001101011000101100001011101000101010010000011101100001
100011010010010000000000101100001011101001001100101100100010011011000101010101010101000011010010010001101011101011100000011100010101101100000010000100010100010101001010010010001011011100001010011011101000001000001001101100101011001101000001001010001011101011011101000000101000101000000101011100010001001101000001001011010101001001101101101001011011000000000100000011101101001010100011
101001100100100010011100101010101001000101011000101000100011011010000000010100011001001101010001100011100000010000000011001001010100100011000010010011101101001100011000101000100100000011100001101100000000010000100001101011101011000011000000101101001011101000101100101010100000101101010101000000100001000011011100101010010101011101000101011011100100000101011000100001000000011101101100
001010100000000011010001011010000011000011010011100000100011010001000100011000101100001010010010101101101000101000100010100010010101101011011011001001000001000011010000001010010011000001011011100011100011100010011011011100001001000011101000100000100010010011100010101101011010101001011001101100100011101001000001000101001101001001101101100001100100001010100101101010001101010100001010
010000001010001010100010101101000000101100101100101001011011101010011001011101000101000001010010010010101011011011010001100100010011101101101011101100001010010010101000001001010100101101011011101010101101001101101000001000100011001011001011010011101011101001010100001011001011001001101001001101000001010100010011010011010011001001010000011101001001000100101000101101101100011100101100
011101100101100011011001000010100000011000011001101001000001101101101010011010010010010010010011100001101001101000010101011000001010000101010000011100011000001011100000101010010010100101000001100010100101101010010001101100101011010011001011010101011000010001011010001001011000000010101001011001011100100010101100101011000010011010000001000001101010011000101101101100011011000000101011
001001001001100010000011011001001011101010001010001011001100000101000000000000011000000101000001010011001001010001000010001100010010010100100001101101000001100001101100001010011000100011101001100000011101011011011000010100100001001001001001011101001101001100000101100010100000010101000000011001001001000101000001010001010000011010010011010010000010011011000001100101100001001100000011
001100100000100000010000100011001000010101000000001011001010101100101101001001101000101101101100010010011001101011100000011011101000001001000001101011101101010010000001001010100100000010001000100011100000101000000101010101101011010100101001101101101100101101100101100101010101101011101100100100010000011010000011100001101100011011001000010010101100001010010001100000011000010001011001
011001100010100011101010010010001011000101000010000010011000100011011010000101011001100101011100000101010011011100001100001001100000100001100100001001001100000001101011001010011101000101100001010000000000010000000010000001011100100100100011011101100100101010000011000100101101101011100100001000000101011010000001010010101101000000011011100011000011001010011001011100011001010001000010
100010001000001001000010001011010011101000000001000001101001100011000101001010001011000000010011100100001001001101010010001011101101101011000101011001000100100101001101001011011011101010010010100000101010101011000100001101101001010011100011001100100010010011010101100001101001011101001010101100011101100000101001010000010010100011101011101010010000011000100011101001101010010010001000
010101010100000001000011000000000101100000101000010101000011000000100001001001100000100010011011001011001000000000000101000010100100001000010000011000011000101101001001011001000000010000011000101000011011101101001011001011010000101011011101101000010001101000001100101100100100100100100001100011001100001100001001000011101101011001101011010000001011010100100001100100001001100010000101
000000010000000101001001001101001010010001001000000001011001010000000100000011100100010101000010100001001000101101000010011010101010001100000100010001010001101001011101011001000100100011011011010001000010000001100011010100000000010011001100011000100000011101000100010010101100000011000100101000000011000101010000100000000001000101010100000100001000101000101011010001011101100011010000
010000101100101000010011010000000001101101101000011100101100010000010010101001011100001000101000001011000100100000101100001000101001101000101000101100001011011001001010000101100011101100101101011011000000001100000011101000000101011011101100000000010010000000010011010100100000011100100010100100011010000001000000000011101001011101001001100100011010001001011001100001100101000001101101
101011101100001101011010001101011101011101010010000100001011010101000100101001011001001000010011011101100001010100001010001010011001000100100010010000100101100000101101000010101011010100010011011011100101001001000010100001100000011000000101011100100000010100101101100000010011011000000001000000100000001011001100010010010000000100000101000101000000101001000101100100010001001100100101
011001000000000001001101010001001100101000100100000100100001100000000010101001011011100010100100100101001100101010101000011011000000100000010101101001001000000101100000000100010101100011010100011100000011100101101000001010001010001010000101101001010010010010010001001000101000101000100011100001010011010101010010010101101001000011001010011001011101011010100101000010100101101011100001
001000010010101011010101100001101101100000001010011101010000011001001011100001010000001011011000001100101100101101001010001000011010000000100010101000001101100100001101001000101011010011001011001011100100001001100000011001101011100000000010001010101101000100010010101010101001001001010001011010010011000101000001001000101000100101000101100010011010001100001010101011011000001011000101
101100001001011100010101010000000100100100010100001000010100000000010011011100000101101000000000001011000001001100101010010001100100100100000000000001101001011011101011001000100100101001011000000010011001010011001010000101011000011101101101011101101001101000000000101001010101101011010000100101010000010001011101000010001010100001101000001000001010010100101010000101100011100001101100
100000101011011010100001101101000011101001101010011101101010001101011011001001000001010101011100101101001100001100001101101011011010001010001100001001101000000000010011100000101100100001010001101011101100010100101100101010100101011001101000100101001100001010101100000100000101011000010010100000011010100001001000011010010000100101100100100100010101101011100101000001010010000101001010
010100101100100011000101100001101101011000011011100010001011101011000010000001011001100001000011010000000001010100010001011101101100011100000001001011001101010010011011100100010010000000001010001011101101100011011000001000010011000101011010000011010100101000100010001000010011101101100101011011001000011011000000011100001100001100011001101100010011011000000001011100000010010001101000
001000000101010010100101100101011001001100101000010010001011001101011100101101100000101101010000101101101001100011010011011010100101101010010000000101000001000100001100000001010011101000010100011100011011100100101010001100100010001010000001000011011000001000011011100011001010101101101000100101101001010011001011000001011100000010000011101001010100001010000101011000010010000100100001
011100010000010101000101010000001000001011011011001011000101100100101100010011101011011100101101101011010101011011001011101000101010000011000011000010100010001001001001010011011000101001000010100001100100100000101010101011010010101101001100001001010011101101011010011000011010011000010010100100001000011011010011001101011101001000001001101100010100100101100010010100100100101001001011
001011100100101011100100010010000100010101010101001010000000101001001101101011101100011101010101101100101101000010100010001101100000011011010010011010010010001011010101001000010100011001000000011011000001011101010010010000100101011011011010000010001011001010000010101101010001010001000001000100001001001001001101011010101101000100011100100010011010001011010010100100010101101010000001
001011100010100100001100001011000010000010010100100100000010001001100101100011011100011000100011101010001001101011101010011101010011010101001010001010100100100100001000011010000001010100101000100101000000010101100101010101100100100011010010101001010010101010101010101011101000001100011010101000100010011001010010100011011000010100011011100101010100101000010000000011011011011011010011
101000100001001000000010101011011000000101100101011101100100011000000011011100010001000100001100011000010001010001000011100010000000100010001011100011101011010011011000010001101000000001001100011010001101010011100011010001001010101101011011100000010100001000101011000000100001010100011100000100011000010001101100001001101010001100010010001011101011101101001000011100011100011100100101
100101100001100001101101000011011101100101100101001001000000011101100101100000101001101000010011101100000101011000010001100001100010011101100000100011101101001100100011011010011001000001001011010011001100101010100010001011101010101011100010101010010010010100000101010011101001000010101001000000100100100101001011011001001010011011101011001101100101100010001010100001011010101100000011
000001100011101101011101001101011010100101101001011000010010001001100011000100100101100000011010010101001001101000011101000101011011001010001000011100101001011101100100101011011010101010001000001010101001010001010101010101010010001000001001000011010100000010001101011001101001100101011001100100011011000100101001001011000100001000010101010010001010011011010001010011010101001001011001
100101011011010100000000000100011100000010010101011011011010010010010011100001001011010010000101101000100011011010011100101010011011000010100011001000010000011001100011001101011101010010010011000010100100010000010001010101011011010001000101010100010000010100011100000001001101011100000001001011000000010000000010100001101000010101101100011001001001100001011001000101000100101100010101
000011100001011001001010000100001001010000000010001011101101011000100010011000000001010001001011011010001000001001001010101011000010100011011101001000101000010100101001011010001011000101010000011010101010001001001100010100001100011101100011010010000000001101001010100001001100100101010010101100010000001000001101011001010011011000011001101101101100011101101001011000001011000100011011
011101101011000010100100001001001001011010011000010100101000000000001011011101001001101000000011100001000011011001100000100011001001000100001011000100101011101010100001001101000010000010010010001010001011001101011100000010100001011101000001000011010000010101000001100000011101101000001010000011000010010101001010101100001010001101011100100101001100011101101100001001010101011010101001
100001001000100100011011011101010101100011011001001010000100100000001100001000000000010000010100011000001101101001010000010101000100010100101101000001100011001100011000000100010100001001100000010010000001100011101000011100000001101101010011011101011000101100000101101000100011011010010001101101100011101101011001010101000010000000001011011010010010100011011101100101000101001101011100
000100010010000001101011000100100100001100010100000101000101000001100101000100000001001101001010000100100001100010001001001001010000101001101011100001000001010000011010000001010001101011101011011000000100001000010011010001100000010001101100010100001001010001101101001011101001010011001001100000011010001100101101000100001010001100100010000011101010001001100011011100011011101100001001
011011001001010001010001001001010101100011100011000000100100100100011101000101101001011001101101000010011000010001011001010001011001101011001011000001101100100010100000101000101000010100001011100100000101010000000101001011011011011010010101101011000000101010001001010011001000000011010001001011101100100011010010010001100010010001100010101100101000010001010001011001101101010101001011
000000011001010100101001100001001000100011001101011000100001100011011011001010010100001101000011100101001001000101000101010001101011011101010101010000000011010001100100100010000001100010010011010011000010010011010000000000101000100011001010001100101100011010010011001010000011100011010101010010011001101100010001001010010100011010010100011001000010010101011100001101000101011100000000
011100000000000011100001011010101011101000100100001001011011101000000010011011011011011001100011000101010100011010101100101001010000001100001011100001001010101100101010000010001000101011010011001010011100011001011101011101001011010010000001001100010100101011100010100010000100100010011000100010101100010010101100100100001000011000100010001001101101001000001101011000000000000101000101
001011000100101001101100001010011000100001011000101100001011101100000100101001101101100101000011100010001011010001010010011101100000010010011100101000100101001000001001000000100000101100000100011011101010011010001100000010001101011101000011001100001010100001011010001010010011001101001100000010101011011011101100001001101000001000101011010101011001010000000011010101000000100011100100
011001101010011010001101000101010001010101001001011001010011100000010001101001010010001011101001001001100101001101000010000010000101000001011101000010010010010011010011000001100000101010010101101100010100001000011100000000001010011011010000000001001010010010001000000010001101100010001010101011010001011101000001000100011100100001101001001000000100000010100001000001010101011101010010
011100001101001011011101101001001011010101001001010001000010010101010101010000010000101001010011001000100100010000011101000000001001100001000000010001001100011010010001101000001010001010100000001011001011010000011011101001100011001010000010001000011011001101001010100010101011011000101100010010011101101010100101000011101100000101011100010001000001000010010001011100010000001011010001
000000000010100011010000100101000000101001011100011101001000011011000001100000011010010000001011100011101011101011011011101000100100101101000011001100010000011010001011001001100101011100000101000010000011100010010001100101010011101011011001100001101010101100000000000001100101000011100001001100001010000001001000011100100010000101101011010101011101101011001101101010011011101001010001
001101101011101011001011100001101010000100101010101000000000000010011101001010010011100001000010001001001010010101101010000010000101000011001101000001010000010001001010010100001101100001000001010000011000010011001000100011000010101011010000000010011001000101100100101000010000000001001100000010000010101100000001000101101000011010010001011000101000101000010101000011101011001001010101
000010101000100011101001001000000101000010000010001011010010000101000011011101001011000011101100101011101010000011010010011011011101100000011010101011101100011011011000100011000101101001011000100100101100100000001011001100000010100101101011011011000101011001000010100010010000010000011010001011000100001010001101001101101101001011011100011100101000011000010101100101001000100000001010
101101100100001100000100001010000001000010011100000100000011001101011010000010100011010001010010000101000000011000101101001011100011001101010101010010011011000011101001011101000010011100101001100100000101000011011000101011100001101000101011101011001010011011101101001001100001001001100000000011010011001011101100001100101001100100100001001101100010101100010011100011000010100100010011
001000100011001010001001010010011000100011011001101000001000100010001100101010011101000100010001011001001101001101101001001011001010001100101001100010101011101101001100100100101101001001000001011101001100011000011100010010010100000100001101100010001000010100010001001101011010101101101011100011001010010011001011011000010000000000001000000000011101010011100011001010011101100011100100
000001010101001100001011001010011001101001000100010001101010101101001010100001100101011001101000101011000010101010010010010100001100100011001101101011011000101001001011100101100101101000010011001000010010010001011001011100001000010010100010001101100100010100001101010011100001011100101000001010100011010100001000011000010100010100000101001011000101011001100101010101100011000011001001
011100001000100100001010010000101101001101010000011010011010010011000000001010011000000010101010011011011011011000101100001001011000000101001101010010000011100100001001010011000000001011101011000011100101011100010011000101001001000001100010011100001101010100101001011101101001001010100011000000010011010001010101011101000001100010000011011001001001010000010010001001101010000010010000
010100101100010001001000011100011011001010010011011000101100000000000011000100101010011000100011101100011100011010001001011101000001011100010010001011011001100010101100101000001011011011001101000011100101001100000011010001000011100101001101101000101001000010000010000100011001001010010100001101101001001100001101010000011011011001010101101101101011011010010011000101000101100010000100
101100000000100100000000100010011011100101001001000011010101001101010000100011101100010001001001001001000100100000010101011000010101100000001010101001011100011010101101010001011011010101011001101100100100010010001011001101001100000001100001101100000011010011010010010011011010101100000000000010011101100011101100000001101000011101001100100101000000101000010011000001011011001010011000
010001011001001001101100010001011000000010000101100010001000100010010011011100001010000100001001001010011011010000000100001000010100001100101011000010000000101001011101100000100011000101011010011001101101000101000000010011101010010000001000011011001010000001100101100101001001000100010010100011000101010001010101101011000010101000101011000001101100001101011101100001001101101001011001
000001000100101000001001011000101011100101000010101001010011011000000010000000001011011100000100011001100000101001010011011100000001010001100011101101001010001000001001100001101000010000010010011010010010000000101011000010011100010011001010011010001101000011011101000001000000001101011011101001000101101010010011010011101000011101100000010010101001011011011000100100100101101001100011
100000000010101011010011100001010101010000101000100100011000001010010101101000010000010011001001100100011100101001001010100011010010010001010101001000001100000001011011011010010001001010100011100100000001100101101000101100100011000101011001101000100010100101101011010101000001010011010101100010000101101100010000101011000001010001011010001000101100010101010000011100101011001000011100
100101101001010011001101000011001000000010101011000001000001100010001100010100101011101011101011100001010100000100100000010010010100000100010010101100100011001101000101000101100101000101011011001100011100010001001011101010001101010100000101000100011101100101100100101010001010000010100001001100101101001010100000001100101101000001011001001011010011100011100000100001000001010001011011
000010000101000000100100101011001101011001101010100010011011101000000011001100001100100000001000001010011101000001100000101010100101000010010100011000011011100011011101011011101000011100000100010001100011011010011010101010101100100010100100001101001010101001011100101101100011010000011100000000101100100001101011001001010101011100011001000101101101000000001101001101011101001100010001
011010101010100000001001100001101001001000101000011001100000001000001000011011001010101011001001011101010100001001001001100010011101001100101100011100100001001000010000001001101010011010000100101011000000001000011000011101010011010000001001100011001010101000000100010101001001011100000011001010101001001001001100011000010101100010001011001001100011000000001010100000010000011001100011
101010101010001100010001100010101100011010100010011010101010010010000001100000001000101010101100001011000011101011000101011011011010001011001010100000000001000000100001000010011000101101011101011100001000101011101100011101000000000010000000101000101001000010000010011100011001000010010100001001000101011000000011011100001100100101010100000101100101001010011000011100011010010101000001
001100100101100101101100001100001001000001011010011011101010001001010000001011000000001100100001011011001000011001101010010100001000001000001101000100011010001010000011011001001011000011101101010010101010100011101100100011001100101010010011101000010010001100011101001100100001011000011010011010011010000101001000010010101010000000100101010001000101001001010101100101000010011000100000
001001011101010011100100000100010001001001001010010010011101101000000010000100000010001011011100100010001011101100100101100000101000100100010100100001011101000101011000011000000001001010001001000010000001000101011010100011010101101010101100100101001001100101101101011011100011011001000000100100101100100101101011100000010100010001100001001001100100101010100000010011011101011101101001
000000100011011011100011001010001010010010100010100001101010101001100001100000001000011011000100100000001000101001010001101010011000011010000100001001010010100010010010001011011011101011101101000011010001001101100010100011011000100001010010011010001011011100010101101011001010001000010001011100000010001011001001010000100101011100000100001100100101001011001010000000100100010001101010
100011001100001001101101010011101001001000100101101101001001101101011100010001001100101101001010001100100011011101101001011011010011100000001011100011101101011001001011101001011010010000010100100101101100000001001011101000001100101011000011011010011010100010101000100101010100000011000001100011100001010011100100010000010010011000011000001010101011001101000010100010010101000000100011
101101001010011010010010000000100100001100100011011001100100000000101001101100001000010010011101010101001101011011101001000010000010100000101100100000011011100001100001010000011100001100101011000011001010010100100011100100101000101010001000100000011101010001000100010100100001101101011011100001010101001100000100001000001100011011000101101101010001010001000011000101000011101101011011
001010001001101010010000000011101010100010000010000101010011101100010000001000011101100010011001010001100010010101100001001101001001001000011010001100001010001011010100001010000011000011010011000100000101001000010001100001101000100101001001001010001100001101011101011100010000001001101101100010001101010010010101101010011010100000011100011011001010101001101101100000011011011000000000
001100000010100001001000011001000101000000000101101011101001100010101010010000001001011100001011010010000010010001001000011000101101101100011100011010011100011010010101011011101100010101001000001000100100010011011101011000101100100001001010101010010100010100101011001011001000101010100010100100010010001101001101000101000000001011001101001010000000101100010101101101101100000000010001
011010001011011010000100011001000000010011000101011101000010100000101011011101010010000100010101000101000011011011010101011011000000100100010001101000000001100101101011100101000101100011101001011010101100000101101100011010001101011001101010100001000101001100010010000010010100000011100001001010010100000010001011100010101001001010100101010001001100100000001011001101001001010001000001
011000101010011011101010010000001101010100011101011101101001010000001000101011000010101000100011011100001000100100010011001001000011001011100101011000100001100011001010000101011000000011011011011001010100000011011100101000000010100000101011001011000101101100011100100010000011011000010101000100101101011010101101100101000000011101100010010000011000010000100010010000101100100011011100
100011100001010010001010001101101000100000000001100010000000011011011101010010011000010100100011000000100000000001001101011000010001011010001100001000101101010001101010010000000010101101011010100001010011101001011011010001010011000000001011000101001101100001011001001000010101101101000000100101011100011011001101101100101101001010100100100000011010101011101000101011011101010001011001
001011001001011100001011101101100100101011000000001001001000011010010011000100001010001000101100001001010011011001011010001010100000011000001010010101011001001001010011100011011011011101100100011100011010010101100010010011000011010100101001001100001100001001010010100011001101101100001011011001101000001010101000000100101010011000001101001010010010101010000010011100000100000000010010
100011001011001011100100100101011100101101001100100100001011010100001011101011101001100001100101101100001101011101101011011010011101101011101101000001011011000011011000010010100000101000011010010100000100100000011100010011100101000001100010101100100010100000101101101101101000011000011100100101001000001000101001000011010011101001000010010101011011000100100100011101101100010101001100
011101010010100001010001000000100011000000101100100001011001100011010011001101001000010101100001011011001000000001010000101001010010000000100101001000011001000001100100100001100100100101011000011010000000010000011100000000010001101101101001101101000101001001011000011000010100010101001101010101010101011000010011100100010000000101010010101011100001010001001000011000101010001101101000
100101001010011010001000001100000001010100100000010010011001100100101001000001010010011000000101101010011001101001010001101100010010000010100000000101100001011101101011010100101001000010001100000001100100011000001100100101101011101011010001010010001100010010001000101000101000001011101101101100000000000001001010011000000011001101010010011101000100101001010001001101001011000010100011
000010000101001101011011010100101000010010010101100011001011011101001101001000100101101101011001010010011101010101000000101001100010000000101000000000100101001100000000100010101010011010100010001100011010010100011001010000011001011010011001001001010101101000100010011100001000000001001101000000101001001010010000100100010010101100101100100100001010100010010100000000010001010001100000
010100100000001100101010001101100010000011000011011011100010001011001001010011011011000001010010011100100101001011011010010010001101000000001010101001101011101010010100101101010010001100010001011010010000001010101101100010011100100100010011000000101101011011100101000101010011010000011000000100010000011100010101001100011101100100011000001100011010011000011101011011001000101101101010
101001000001011001000010101001101011100101001001100011011000011001100011101011000011001001000011101101101010011000100010011001101001000011100000101011100001010001001000100011010001010001101010101000011010001000000100101010001011000000000001001101001011010000101000010010101011010100010100010011101011010101011000000011011001100000010001101001010100010011100100101000100011001101101011
001101011101000010100000010010001011011100101100101101011010000101010000101011100001100010010100010011010101010101000100001011101000010101011011100011001010100010010011100001010001001010101101010001010100000010101100100000100101101010000100101000011100011001001100000000010001000001001000101000011001011010101011000101011101101011010000010010100010010010010100000101101101100101100011
100000100001000010011010001000001100101011010011101011000010010000010010100010001101001001100011100010010101000011101001000000010101101100010100100011011100000010101010001010000011101010010101011101011000000010011000100000011000101011101101000000011000001011100001011100011010000010010010000100000100001001000010011010000000001001100001100000000001100001100011101001001010000101101000
011101001100011010100001101100100000100101001011101101000001011100000001101011011100001010011010001101101001101101100101010001100010011011100010100001101010011011000011010000000100010011100010100101011100011010011101000101101011000010000001001000000011001001011100000011000100011000000100001001000100000100001010000011010100101001010100101010011100000001101001011000101011011100001000
010101010000001001101011001101011000101010100100100000101101000011001010100011010101100100010001011010001010001001010001101011001000101100000011001101010000000100011101010001000001101101100101011011100100001001000011011100010100011001001010011101000001010100100000000010010001001001101011101000010100000100000001100001001000100011101000010101100011000001000011010011001001101000001001
100011000011001001010000101101010010011100101100011011100011001010100101001000011011000100001101001101101011100011000001010011011010101001010100000000100000011000001010010011000000011001001011010011010100000000011100100000011101101100101101011010010010100000010000000001011011001100010010001101010101000011001100000100101000011100101011011100100000101010101000000011101100101000100000
100101001100001001011010101101010011101011001011101100100101101000010011100101100100000101101001010011010010011010001101101000101101101010011001101011101100000010101011100011011001010001101010001000000010010101100011100010100010001100010100000100100101100101101100100010101011010001100101100000101100011100100010010010011011010100101101010010010101101010001001010001011100101011100101
010100000010101011010100011011100011001000011010101000100101000010001001010001001001100000010001011011010010011011001000101010101011010001101101100100000101000001011000011010101001100101100000011011010100100010011000011100101011010000011010010100000001010101001010010101001000011000011010001010000001010011000000001101100000101000011101000011100000001100010010101011011010101010000011
001011001010010011001101011011001011001100000100010001100010001100101011010000001011000100101011010011000000011000000011010010101001000000100001011100000010010001011010100000010001001101101011101010101000000010010100100101101000010000101011001000011001010011011011000101001000000001011011000000101100010100001100011100010101001101100100000011010011100000011101000010101001001000001100
001010011011010100000101101001101010001000011101011000001001001010101100100100001010010000001000001011000010010011010101101101101011011100000010100000011100100100000100101001010000010101001001001000010100010100011101100101101000100001001010001001010011101000101011011101100010011011000100100101011100010000000011101001100001011001010100001011100011001011000101101001000101100001011101
001100100001011000010101010101100010010010001101001100010011001101011000101000010001000010101101001001011100011000000010010000010101000010000101000000001001101001101011001101100000000001101011100100101001011010100010100001000100010010000000010001100000001010010010100000000001100011100101101101010010000000000100011100011100001010011100011001101000010011001000011000001000010101011001
001100010000010010011011011000001011001100101010101101100010100001001001001101011101010001010100000001010101100000001101000100100101011101010001100010001000001101000000000100001000000000101010100100000000010010011011011000100010100101000011001101001100010010010011101000000101001000101101011100011010100011010101101010101011011011101001101011010011100010100101001010100000101010011011
100000001011100010100010000010000100001100001101000010011101100100011100100001010100101100010010000101011001101000000000001010001001010101100100001001101011001000011011000101100100101011010101100000100100001011100010000010011100001010000011011001010010101011011100010101001010000101100100101000011001101010011001000011000000101001000101000001010101101010011101101100100011010011010100
001000101010101011010000011000001011101010001010100001101001011100100101101000010001010010001011101100101101001101101100101000100011001000001000000010011001101101001000010011000100010010010011010000011100000000000010001101100000000100011100100100010101001100000011010101001000101010010001011000000001100000101101010000100000000100000101011010001101000001011001000010000010011100011011
000011011010011001000101100001101100011000100010011010101100010000010001011010000100010001010011000000100100001100011101011010101011001010101100011001101100100010010100010101010011001001010001011100100101000100101101001100100001101011101000000000000000001000010010001001000101101101101101100011001100011001010100000100001011010101101011001100000000000010100000000011011010000101101100
010010100010000101011001011100000000011010011000010100000001010001011101010101001001101010101010010001011000011000011001011100100100101010000010011101000100100010100010000001101010100010010100101011010101001101011100000010010011101000101101101011011100001000000100101011000011010000100000100100101011100100010101000011101100101011011011101011101101101000100000101011001101001101000100
001100011100001101011001100100011101000010001101100101010101001101000001000000010010000100100101001011011100000000101100101100101010010100011001011010001010001100101000011011101101001011101101000000010100101101010001101101010001101001000100101011101011101100101010000101100010101000001100001001010011000001101000100011010011101001001101101010000101010010000011010001100100001000000000
000010000011001001101000101000001011100001011010010001010010100100101101001010100010001101011000001100101101010100100101011001001101100000011010011011100010101010100011000100000010011010001000100001011101000101011101101011001001101010101010000011101010001100101001001010001100100101101000001011101001010101010001100100000101001000010001010001101100011000101100100000000101011000100011
100010010010000100000010101000011000011011010100100001100100100001011101001100100101010011001100101010101011000000011101011101100101000011001010010101010000100010011010000011001100000001010101101010101011011010100100100101000011001001101010010010000101100000000101100011000010100100100001010010010001010001001010010010001001010101010100011000011001001011100101001101011010011001000000
010000001010001011000000011010001001001000010010011010010010101001100101001011101011011100100101011011011001001000011100000001010100100101010011011000011101101000101100010000101011010011000010011101101100100010011100001010010010100000001010000010100000010010001101101101000100000101001000000100101001001011001101010101001100100100000001010010001000100001011001000101011000001010100010
100011100010001101100101101000000100011101011001100001001101000011011100011000101010101000011010011001010100001001000000001000101100011000001101100100101000010000101010011100101100000101100000010011101100101011101100011101000101001010001100100000101010011010001101100011001010000011000011100010000100011011010001010000101010000010100001101000001101100000101011010001011011001011101100
001101100101001001001100101011101101100101010010010101101010010001011011000100001000101100001101101101100000100101011011000100011001100001101001000001101101100000000100101010101000000001011100100100010011010010010000100000101010000001101000010011001001010100010011101101101001010010010000011101101001010000101000000000000100001011000001011101011100100000101100011000011001101000000101
100101010010000001011011100001001100000000001011000010000000010011100010101100011011000010000011011100011100011010100100010011011011011001010101100100000101101100010001000101000100011100101101001010011001001001100001011001001011001101001011000001001011010001101100011011101011100010100000010100101000011100101000101010000011101011001000101011000100011001101101010010010010000000011010
000001101101010101010001010000000010100100100000101010000001101010000100001000000011011001101101100010011001011000011011001010001001011000101000011100101000000100011001000011001011011001010001000000011101010011100011001011100100001010000011100011011001001000001010011101101011000101001001001101000101001010000101100011010001100100100000001101011001001100100100011001101001010010000100
001000100010001100001011001101101011010101001000000101100001100011101101011001010010011100000010010000101101101101000001101001000011011011011100011101101010000000011010011011000010000010001001001000010000010000011000010000000101010101101100000011011101001100100011000100100001001101011101100010000011000011000011000011010000011011010010001010101011100100001101000101011010010000010010
101100100010010011001010100101101000010000101100101010000101010010011010101010001000101100001001001101010100101000100000001001000000101100010010011101001011001001000001000011000100010100010100101001010101011001001010001011011000100010010011011101100001100000001000100000001010100101101010011101010011001001011100000100011001011010010010000011010010101101001000100101101011101011101100
100011000011001011100000101001100011001000000000001011011001011101001000100101100100011101000011100000011011101100010011001000011001001101001000010100011100011101011001010101011100001101101000100001100100001101001001000011001011010100000101101101101001101011101101011101101001000010100101100011001010100101101100001101101101100101100000011101100101001000001010101000011010010100010011
001101010010101010000100000000100000011000100000000011001001001011001100100011001100000011010011010011010101011101000001011011100001011010100001011000100101011011000000100101011001101100010001001010011010011000001000100101011101000011011010000010000100011100100000001011100101100100100100101001001000100100100100100100000100001001000010000101010010000100010101010100100000011000001000
101001000100010010001011010011100000101001100001000100000100000100100100101101001001011011000100101011101011010001000100011101001101000000000000000010000011010100010011001011101100001001100000001000001000001101011001101001001011011000000011001011001010011001010100001100000000011001000000100100101001011001001011100000001101011011101010100010100101100100101011000010000100100000010011
101011001100010010010101011000011010001010100001010010000100010001000010010100101101100011000100000010101011001000010000101000000000010001101011000010011101011100101001000000000001100010010001100001100001100101001001000001101001101011101011100100000011101001001011100001100101001010000001011101000001000101001101001100101001011010011100001101001011100010011100100010100001001010101000
000010011000010001000011011001001101101011101001101010100011100001101000010000000011011010001010000100100100101100101101010000001000010010000010101010000000000011010011100010101000101001000101010000101101000101010000010000001000010101100010000011011010001010101011010011101101000010000011101010001011101101010001100010010101011101100101010000011010011010010011000010011000101001100001
000101101001100101100010001000011100011100100001101000011001011001001001000001010010000100000101101000101011000101101101000011100100101001011100010101010000100001000011011010011000011010010000010000010101011011010001011011010011011101101010010000101101100001000010100000101010011001100000010010011101100010101101101100101000010000011101010001011101000011000010000010001011011101010000
000000000101010101101000011100001011011001101000010010000010000101001100010001000101100010000011000011011000000000010101101010001010001100000101010101100011001001011100000000010101000001101100101011000010101101101100100011001000010000011001100011101000010100000001011100000100010000011011011100001010100001100001010100100101000011011010001010001010100101011100011001011100100001000100
000010010010100000011010001001000100100101101100001001001010010011001010010101101001001011010011101011000100101010011100010001010100000011010000001100101000001010010010101010011011011101000010011011000001001000010010000101001000011100011101000011101000000011001101000001011100010010101000100000011101101001011001101001001001011011000100010010101011100001011101100000000000101010000001
000101101100001100010100010101001101010100001011100001000011011000101011001011011011000101010010100101101001010001000000011101000010001011001100001101011100000011000001010101000100000001100011101010000000011100101100001001000001001011000010011010101001010101101100101101010100100011010000011010011011000000100001000101010000010010101010101010011100001000010101000011000000101000001100
010001101100011000101010101011101000010010010010011101001101010010000011010011010011101011100010011010101000101100000100000101011011001100010011100001001011010000101010000100101101010010101010000001101001010011001100010001011011001100001000001100001010000000101101001000010101100100010100100010001100000001011001100001101010000100011000001100010100100100010000010010000010011101100011
001100101100101011010100010100100000101000011001011011010001011101001010011001000001011000101100001101100000100010010100000010011011010101101011100000100000011011101011011001000011010000011010011010001001000010011000001001101010011100010001100000010100011010000100001100001000010101101000000011100100100000001011010000001001101101011000000000010101100011101011000101100001101100010001
010101010001100101001010011101011011101101001011001011001010101011010101101101000011100101000101011011010011010100101100100100100010001100101011101101010100001011101100000101011011101010000101011010101101010001000011100001100010001000101010101101100011011010000001000001011100101011011001100000101000011000000001011101000100000001011100010001100000100011100101000011100001100100010101
100011001011001001001001000100100000000000100011100000000000101000000000101001000001001010010100000011100000010011010000011010101000010100011000100101101100000010001000100010100100100100010100011010000010011100101000101001101000001000000000101001100010100001001011010001101010000101100000001000100101100010100011011000011001011011001101101000000011100011101010001100100000001101010011
100000010010001000010010101101010010011100101010010101010001101100100010010010010010000101010100100001000001011001010000000101011000010100100101101001100100001100101001010101000101010101011011010001011010001100100011010100010011001011010010011000001000100010000001100001100011011010101010011100011000001000100000011000001100001011010011100100011001000101100010100000000000011100100000
000000100001010010101101100100010101011011101000011101011001011011100000101101010010001101101100010000100001010001001100000101000010000100010011010100011100011010100001001101101001000100000000101101101101011101101101011100010100001010011100010011101100001100011011011101000000011001010001010101000101000011001001010100101010000101101100001011101100010011101101000000011010011100101011
011001000010001101100010010100001000010001010001000001100100101011100011000011101001010100100001000100010101100010010101000010000011011001010001100001001011001011000010100000001000100011010101100000101000010010001010100011010101001101010100100001011000011010010010011011100100001010001010011100000100101010001100001101001101010100101001001101000000000010001101010101010100011000010000
011010010011010100000010101001001010100100011000001010101010100101011100001010101010010001000000011001100011100011001011010100000000000100001011101010101011001001100011011010001101100010101010100010000011011011101000001001001011010010100000001001100011011000100101010011100100100101100011010100000101000100001101100101101000100100010001001010001100010011000100011101100100100100011001
010000000100101011100001101100010010100101001101101101100010101101000011011100101000011100011011101010001001001010100100010101010100101101000011001001101010100101010000010011010000001010100001101000010001001100010101100101010101101101011011001010000100000010100001011001010010011100101010010001100101010011010100000101001100010100010101001101011010001001101000101000000000101000101010
011000000100001010000100001100100000011101001001010001101010100001100001100000100001010000000101100010010001011010001011101100100000011010001001010010001101011101010000100101010011001010010011100011101101000001011010101100101101000100001101001101011000010001001000011101000010010011010010001101000011001011011010010100100100101010011101101010001101011000010010100100101011000000001010
101101000010101101001011001100011011000101001011011100010100011101000010100101100000011000001000011000100101001101100010010011100011010101010011100010001010100101000100001000000000010101000001010100000001001011100100011001001000001001101011010101011011000010010010101101011000010011010001000101001100010000100010010010011101011100001100001001100000101010011101011010000000100101011011
101010101000001000100100010001011000010001100011100101000011001010100010011100101010100001000000000001010001010010100011011000101101100010010100100011001000100001011011011001001011011000000011100000010011000010001100101001100100001101000101011000001001001100011010010010011000011011001001101000100011101010000011010000010001001001101010010011010000011011010000100001011101001001100000
010011011100001001010011010000101001010100011101100000100100000100101000010100101011100000010001100100001011010000000011001010001000001100011100001011000100011010000101100000000011001001101100001011000011010001000010101100101010011011000010101101010001001000001010101000100010011011101001011100000100100100001001100011001001001001001101000001001100101100000001100000001100011000101100
000000010000010001010001000000101000100000000101011011000011011001011000101011100011010000000011010010000000101101010101001001100010000010000001101000101101100011011010011001000100000100010001100000001000010000001000010010001001100001000010001100000011011100100100001000010101101010000001001000000000000101101100011001101000100100000001101010011001010000011011010010000001101011101010
001010010100011000000010000101001001100101101010100010011101001001011001001001000001100010011010001101101000001000001000100000010000101001001100100000011100101001100000001100011000101100011010001000000101011010100000100100011010001000011010100011000010100001011001011000001010010010001100001100011100101000101000101011100000000011001101000010011000011000011010100011001101011011001100
100101000000100000010001100001001001011000011010100010101001000000000100010101000101000000001001100000010100000010000101100011100000001001101000001001001011101101000001010000010100000011001010000000010000010010010100000011010010011101100101000000010010011101001010000011100000100010100001100100010001001010001101010001011100100011011001000001100011100101000000101100101001001001001001
101001011000010000000101001010000100011010001000101101101011001001011100001010100100001100101010000101000000010011011011000101100001011011010011101011100010011011001011011010100010000000000100001001100100101011101001010011001010100100101010000010011101100100101010101101001001011011100100011100011101011101100000001101000101011100011010000000000010001000101011101010100011001011011010
001101101010011100101000001010001101000000011001011000001001010011011011001010100010011100000101001101101010101010010101001000001000101011000101101010011001011000000011010000101000100011001101010010011000101010000010000011011010011011000011011101101100010011010100010011001001001011100101011001011000001101000011000101010011101011010001010001000010011011011010000001100011101100101000
000011011001000001010000011011001101000000101000001000000010100101101010100001100010001000000010100100011000100010100000010000101010001101101101100100001011100101000010011000010001001101100101010100011100011100101011100000001001001011101011001011000000010011001001001010011100010000100000100001010011011011011101010101101001001000101011001100011000000101010001100100000011100011100010
010010010011011011101100101100010010011001101010010000100000100010010000010010001101010101100000100010101101010101010101100000010101101010100010000001101100000100011001100011001010000011001000101001100010001011010101100000101100010011011101100010101011011011101001010011001100101100011011011010000100100000001101101011101000010000011101010000010100011100010010000100101100001011101000
010011010101100001010001010011101010001000010100000101000100101000011010000011100000000001011101011001100000101000101000100010100010100100010101101101010101100000100010100001101011011100100010000001011010100010100101001011000011101011101001000010100100100010001001101000011010001101101011000100100011010001001101010000100010100011100001000011100101001101101101010011100101010100001001
100000011010010000000100011100100011000010011101011001000100001100101101100011100000010011101011000101100011100010101101010000100001100001001010011100001101100011100100101010000101001101010100100000100101000001001100011011011010010000010000011010101101001101011011000000101010010101010011100011101010010000101100100011100011000001001011001001011100000100011000000000100011010010001011
000101010000100011001010100100011101100000100011100011010010101000100101000000100001100101010000010000001100011011000100100000001100101101000100101000011000001100001011101100100101010000011001100000101000011001001100000010001100100100000010100100010010001011101001011010100011001011100010010011010010011000000011101000101010001101010101010100010101011101100101101011010001011100001011
100000101010001010011010100101011000001011000000101000101011010001011101100011101100001100000101000001011001100011100101001000011011000011011011011101101011101100011100001100010101101011001000000100011001011001001011011001100000011001101001100010010011101010000011000100010001000101011011101100011000010010011010001101001001101000000011101001101000010101010010000101000001001000010010
100010000011010101101101011100011011010100010101010011011100000100011011100010011000011100100010001101001101100100101010100101000011001000001011101100101011100010101010011000000100101011011011011011101000000010010011010001000001001001001000001010001101100000011101000001000100001011011011011011100001011101000011001000100100001101001000100100001010010010010101100000100101100010011101
100001101100011001001011100010011101101101010001101010101010100011100011001101000001010000100011001000101100101010001011101011000100101010011010101000010101000101011001010001000000100000011011000011100000001000000001101101100100010000000100100101001101000101100000101010001101011001101011000011000100001011011101011000001001011100100011001011100010010100100000010010001101000101001100
010010000011011010010010000101101100100100100101101101100010101101101011001010010011000001010101101001101010001010011001001101101000000010010100011010010101011000001011101010001001001011001010001011010000001011100100010001000000101011100101010001000101000100011010011101000011000000101101101001010010011000011101001000100010001001010100000000101101101100101010011010100000010101101100
101001101100001100100000010001001000101011001001101100000100001001010011001011101101010100100100010101101101001000001000100010100011101101001000101001011101011101101100100010101100010101001000011001010010100011010011100001011011000000101011100001011101010100001001101001000101000100001100101001100000001100010001100100010011101010000100000010100101001101010100101010011101101010001010
011001000001101101000000011001010000001001010001010010100000011101011011100100101000001101100011011101100011000011100100011100011101100010000101100011001000011010101100101010010011010011011010011100101010001101011000100101001010000000000101000011011100000101001101000001100011001010010101001101001011011101011101001011010100011010011101000001010001101001010001101010100010011000000000
010000001001100000100001001011011001001101001010101011001101011101101100011101100100000010001100010101010101001100101000101001001101101101010101101101101001100011000001101001010001010011010100001001010011011001101000001000101011100010100011100001011011010001101001100100101000000101100100000000101001001010101010100011001011010000101101101100000010011011011000001100001010011100000100
001001000001101000010010100010011010001001011100011001001000100000010011011100010100100000100011101001001101011000001011101101101101011001010000010100000011001000011000011011000001010101100000011011010101010010001101101011101101011011100011010010100101100100100011010100101100101101101100000011011100000101100101100001001100011101010101100011100011101001000100010011100101000011010000
010011010011010001011000101100011101100011001101011000011000010001010100101101011011000011001011000000010101000101001101011010011001000101101100010101001100101101101000101010010000100100001100101100010100001011001000010011010001101011010100001011100101001001101100101011100100001011000000100010011000100000100010100100000011001100101011001101010010001011100101011000001000010001010101
010101010010011101101000001100001101011010000011001101101101010010001100100010001101101011000101100100000100001011011011000010000000011010010001000001101100100010010000010001001101000100101010011100001101100101000100010010010001010000000101000100001000010011001100000011011101010010101100101000101101001011010100010010011100001001100101010000000010001101010000001100011100011001101100
010000011011100010100011011101011100000000000100000001000100101001011100101000010010011011101100010011010100100010101101001101010101000011010100011010011011010010011001010100011010011001000000000101010000101001101010100001101010010011011101100101010011010001000010011011000001000101011000011000000001000000011001101010000100100011010011011101010010100101011010011100100101100101101001
001100011100000000000000001001001100000010000011000001001000000100010001000010001011010100000011010001100001001010001001101001101100001011101011010011010001101010000101011001011011010011000011010010101000011001100000011010011011010101011000010010101000101001101101011100100101001101001000100101101000001001101001000101100101001100001010011101101000011101001000010100000001101101011011
001011010011001000001011011011011101001011000101010101011101011000010010101011011011100100100000001100001101100100011100011010000011010101101011100000101001010100000000010100000100101101000000000100101010011010011000010100101101011011000101101000100011000101100000010000000011001000011100010001000100001011100101001101100000011001001001010011001011011010100000000011001010010010001101
001010000000010000100011011011100101001000010010100100101101000100101011100001000000001000010010000100000000101001100101100000101011010100100100100000010100100000100010001011010001000011100010101011001001100001000011001010010010010010010010010010011010100100011011100011010100011000101011011001000000100000101000100000100001001000011100101010010011001000000000001100011010011100011000
011101010010011010010011101010010100000000010010001001101000011001010001101011010001000101101101011001000000011000011011010010101011101010101010010101010011101101010011011101100010101001010101000101011000001001011010100010000011100010101000010000001010011000100010100001011011011101010101001101101001000101101001100010000100001001000011010001101100010011010001000000001011101011011000
101101011001010101010101000100001000001100010010001101000000001010001100000001000010000000100011101000100100100100001101010001011101101100011101000101010001011001011001101001010001101001101001101100101100010010011101011101010010010101000010000010011100001101101011101001000000101101001100100000011000011001001000100010011001011010000011010000010001010100101010001011000101101011100000
101010011011010101100000101100101000001001000101001010101010010001100011100001100010010001010011011100011011010001010101100010101011001001000011001011001000011101101001010001000000010011001001100001100011101001001000101100100010011011101001011001000001001000011100011100001001001010100010000100010001000010010100001001001000000000100000001011001010010101010101011000100100001010010101
011011100101011011100011000010011011000001101011000001001000000010100100000001011010011010101000100001011101100000101101001000100001010011000001101001100000100100100001101000011100000100100000010101010101101101010000001101000000101011011010101101010011011001100101000001010000000100001001001001010000001011000011010101101101100000001000000001011000101010101101101101101001010010100001
010001000101101010011100000101001001000010010101001010011101010101010001010000001000001011001011101010011000101101100010000101001010001010101100011010101001001010011011000001011101101101000100001001011011100000101101100001011100100000001010101100010010101000000101001010101101000000001010010011011001000011011011001010011000000000001011011010001000000100000101100011001000010010000000
001101011001101010011001010011000101011010001100100011000011001100010000001011100101010011100101000000001000101000001100011101000000100011000101010011100101000001101001000100000000000101101001001100101101101011000011001100011100100100011001100101000010000001100010000010011001100100010100100011001101010100000000000001011101000011010001011100101000001011000001100001100101010011010001
101101010001011011011101001100011010001100000101010011100100101001100011010010010101001000011100001010100100011001000100101011010100010010010011100011101001011011001100101100011001001000001000100100010001100101000011000001011101011100010000101100011101101101000000011010100010011000000011100001100010011100010101010001011100100010101000010001100100100011011100100101101001000101001100
001011011001000001000101010001011000011101100010100100000101010000100010000000010011010101011001100000011010101001010010100011001001001010100010010100100101011101001000011011011100000001010010001001000100001011011011011010101101000101011101101000100010100000001100000100000011011010101101011010001001001011001011100100100011100001001010010011010100010011100010100011011010010001010001
100011010001100000010000010000011101100011100100101100000001100101101011001011101100001010010000100010100101011101001101011011001100010000001101000101010010010000100100011001100010001001001010001000001100100100000000101011000000010010001011010101011101100101101000001001100010010000010010000011011001011101000001100001100011001001011011010101011001011000101100000011101010001101001000
000001011101101000011101011001010100000001011100011000011011001101011011001011011010010000001000010011011100011101101101100100001100100001100001001001101011011101101000001101101010101101011100011001101001010000000100011101101010000011011100100100000100011010000001010101100100000001010100011101010010100001000100000001010010101100100100000011001010010001100100100010000010101100100101
100010001100011001010011101011001000100100100010011101001000001100101001000011011001010101010000011101000000000000100101001000010010011101001000000011001001001101000011101010001100001011010001000100101000010101000001000011101101010011000100100101100100001000100010000001010010010010010011100001000001001010000100101001101100001001010000010010000000101100100101000101000001000100011001
101011001100010100010101000000000010001101010001000010000100010100100101011011100001011010001101000011000011000101101010010001001010000100010001101100101001001101101010011010100101001000101010101011000101011101001100011100101011001001100000100010001011100010001001100010001011011011100101010000000100010010001100000101001101101000011000101011010001100100001000010011011001101000011000
001101100010010011000100001000011100010011001100100101000001011011100001000000000001011010101010011101000000001100011001010101101100101010010100010100001010011000000000101101101101001010001011010011001101010010100100010000100100010011100100010010100101010000010100001000001001001001010010010011011100010100010010101011101010100101101011011000010101011100101100011101011101101001101010
100011000001101101100010001010101000010010001011100100011001000100011100010100011011101011011100000011100000011011101100010100000000001101000001000001000001101000101001100011011100101011011100001010001100011101011101100100011100100010000101011101000010100010000001011010011000011001011001001011010001010011011101001001011011101001100011101101100010100100010000101100010011000001101001
000010100100001010001000000000011001100001001001101010100100101101101010000010011101100100100100000101000101100000100011010010010100001011101100010011010010010101001010010001001100010010010001010011101000100011100001101010010101000101011011100011100101000000001010100010001101000001000000001011101001100000001000011010101101101001001010101001100100100000011010010101000010010010100010
010011001000011100101010010101101100101000000011011010001001000000100001010000001101001001100000000011100011011010011101011100101100000001100011101100011011001101011001001101001000010101011000000000100000000011100001011000011101010100001101101100010100011010011001101000101001011001101010011100010101011010100101101100000011100101101100010100001000001010001010001011000101100011011101
001011101000101000101001010001100001010101000001101001011011011001101101100001001101100010000001000011100100001101000100100100010000100000000001001101101100000010001001001101000001011011011001000011001010000000011010100101000001100001011100101011001001000000100001010010000010010001100101100000000101101000100100101011001000000010010001100010001010101101101011010101100101010001010010
010000010001101001000010011010011011011001000010001010101001001101011101011001000101000011011101001011100001101001011101000100010001000100000011011010000100100011010101001001011001101011010011100101001000010001100001001100100100101001001100101000000011101001100001001001100100000100000000101011011100101101011101001000011011101011001100000010101010011010101101101010101010100100101000
011000010001010001001000100010000001101000011011100101000100000000101011000001001100000010001011101011001011010100101000100100001011101000010100001101101000010101100100101010101000101010101000100000011010100101101011000001101100100011100001000000001010000101100011001001010010000000010100100001101001011010101001000011101010001010010001101001010100001101100001000010011010011001101100
010101011001010100000101001011011010100010010010011000101010101010010000100000010101010011010000011010101100000000000101101101100010011000000101010010011001000001001001010101101101101000001101010010011011000000000100011010001100010100101011100001101101000100101100101000000011100000001010011010100001101000010100010100100100000001100000001101100101001001100000010100001011100101001011
001010100000000101000000100100000100001001100001000011000101101011010010000000010101100001100001011100001010011100011101001001100010011010100001011101010101000101010010101010100101100010000101101101100000010100011100010000100001101101011001011001011000000001011011101001100001001001011000011100010100000000000011010011000010101010010000100000000000011100001001101011000000001000100100
000000000000010101011000101101000100010001101100101101101011001100011000001001011100011010001011100101000001011100010100100100000101100011011100101001000010001100100000001000100001101010100000000000001100010000100000101011000000000000001010101100000011000001001100001100101010001101101001001011010011101001011011100100010100101000001011000010010000010101000101011010100100001000100100
001011000101100011100001001010010010010100010100101001101001000001001101011001100001101000010101011010010101101010001100101011000100010001010001101100010101010100101010101011011100000011010010101010010011100010010001001001011011001101010100101011010001010001001010011010011011101010101000100000101100001001101100001101100101100011001001101101100010101010010100001101000101000010011100
101001001101010100011000011010010000001000000000010001100010010000010101101011100100100000001101100100000101001011000101010000011100101010011011011101011100000000010000101001001101100100101000001100011100101100001100011010001100101001011101001100010000010101000000101101001100100010010000010101100011000010010000100100100011010011001101000001100101000011001000100101011000010011101100
010010010101100001101001000101010100100000000000011011000011100101101000010011101010001101001010011001000011100011011001001010011100010100101001100010001101101011000001100011000101011001001011001101010100010011100000100001010100000000001100010001101001010010010000010101001010101010000100101000000011101010001011001010000010011100010011100011010011000001001000001010101001000101000011
101101010100101011000100010010100000010000010001001011000011000000000101100001101011100000101101001101100101010001001010101010101001100100101101001101010100101010101010101011010011010000000100000100010001100010010010000010000011100000000101100010011011011100100000010101011010011010101011101001011101010010010101010010011000101100001011011011101100010100000100101010100100101101011010
010101010101100101000000001000001101000010101101001101100010010101011101010011100100101101010010000001101101011000100101010101010000011001000101000100011101010010001010000010011010101001011100101011011011000101000101011011000100011100100000010000101101011011101010011010101000101101100100100001000000010101001010001000000101001001101100000100000100001001010101000010001011000100000000
011001000001100100011101001011101001000010001100010000100000010100101010100100000101100101100010001010001011000101100100010001001011010011100000101101001011001011011101011010011001011011001000011011010101100000101101101010101000100000010011011001010000010101100000100000000001000011000010011010010011100100100000100101000011100001000001000001010101011101001100101011100100100100101010
010000000011011101100000000100101100001001000010101000011011000000000101001000101010011101001101010010101101001010000100100000000101010001101010001010010011100001000100101101010100001001101001101100101100001001010101101101001001000100000010000011001001000001001100000100010101100010101001101101001100100011010101100011011011000000000011001011011010011001011000100011010001100001101100
001100011000011100011001100001000000101011010010001101010100011101000001001000001000001100001011000100011101011000010000101100011001000000011001000001001100010011010010011001100001011011100011010101011011000010010101000011010011101011101001101001001011101000000101000001100001011011000011001010010001101001000011011010100001010001010001101101000010010001101101101010101001100000100100
101010011100100001101010101001001010000011101011001101100011011000000001011011010010011010101001011001010000000000101011000101010000101000100001100001000100101010101001100011011010001101100011100001101100001101100101001011101101000011000001101001000100000001100010001000010101100010001101011000001100100101001001101101100000100100011100011001010100101101100010000010100101010000010011
011100101101101010000011010000100010000011011011101011101010011010100001001100101100001001010010000001000101000001101100101101101010100010011000010101100010000100011101010010101000001001000101101100100100101100100101010010010101000000011001101101100010001000000001101100100100000010000010001001101001001000000101101100100000011101101101001000000011000101101011010100000001100100101011
000001100101010101100100101101010001001010100101010011010101011010101000010101100011010011100101101101100010001011100100011100011010001010010010100011010001001101101010000010011001000010100101000100001010011000010001011010100001101010011100010010011000010001000011001010010011000100101000010000100011000000001011100000100100011101010000000011011000011001100101101101000100011001100100
101000010010011100100000000101000001100100100010011100101001101010001010011101010001101011001010001101010010100010100011011010011000011001001011100001100101100100000100000100001011101010001010101100101000011011101000000010010101100010000011100010010101010000101001010011010100011001010100001010011010001000001011000011100010010001010100100010000010011011100011011001000011001011100011
100000101011000001011001001001011010101011101011100001010001101000100101100001100000011101011001001000100101101101010101000001001001100000000011000010001011011000010000000101000001101010010100000100000011101011001001010100011010000011001001001011101010100101000100011001101001011100100001100100100010010100101100101100001001010011101000011000101001101010001010000100011010000001101101
011000101001010001101100010101000100100001101001101000001000100101000100010000001100101100100000000000001011100011100011101000011001101000011101100100101010011101101010000010010101000010010001100010011100100101100010101001010001011010100010001001001100100001100101000011100100000011010011100100011000100101101001000010011011101101001010010011011010100101010011000000100001011010010100
101100001010100101001010100010101001000010011001010011011011000100100101101000000001001000010100000100101010101001101010001100010011011001000011011000011011010001100001101011001101000001101101010010100011001000010000100100001001101010001011001100101000100010001101100000010000101101011100101011011100000000000001010011001000100000000100010000010101101011010001001100101101001011101101
100101011101000011011101010100000000000011010100011101101001101010011100010010001001100000010101000010010101001101000011001010001100010000000010000010101010010101010101011010000001011101100000001100011000010100010000011011001010100101011100000001001000001011011000100000011011100010100010000100101001001000001000011011011100101001000000011010100101101001001101001010101100100101101000
001100010011101010100010011101000010010100011011001000100101001000000100001101001100011011011100000100001000000100100000000101010010101011001101001100010101011010001010101001001011001011100001010101010100000000000101100011011101100011101011010101000100101001001101000011101101010101001000101001000101101100101100010011100001000010010011010000101011010000010100011011011011011000100100
100000001010100101001000011011011000101101101001001101010100010010011000100001000101000100001000011011010010010011011011010000100001011101101010010011100101100010001000100100000101010100101010000011001101101101101101001100001100101000010101011000101101000101101000000101011010101100000100100001101001101101010010010001100001010100100001001100000001100010001011100011000001010100000000
010101010011001011011000000100011010001100101100100001100101010011100010001100000101000000101011101011010000010001011000010001000000011001100011001001011101011000001010101010000100100100001100000100100001011001000010011010101101011001001101101001101100100000001011011100000101001100010000010011010010101001100000011011100000001000100001100001001000001100011010100100101001000010100011
101100001011101010101100001000010000010001011100100010100001001000011001011001001011100010101010011011001010100100000100101001101100011000001100101001010001010101011001001100011000011101101010000011010100000101000101001010001100011010001000011010001100100010011010011100101011101001011100011001100011000000001011011011011100100000010000011000000010001101000100101101001101100101000101
000100011011101101011010101100100100000100010000011101000010100000000100101011100001010100101101001001010001100100011011000011011001000010101001001001100101011100011001010101011000001001100100011000011100010101101000001010101101010010000101000010011001000000000000101101001010011001010001101100000101011011101000100101000100101000000010001010000100100001000001010001001101010011000011
001001011000011010001000011100000001101101001100000100000101000100011100100101001000100010001011101100101011000001101011101011010010000100101011000010001000010100001010010100100011010001100101000011101101101010011010001011001000100001011011000101000000000010011000101000100100100011000100100101001011010001101100001101100101010010000001011011101000001010101011011011010010011010010000
100011010010011101010001010011101000100011001100000101101011101001001011000011000001101011011001010000000011101010000001001101011010011011100011000100001101010101100101101010000000010011011101000001010011000101000101011001100100011010100011010100100011011101101000010100101011101100100011000101011100011000001001100010001010100000010011100011100011100011011010100100010101001101001101
001101010000101100100001000100011101101100010001010000010011001100011100000010001100101101010101000100101011101001010010011011101000011011010001011000011100011001101101000010001100000100101010001001010100011011011011000100101010101001101010101001011001101001011010000001101101011001010001001000101100101001100011001001010100101010100001011101010011100011100011100011100000000000011101
001010100010000000001011101001000010000010011001100010101001101100010010100101000101010101100101000000010001000101001010001001100011101010101011101011000011011001101001010011101011101000101000101000011011000100100100011010100101001101101001100001011010101001011011100010011100011010001000000101010010001001001001001101101001100001100100011101001101100100000001001001001001101100011101
001000010010000100100101000011010101001011011011101010010001101000010101010011001010000100001001001100101100010010101101000100010100000100100101000000100101000101011100000100100100001011100100000001000100101000100000001011101001000001000010011011000010000100000000101011010001101011000000001000001101100000011010101001100011000100101011011011101100101101000010001010100010010011100000
010011000100000100000100011001101101010001000100000010010011001010010010101001000000010001010101010011010001000100001011000101100000010100001101100010000010011010001001000001000011001011011010011011011001001011101101101011011011101000000010101100100000001100011100010100001001101101101100000010101010000100010100001011001000001101000101011001101101011000101011100001001101001101000001
011101001011000100010000101100000100010001011011000000100010100101100100100011100000000001000100010001000000011000001101100000011100101000101101011100001001100001100100100000101000000010000000000000101010011100100001001010011000001011100101011001000000010001000011010000101010100001001011011000011000101001100011010001000100100001100101001011011010011010100010001010011000010000001101
000010001001011010000100101101010010001011101011100011000010010010000000011100000011011010101001000001001101001010100100001010000100100000101100101010011001101000100001011001010100001100010011011011100011001010100000001011011100101000100001000000100001101010000001010011001000101100000011001000001101100011001011010010100100010001100000011000010000101001011011001001010010100000000100
000001101010010010010010011101101010100101011000010011100101001101000001101001000101001001001010011001011001001100000100010101000011000101000011010011000101101000011001101000001001000011001100100011010010000000000001001000011010010001100100000010000000001100101000010010011100011010011011011010010000101010010010101000000001011011000100011001101010100010010011001100000101010011011010
100101001011011011101001100101101101101000011001100000010010100001100000000101011100010001010001001011101100010011010011000011101011010011001010011011000001011100100011011001000000010100011000011010010100011100011101011100000011000101010100000011000001010010011001000101101001101010001000100000000101000000101100000001101100000010101001010001100001010101000011101001100100101001100100
000001101001000100101010001011100000100000001011100001010100011101100001010101010011100100011001001101100101011101101001000100000010010100010100101010000101000011011101010100000100010010011011010000101010010010100010101011100000010000000000101010001000000101010000001101100011010011101000010000000100101101010101101010101011001001101101100100100100010010100100011011011011010010001101
010001001100010010011000100001010101101011000000011101011101000011000000100010000010100010010011010101000000011100010101100001100100011000001000011011000100100011101101011000000000010000001010010000000010011001010100101101101000100001101100010001010010000001001011011011000011101010101001000101000000010100100010001100101011011101100101010100010011011101011100101001100001001011000010
010011100000010001001000000101100010101000010101001011101010010001011100000101000010010001011100011100100010011011010100000101000011100101101001011001000100101010010011010100010001101001000011001001101100101100010100101010011100001101100100010100000010100011011000101100101011100101010100000101011010101001000011000010000010001000001100100011011011001000010010011010010011100101101001
000001100000001000100101101000001000101001001100000001000101001010100100000101010011100001001101000100011100011001101000000011101001010010100101101001011001000001011101000101101010100000100010001011010101010010001001010101001011010000100101001010101001101101101011000000100011101101001011101010001011001010010000100000101001010001001001101100010010001101011001100011000011011010010000
000010000100100001010000100101000010011001001000011101100001101101010010010011100010010011010100010001011000010101100010100101100011001000001010101010100001000011001011100001010101100100000001001000101001100001101000010011100001001101100011100011000010010001000001101010000000001010000000101000000000100100101000101101101010100101010011101100001100010101100101000011010000101010011000
001010100101100000010011010000100001010000100001000010011011100000001010000001100010000010101001011000100010101010001001010001010000001010001100101001001000011100001011101010100011000100100000000011011010001011101001010001001001011001100011101101011101001001101000001010101000001010101100100000101011101101101000011011100000101011000011000001001010010100001101100101011001010010100100
010011010001011011010100001101101000001011101010010011011100101001001000010101100001001010100001010010011010001100001100100001010101101010000001001001011011101011000001000001011010000101100000100000000011101001010000011001100000011000100011101100000101100000100100010000011011100010100001010001100011101000011100011101010101100101100100101010100101001100100011011101101100000001000101
011001010101101011010101000101001100010100100101001001000000010101000101001010101101001010000010010100011000001010001011100101100000100101000100000000100010000001100011000100011011011001011101000010011101100100011101100011100100101100101010000010001100011010000011101010100011010010100100000011100100001000011011101101100001101100001101001011101001011101001100001010001000001101011010
100100010001101100001011100100011101011101001000000001000011100010011010011101100010000101010101010001010011001101101011101000011011000001000000101000010101010100010011010101000100000011000011101101001001101100010101010000001001010011100100100011010001000011001010001001001100010101000011000011010000000001000100100011100000101010001011001001101000000001101101001011010100100000100010
100101100100011000000001101010011000011010010100011101100010010000100000010100100001010001010001010000000001011011101100100011100100000010101000010011011001000000000000000100011101010000100100101010100101101100010011000101001100001000011010000011101010101010010010001011000001000101011011100001001011010011001011001000010010010001000100010101000010101000010011001100000000011101101000
101001011101100101010011011010000100101100010000000010000001001100101001000001101000001100011101100011101010010010010011000010101010100011011000010101010100100011011000011101010100010001101010001010000010011001101001101001010101011100101000001101000010100001001100001000011001001001001011100101001011001100010100100000000101010101001010000000101011010001001101101010010100000100010011
000001001000010001010100101101001100000101000010000000010001101010010001011011001001000000001100101011011100011010001011101001100100011100011000101000001101010100000010101001011101000010010100010001011011010010001011011100010010001101011100101100000011001011001001010100101010100010000011011011100010010100010000100011101010010101000100101001001011011101101101000000011011100010000001
100100001011000010101100101010100100001100101101011101100010101001011101100000101100100011001011000001000011001010010101011101010010010011100101101010100101000001010010100010001001010011101100011101001101101100000001001011011011001010010011101001010000100011011000000100100000011010100001010100000100001100100010000100100101011000001100011001010100100100011010011100100100001001100011
011000011001000010100001100101001000011011000001100010001011101101101001001000000101011101010101100010010011000010000010100101101011011010011100101010010000010101101010001000000000001000000010101101001011000101011000001101011000011011101100000011100011100101011100100011000011101000010101010100010000000101011001010000001100100101010101011000011011011011010101001011101010010000100100
010101100100100100101100001100101101001101000010101010010100010100100010000010011010000011101011000100000011000011010011001101000011011001011010000000101000000100010000001010010101010001010001100010101100011001100100100101100011011001011101101100011000101010010011100010100010100101011101001011010000101001010100101100100101100000011100001001101010101000011000011100100011100011011100
010000101011000011011001001011011101101001101100101011000011100011010010011011000101010000000011101100101101001011001001010101000101100000010010010100101001011000000011001011001000001100101000000010101100010001001000101000001101011101100101000011101010010101000100001010010011010001011001101011010001011101100000100010010101000010000000101011000001100011101100011101100011100100011001
001101011001000000101100001011001101011011000101000000000000011101011001001101100101001010011011010000101011010000010010100101001010001001001100010000101101001101000101010010010101011101100000100100100100001101010010010001011011010101100001100010011011000000011100001101101001001011011101000001101001101000000011101001011010100000010101101100001100100100001000011101101101011001101010
000011011100011100011100101001010011011011010011011000011010101000001000011100000011001011001010000011000010100100101100000010100101011000000011001000001101010101101100010010011100011100000100101001010100001100100100100000100011101101000001001011001011101000000001011000001000100101100011101000011001001101010011100011011010001000101101011100101000100100100100001101100101001010010101
100100000001010001011001010010001010100100001011010000011001011010100001000011010011000101000101011001100100010010000100000000101011011101101100011100000011101100011000000100010010010000010010011010000001000100000010010000010101010011010010100100010010001001001010100011011011100100011100011011001001001000001100100010101000011000001011010011000011101011001011100001011000001011000001
000010010100101011010000010010001010100100000101101101011010001011000010101001001101101010101011000000000011100011100010001000000011001010001100101010000001001010100011001000010101000100100000100101000100000100000011010100101101100001011101100100000100010000011010000011000100100000100011101001100001001001000011001101100001011011001001001000100001011100101001001001100010000010011000
100001010100000101011001010011001010011101001100001000101000011000101011000011001000001100000100010101000010011010000101101100000010011010101101011011100010010101100001000010100101100011011000101010011010011100000001010010000101010100100101101101101011101010101100000101101011000101011010010010100101000010001100010010010001010011011100100101101011100000011100001101100100010011010100
011100011100010010001101011010001010001011011101000101100100101000010101010010100011100010010001010000001010000100010100101101100001010011100100100101010100000001001011101010010000010011101100011010000001101000011001011000100000000001010001000000010011101100010010001100001101101000010001101000000101011010000101101101001011101010100000001011000010001000000101001000100000010001010000
101000100101000100011011100101011101010101101100000000101001001001000101001000001011100010010011011101011001011000000010100010010101101001000000001001001101101011000010010010101010000010001100101100010101000000000010000100010100011000010101100001000000101100010000010001011011100101010011101000001101100101011001000010011010100001000000100011001001000101101100000101010010100010001010
011100101100011010101001000100010011010001000010001000000100010100010001001100001001000100010011101010011100100001101011100000100010001011000011001001001101011011011010101000010100010001011001000011011001001101000010011100010010000001011011001001000010010100011011010100101001001000000011100011100010010101000101100001010010101001001000001101010000001000011100000011101011000011001011
001010100000011101000100000101000001001001010001001100010010101011011011010101101011010000000101100101100101000010001101100000100001010101010011010001100011000011100010010101010000011100000000101101101011101001100100011011001001101001001001001101010011101100010011011011001100001000000000011100001000100001001010010011100011011100100001101000001000001011000101101011010000101101001001
011001001101101011100000001100010101100000100000010010011101000100010100101001010100001100001011000010010011010101101000011000010100000101011001000011011101000001000011000100011010000011001011010000011100011001011010010010100010100001001101100011001010100000100100100100011101100010100100100011100100101001001001101010010010000001101011000100011011000011000101010100101010001011000011
001011000100101001000101101000001100011000101100001011000001100100000011100000001100101011101010011010011001010000100001101000001000100000010001011101011100010100011000101100101100100010011011000000001001011011101100100100011010010011000001100000010011100000011000000011011100101100000010100000011001010101101011010011101011001011001000101101010001011101000100011100000010100011100100
100000011000011010010000100001001001100001001011001001100001001000000101000101001101101001010101011101001100011000001010000101101101001000001100101101100101011100001101000011100011100001011100100011010001001001101101000001101000010001101101001011010011000001011010101010001001010010100011010011001010010000010001100100100100010000001011000101010010001011100101010011001000001100100100
001000101101101101011001000011000101011011101000100100100001000101000101001100010010100101000100010010011001100010101011100011011101000000100101010000100001010101101010010011001101101010100011000000000101011101010100000100011001011101010011001100100001011011011001101101011001000101001000100101001100010011100011010000011000001101100011001100101001000001011011001010101100101010001010
000100101000100001100001100000011010000101001011000100001000010010011010100000100100011001101100011001010000010100100010011010010011010010000101010100001010011011010010101000010001101010101100011000010101101101001000100001100010000001010010000011001000011011100101001011010010010010010001011101010000000010010100010100001100101001100011010100010000000000010000101010001001101010010001
100010010011001001100001010100000001010000100001011101000010000101100011010010011100100100011101010001011010101101101000011011000010100001101100101101011001001001011010011101010100001001101001001011011000011011011011011010000011000101000100011100001000001001011011101101100010010011001011001010001011001010010101011101001011100011001011100011101001100101100101001011000011010000010100
001100101001100010001010000001101010100101000011100100001011000011001001010100101000101010101000011000001011100000001001001000000010010010100100010001001010100010011010100010100011010001011010101000101000101010101101011001101100010010001010011011011101100000011010100010101100101011010011001100001011101010010001011011010101100101101001010010010100000011000000001001101101100100001101
000001001100000010000100101100101101100001100010001011100010100100101010010101100011000011010001101010011000100011100000001010100000100001101100000101100010010010010011010001101100101011010000010100001010100001010100011010100011001101100010010011010101100001001101001001100011011100010000010010100000000100001001011001011000010001011011100101100100011011011011101010000101100100101001
001000010101010011011011000101010001010011010100000101010101000010100010000100011010010011010000011100100011011010011001100101010100101101100101101001010010001010100010001100001001000010011011100100001010010100010000001010010010001011010001010010000010100000100101010010001001011000101101101010100000010101101101000010011001000000101001010100011000011000101101001010101100101101010010
100000000101000000010011101101001000011011101000101000100001011001010001011011001100011000100010100000001010010100011100010000101101101100011101010001100101100101011010001000000001010011011001010100000011011001001011010011011000011101010101001010101100100010001001101001010101001101011011100101101010011011000100101000101101001010101011001010011100010100100010100100000001001101011000
101000001101001101101000100001101100001101000101101011001101000001100000010100100100101000010000010001001100010100000001101101001000100011100101011000011100000001100100100001100101001000100011101010000001011001001000001010010010000000010101000101001100001000100000011000000010011011010100000010101010100010011010011000010001101001100010010000010101011101101101101011100001100100100001
100011001001011010011100010100000001101011100011001000001011001000101100101000010001010101010010101100000010010011101100001011100000101100000000101101001011101010100011101011010001101101000010101011010011101010000100001101000100010010011000101101101001000001101001010101100001100011011101011100100100101000000000011000001010101001010000010001101011001001000011101011101010101010101000
100100001101010101010010011000011100010011101100101011010010101011100100100100001010011101101011100101100100011000001011101010001101001100101000001100001101010101101001010100100001000000010010001000011100010010000100101010001010011101000101100010000000101011011011100010001010100100100101010010100001101101011000000000000101001101101100001101101011011000001000000011011001010011001101
010101100101010101101011001010010010101000100010001000001101010001010100100100000101101011001011001010011101010000011101000011001100001000010000010000010000011100100101011011010011010101001101100001001000000001100000011101010101011000001011001001100011100000001010101101101011011100100010000100101100011001000000101001010101100100100101010100100101011011001101010001001101000100101000
100101000011001100011011011100100011010001010010010000001001010100010000001100001001001100101000011000101100010001011011001100000000000100010101101001011001101001001001010001011001000001011001000000101001001011000011000011000001000011000100001010010001100001010010100101100000001001101010000000010000100010011000001000100101010010011000011000011010001000011100001000011011010100000010
010101011101000101001000101101100101100100010001100100100010101100100011100101011011010101011010011000010011000101001100001101101101101101010010001001101100100100101100011010001010100010100010101011011001011010101010101100010001001000010101000011011010010000000001011101000100010011101011001011010100011010010100001001101100001010100010010000010011101011010100101011011000011101000100
100000100001100101010000011001011101011000011100101010011100001001000100100001001001010101100010101100001001010001100011011100100100011010100000000001010000100010010011000001001001100100011101000100010101000000101010000010010010101101100101001000011100000100011101100011000000011011000101000011010000001101100000010000100100011010010101011100101101000001100011011100011101010000000001
101000010011100101100000101011001011011100000100101100000011100000010011000101000001011000011011011010000101010101101010011011001100011001011000000101010001101010101010000001011010010010100100010000010000100100011001000100000010100011001000000011011010011101001010011001000100000001100000101010000001101011101100010101010010001011101011101001001000101101101000010000100101011100101010
101000011011010000001101010010100011011101011000001100010100001010010000011010100101101001000101101101101000001001000001100011010100000001000100010101100000011001100100011101100010011011100011101011101100010011010000100011000010000100101100011001000010010010001101000000101011101000100010000011000001001100011011100000101100011100011000011010000100000100011001000101000001010001000101
010010001101100101100000011010011100100100011011000100001010000101101100100000101010001010100011000101010000010001001101011011010000001101010000101000010011001001001101101010000100001000011001001011011100100101000000101010100001000101010000100000001101010101001011011011000101010100010000000010101001100101011000100011011001100001001000001101100101101001011010100001000100100011011001
000000001001100010000101100101000100011011011101100100101000001011010010011011000010100101001101011101001101000001101001101100100010001100001001000011011011010010001001011000001010000001100101011000101101100100000001001000010011000001001001011001001010101010011001000010101101001011011010010010000010001010001001001001101001000101001101100011011100011100001101010101100100000000011000
100100101101101101101100001000101100100000001100000011010010010011101011000010000001010001100101101010011010001010000000000001001011011101100101000011001011100101010010100101101011001100010100001010011010010011011000000100100011011001101000101010001000010101001010010001010101010100000001100010100101011001100000100101010100001101001101011011011011100001101101000010101101011000100011
001001001101001101010100101011001000011010100101101010101100011010011001100010101010000001011000000011001010011001000101100000011011101001001100100011100011010000100011100101001100010100000100011010011010011101001101010000100100101010001000000011100101100001101100000000001001001011001101001000101000001001100010100100001011010011100101010010011011010101010011011100001001000001100101
010000100001100100001101000010011000001100011101010011100100101010000011101101101100101100100100100000011001100010100000001010101000011000010100100000010010101001010101101010001001100101011001011101100101100010010101100011101101011001101011101010000010011101101000100001100010001101001001011001001011100011100101001010000100011100100010000000101011000010100100010011001010100100011001
011010011011010001010001000011101000100011100011010011101100001010000000100001100010100010000011001100000011100000000001000100101000100100000100101011100010001011001001100100011011100000010000010101101101100011100101100101101101000001001010001100000011100101100000010101101101010011100101101101010010011000011011000000101000100100000001000000100100000101101100000011100011100101101011
001011101001101100010100001101011010000100100010000101100100101000000001001100011101000001100101011001001000100010001010001100001100011010011100011101011010011010001101011011101000000011100101010010100010100011011001100001010101001101011101000100000011100101011001001000011100010001010100101101010101011000001100100100100100101011010000100101101001100001010100101001001011101010001000
001001000100000100010001101000101001011100011010101001010000000100100010001010000100101101011000010000011011001101100011100100010101011010101100100010101000010100001000010100010001000010001101010011001010001010101010010011010011001011100101100000001101101011000010101011101100010000011010000010000100010100000000001010100101011000011101010101100011011011010001000101101011101011010000
001011011000000000010100000001101101011011100000000100101011001100001011101011000000010001011101100000011100001001010001101000001101000000010010010011101001100100010101100010010011000001000101011011100101000000011011001100010010100100100100100010010010011101101001010000011101100100100100000010000011100001011101011100011011011001011010001100001011000001000010011011011101101010010001
010010100010100100100000001011000101001101001101100011000001101000100000011000000011011100100101101000010101100001101011001001100001011001001100011000100101101100100100010100011011001000100001010011101011010010001101001001001010001000101100101000101100000011011011001101000011001101010011101011010010101000001001100100000000000001000000100000010100101001000010000011100000100010100000
001100100101010100100011101100010001001101011100000001010100011000010010011001001101001011100000011000101101010010100000001000100001000010010100000101101100000000011001010000000010010001101000100001101100011100101010101011001010001100011000000100011011001000100101000000101100010000000010011100010011101101010000011001001101000101000010000011001100000101101001100001011100101101001100
101100001010100010010100000000011001100100101011001101101100010000000000001100100101000100101100010010001000001010101010011100101010001010001010100010010101000001000011011010010011101010011101010010100001100001101001101010100001100001100100001010000001011011101100100101011001001101101001011000010011001000101101100011011011000010011010101100001000011101000010101000011011010010001100
101011001100100011001100000001011001101001000000000011101100010100101100000010101010000000010011001101000000010011011100001000000011000011010010010100101000100000100000000011100011011100000100100101100001010010000010000000000000000000100010011011001100010011100001001001010000010011000010100100101000000100010011011011011001101011000011000011010000101001011100010011011000100000011010
100010000000011010101001011010011100001010000011000100100011101001000001011011101011100101101001010001010001101011101011000101000101100000100100011001000000100100100010101010000000000010001101001001000010000011011011001000101001101011011101011101000100100001011001011001000100010011011101000001101100101101010100010000011100100010000011010000011011010101101010011101011100100001010001
010100100000000101101010100011000000011010100000101011000001001101101010001100100001011001001011010100100011011010011010101001000000001100101100011101001000011000000100100100000000011000011001011101000100101001011101000001011101011000101100001001001001100001100001100011010010100001000011011000000010000011100100000000000101100000101101000010010010100011010001011001100100001000101000
100001001100101101001001001001101101000010010011011010010000101001100100000010000000101101011000010101101000100101101001100000011100010010100001010010100010001010101000000000000000000101000100001001101011001100101011001100011101011011000100011011000000011000000011010011100100100001001010001101000000000100101100101010100001100000100000001010010011101001011100011011101101101100100100
001100001011000011011011101101011100011100011000101010001001100000011011101010100011101011000101100100101011001001010001001010011000101010011101000001010011001101101010010101101100101101000011011100000100101100011100010010000010011001101101010011011001010010000101010101010101000001010001001101000100010001100001010100101010100010000100101000001100101000010001000000101100000000101011
101011000001011000100100010000001001010101001010100101100011011101011000001010010000101100011011001010011010001010100011010101101011010100101011100001100001101101010011100101000000101100000011101010011010010000010011000011001101011000001100001101011100000010000100101000000000000000000011011011001101101101010010101011100101100101101001011010000101011001001101101100011101100101010100
000100001100011100101010010011010011010010010010010100011011100010010010001000001000101101011001011001000100011101101010101011011101010010010101001001001101001000101001001010011101100101101011011011000011001001011101100001001000101010011101101101000101100011001100000001000100100001011100101101010010100010101001001000001000000000010101101100101001001100100001101000100001101001101101
010100100010100001000011010010100001010101101010100100000001101010101010000001001101101100000100000001001000001101000001001001001001001101011000011010010100011011000010010000011001011100010001011100001100100011010010010010101000000010001100000010000100001100100010010100101010001011010000011010100011011000000100101100100101010000010001100001011100011000011001100011001000011011010001
001000011101100100000000100100100010101100000011100101101010001000101011011000100100101101001010010001010011101100001001101010101100010100000000011101101100101011001101011001011000010001001100011101000010001000000100010011011000101011000101010101101010101001101011011011010010010001000100000000001011001011010010101000010100000010101010001010011101000011100101001000101010101011101001
000010101010011101101001100000101000100011100010010010011001101011010000100011000101001100101000011011011010001101011000011100001000101011100000010101100011101001011010011001010101000101101010010011001101100100000000100101011100000001001001101000101000101101001010001001101000010011011100100010000000010001100101000101101101001000101011001010011010011000011011010100101010100001011011
001100001011101000101100000000010100101000000010000100010100000101101100010000101101010100000101000100000011101101000100000000101101011001100001001001010001001010010010010101000011101001010000011011011010010101100011101100000000001010101001101101101101001010001010001101011101101100010101101010000001001010010100010011100000011011011100001000000101001100011100011010011100010101010001
101010101011011101000001010011101000011011010001000011011011010010100000011101000000001000100100001010001000000011100000001001010100010000101000010011100000011000010010000000000001100100001000010011101000001010101100000001101010000010000101101101011000001101100010001010001011001010000101101011010000011011101101101010000011001101100001001100101010000011000001100001100010101100001010
000010010000101000000101000001010001000010100001010001000011011010101100101001011101000100001100000000001100101010011000101011011010100000100001011100010011010000010000101001100000001101100000100000100000000001000000000010100000101000011000101101000000101101000011000001011001001011100010011100001010001100010101011010001000101011100010100100001100011010000010011000101000001001001000
101000010100100011101000001011010011100100100011011100101101011001000010101000100101001010001001011001011011000011000010101100010010101100101011011010100101010000101100000010010011010001010000101011001101011101001100011101010010001001001000010011001010001101001010011001011010100001001100010101101100011010011101001010000100001000001100001010001010011100000100100011101100101000000011
000000001011100101011000001001101100011001001000001000010000000000101000011011010101001101001101010100001000011011000001100000101001100001000001010010001010001001010010101001000101100001010010001001010000101010101101001001101011011000000000100000101100010000001000100000100100001000010101001001001001010010010010101010001001001001010000100000100000010000101001011001000010010100100010
000100000010010101001000100011001011011100101010001000000000011001010001100010001000100010101100000001000100101101011000100011000000000011000011000000010010100011001010100011001101011011100000010010001001010001011000100011010000011100001011010010000000010101001100100000100001100100001100010101100010011010010010001100001011100000011101011101100011010100011010001001100011001001101010
001000100101011000101101100001001101000000001101011101010001001100000000011010101011001001100001101000010011101101001000011100100100101000011100001010000100101011101101001100101000100101001100000000101100101001001000101010001100010101011001100011000010100000001011001001000000101001100011100011010000101100101100010011101000011101101100010101101000100011101100000000101101000001000011
101100100010000011011011001000011100011010001100000010001011100010010001001100001000010001000101101101011010011100100100000000000101001011011101001001010001000001000010010101000100010010011011100101101000001101000000001011000001101101001010000100010100001000010010011001100000101101000001101011010000010101001011000010011000100001011010000000101100001011001101100010001101011100010011
101101100100101100010100010101011100100001000010011001010100001001000000100010011001101101101001000010010101000001100100100100001000101001011010010011100001100010010100000001101100100001001001100000010010011000000011010100011010010101101101001000010000011101010010011011101000001001101011101100000100001100101011101000100001011011011010001011101001010001010001101000001101010000000000
101000011001010010011000101001100000000100101001000011010010001101100000011010011101101101000100010010001000010101011011101011101010010101011100101000001011011000011011011101010100011000101000101001010001101011101001100001001100011101101010010010101011010010000010011001100100001100001010011000101101011001100001100100011010000011011001101001000101101011001001100010011000010011010100
011001000101100100010001001100011010100101010010001010100101010101010001001100010000001010010101010011100000101010001011010000101001100000010000011100011010011001101101010101000010010100010000100000010101000000000001100100001000011001101011000011010000011000000001001101010001010000011011000001010001001011010001100100101000101011011011011100010010010100011000101010101100100001000010
100010101011010101011100000011101011011011011011010001011000101001001101000101000001101101000100000101001100000000101011100101101100000001000100100000101001100010001100010010100101010001001000011011000011010010010101011011011000010101100101100011000001011100010001011001101011011001011000100001011010000100101011011011100011011000010001101101001101100001001100000011010010000001001001
100010101101100101001010000001000100011100001000010101011101010011100101001010001010101101101010001101001000001000001101010010011010100011000011100010011001001011100001010100001101011010100010010011101100001010000100000101011000001010000010001010011010101000001101001010101001001010101010101101001100100101101011001100001000010001101101011101000101010001001000001000011000010100101000
001100001100010010000011010010101101011001100101100001100000001001001011011100101011001000000011010010100100000011001011000100100001001010100011100011010101100010100010101001101001001000101011010010001010100011101001100010010100001101001011100000010100011001100011101000010101010101010011100000101011011101001000000001000001101100011011000011000100001100010001001001010000011010101010
010001101000000101001010011101101011100000101100010000000011001101001001000001101011010000010001100001011000001100100100010000101101001101101100100000000011100000010010101001011001001101011001000001011000010000101101000100000000010001000001011011010100000000101101100001000000010000100011010000000010000010100100100000100001101011011100100011001010010100010101011011101011010100010001
011100100010011010001000101010000010001101001001000001101101100011000100001010000000101100100010101001010011010101101100101011000001100101100010001101100000100010000011000100100000000011011000100011101100010000010000010001010101000001101100001010101001010100010010011001011000001100001010000011011000001010011000010101011000010010001011101100011010001010000001010001000010010011010010
011101100001011101101000001000010101011001010000001101011010101011010010100011100011010000011001100011101010101001000011100011011010101101010000100011011001001100001000100010101000011101101100011010101000100010000011100100100010000000100101011011011011001000101001101011101000010001000000011000100101011101101101011101001100001100100100101011011010001100001001000001001001011001000100
101011101000100011011011011101011011100101010100101001001101100011000011001001100011000101011000010101001001001100100010101000100011011001100001000010010010000100000100101000000000001101100000011010010101100011010101011010010000010001010100001011010010001000001011000100101010100010010100011001000010101011010011101101101011001000100000001010001100001010101011011001100000101001100001
100010000011001001011011101100001010100001011001101011001010011101100101000010101000010100101000010001000100011100000100100100001001010100101001001101000000000010100011101000010000100101000100000101000000100101010101000000010010001101101010011011001011101001011000000011011010011010100100011000101101000100010010101100001001001010101010011100011001000011011101011100011101010001001001
011010010001001101000101100101000000000001010001001001010000010010011010000101011011011001100100001010000101000100101000001010001011011001000000010010100011010001010101000101000001001010101010101101001011100011001011100000010100011000100011101001010100100010001000001011001100100011010001010101101010001001100100000011100001101010101100100010010010011010001010100000100100101001100101
011101010100011100010100101011101011100011001000001011101011100001011001001000000011000001010011001011100100100001000101001000010100011100101010010101101101100101001000001100000101101101010010101000100000000001101101001000001001010011101010101011001100011010000101001011000101010011001101000100001001000000000000101000000101011011000100001000011010011001100001000001101100010000010011
011001101000101011010011011000101100001101001000000010101001000100001101101000100100101000000100010101011010010100100000011010101100100000000101010011101000000000011011011000000010011101011010101000100000000011000001001001011011101000101011010010011000011101101000011101101101011000100101011011001000100010001010100101000010011100010101011101100000101001100010001010000000011000001101
001010101010000010011001001101001101100010010011011101000011001101011011101001011011011011101011011000011001101100000101011101101001101010011010000101001101000011001101000100000000100100101011101001100011100100010011001101101001000000000100011100101010101010001011101001101101000010001011010101101010010000100011010100100101010000100001101001011100001101000101101101001101010101100010
010001000000010000001001011000010000101011000011001000010101011000001100010010100100011001100011100011001011010101001100101101011010010001001100100000001011001010011101000101100010001001100000001100001001001000010100011001101101100101101100010001101101101010000100001000001001000010010100101001000000101010100010011010010100001000010001000010000001101101101010010001101101100000001010
100000100011011100101011001001010011101001010001010100100010101001001100010101100011010100010101011011011101101001000011011000101010101011000011001000010000100011001011000001000000010000100010101101101010000100001101010000101000010011101001011000001011010011011100100010011100010101000100010101010011000100000101011010100011011011101000010100010101100010100101000100011000001011010001
100100000011000101010000011000011010011001000011011000001001001100011010000101100010101100010000001100101000101101001010011101011101011101000101000000101011011001010101001010001011010000001010100011010010001101000010100101000001000001101100001010011100010101101101011010010100100010101000101000000011011100010000101000101101100010010101010000101010010011010000010101100101101011011100
101000011011011010011001011100001011001100010010010100101100010001001011011011000001100101010001101001001100010010100010100101101101100011010000101000000010010011000001011000011101101100010101101010000101001100101101000101101001001101010001011100011000010011100011100010011001000100000101010101011100000011010100101011011100000100100000101101001010101011100001010010010000011001010000
000000010100000011100101100010100011001001101011101101010001010010011000011010011000010100100101010000101010011101010000100100000100100001100100010101000100100101011100001011101100101100011010100100100101000001101100011001100010001100001001001000010101000011010101100001101101010101100001100001001000000101101010000100101101011010001101001001001010010010010011001100101100100100100001
010011010011011011001100101101010010011100000011011001010101000010100001001101010010010010010001101000001001010100000000010000011000011011011001011100011000100010010011100000001001100010010100011010101000001011011001000001010100010101011011100100011011010101001000011011011010001101000010001001000010101100001101001011101011100000001100100000011011100101100001100000011001101000010101
101010010101001100000011011000011011100101100101001100010100010011010011011101010100001100000001101011011001001010100011101100001100011000000010011001010011001011100010011010010001010010100001001001001011010000001100100101101101011101010000010101000011000101001100001101010101000101000101001000101101010000001101011100011010011010100010001101100000011100000010000001000001100010100000
010011000010101001011100001000000101011100100010010101011011100011011000011101011000101100100101001100101000001010100010100011011101010100001010100100101001010100001101000100101011001011010101011000100000100100101001011010010010011101001100101101100011011011101011010000001001000001001100010100010001010010000101101001001001101010000001101001000001100001000010010010101100011010011101
010000001100011101011010001101010100001000010010101001100101010100101100100011011010101101010101100001100001100011001000000011000001100001101001001011000000100011001001100101101101100000001101100010101100001100011101011100001100101101010000010001100010010001100011010011011001101010010010011101100010001011101000100001101101010100010100101001011010000001100001010100011100101101100000
010101100101011101000001000010011001101000001000100101010011000001000010100100001101000101100101000010010011101010010000010010000001101101011100101101010101011101100000001100001001000101101010101000000000001001001010001001100001001001100101101010000101010011100010001010010011101011100001100001001101010101010101011010100100010000001011000100011000011011010100000100011001001101101011
011010101101011101001001010011010011000010000010000101001000010011000011101011101000010001000100010011010100100100100011101100000001100000100011001100100000010010100011001101001001100011000011011010100100000010001101101101101000100001000001010001011001101101001011011001000011010011011001001100101101001011100001010011001101000100001001101000101010100100001001011001010001100010010000
101000100011101010010101010010010100011101101011101010000011001100001010000001000001100010101100000000000101100001101000101000011101000000011101011101101100000000101100011001000101010010100010010011001010000101100000100001000000100001011001100011001010011100000100000011010010101101011100100100010011011000010010000011000000010011010010010101011001000101001101000101001001101001011000
101101000100000001001000101000010100000010000000101100000000101011010011000011000001101000000101101011011011100000011011100010001011001100010100100100101010011101001011101101101001010011101011100000101101000100101010010101011010001100001000010000011000100000001101001000010100101101010100100011011000001011100000001101001011011001011011000010010101101010101101000101000001000010100011
011101001010101101011100101011011101000100010001101011101101100101010000100100011001001011101010011000011100011011011000000001101010011011001001000011000010000000101100001011101010000011010101001001010000000000010011001001001000011010011101010000000010000101100100001101000011100010100010010010011010100001101101011101100010000010001010101010000011011100010010100000000101001100000001
001001100000100101100011010100101100101000001101101000010010000011010101001101011010101010001100011001100000101000101100011101011000000000010001001100100100011100001100101001000001001010011000011011101100011010101011000011010001001011011010011011000100101001010101100101001011010011000100011011001000001001100001100010000011001100101000100011001000011001010011001011100000100000010000
101011001010100001100100001010101001100100100010000101010100100101001001000001011010010101010100000000011100101000010100000101100011011001010000010011001010101100011011001000000101011000000001011010100101001000001000000000000001100100100001001011100101011001001100011011000100000011011011011010101000101010001011101101010010100101101010000011101010101100010100011011011101001101001001
100101000101001100001011100011101001100011010100011001000001000011011000001101010101011010000000000101011000001010011000011100010010000011000011001100001001101100010101100000010000011101101011011010000100001100011011001011011010000001001010100011101100010010011010101000001100001100000001001101010000101101101000101000100000000100100100101000010100010000001100100010000011011011010010
101000100011100010001000000100101010100100000011011001101101001000001000011010101100000011010001010001101010011101000010101000100100101001000000011011000100001101011000010000011100011010101010001000011100101011011011011001101000100001000100011010010101000100101001100001100100101010100010010101001101001010000011001001011010001100000011011101101001101000001010011100000101001011100100
100010001100010100011011011100000000010011001010101001001001000101001000001010010011010011100001011101100010010011001000010001001011100101001010010011001101010000011010000010000011101000000000011101011101001000011001001101001001000100010101100100000001101100100101001010010001001001010100000100001001011010100101000011001101011101011101001010000101010100100011101101100001001101100101
011001100010100100010101000100001100011001010011101010010100000100001011101011000010000101100000011101001000001011001101000010001100011101001011010001010011100101100101001101011000100000000001000101001000010001000010010001101101000011000011010010100000011101001101010101011000100100011000000010010010011101100010001001001001011010010100010011101001010011100000001010001100100100010000
010011100011101000101010010000100100101101100100010101001101001100000001101001100000000010001001000011101101100011101001100011001011011001001000010001001001011010001011101101000101011010011001100101010100011100000000101001101101001010101001011001000001010010000010100101001001010101101100001001100101010100100001000000101100101100011010100001101000011001101000101001100101011000100000
000010001100011100000010100001101010010001001101000001000000100010101010000101001100001001010000101101101001000000101000010101101000001000011010001100010100100000000001000000011100010100100011001100101011000010011101000000010100001001010000000101101101000101011100000010010010010100101100010011101000000000000011101011011100001011100010000101010101000011001011101010101000010100101010
011101010000100011101100000101101100100010011000101100010011100000000001101011011010010100100101011001000101101100100101001010000000000010001001001101001001011001010101000101000011100001010101101000000000011001010011101011011000100001100011101100011000101001100001101010101001010101001001101101011010011011000100001100010011000100010000101101100011100000001011000000000001001011100001
010101001000100101101000010101100010101001001100001010000001100011001001101000101011001101100000101010001010001010011000100011010100001011010011010010010010101000000001000010001100001100000010101010000100011100010101000101100101010000101011001001000101011010010101100011101001001000100010011100000100000000011100010000100100000100100101000001001010010010011010000100000101010001101011
010101000101011011001000101011011001100011011101101101000011011000101101100100100011000011000100101010010100001001101011011100011000011010101001100011011101101100010010101101100101011101000010101010101001101001100100010011010001001011000100101000011100001101010101001011010011000101010001010011100010011001101101010000101000001010000010011001001101011100010010001001010101100001101010
100001101010101001101000011001100101101100000001000101100000011001000000000010001000011001010000100011010000001010000000001010011001100010000011101101001010001101100001001001001000100000000000011000000011101000010101100001001010101000001011101000000001000101011001010011101001001011010010100011000011101000001101100011011100011000101001100100101000000000001010100011010010010011000011
001010010001011001001101100100101011010011100010100100001010101010011001100001101101101011001010010010000001010101011101100010000011011000000101100000010101000001100100011101011000011101011100011011101010001011001100101100101100100010100001010010011101000010101101001011101100010101000000000001011001000001010010101101100011010010100011101000001011011001100100011010010101000001101101
011000100100101101011010100010001011010001010010001100100010001100010001000011001100010101100101001100011101101010010011001001001000011000000001011011010010100010011000001101010100101001011000001011100101101100000001101001011101010100100001100011101100011100001101001101101100101101010000001000010100000011010010001100000010101010000000011100000000001011101101000011011101100001101101
010001001100001010010011011100011001001011101011001011101001000000011101001001011001010001000001100100000101011001100001000010000011000010011100011001101001000010100101010100100100100010011101001101100001101001010011000000100000010011000001101001101010011011000010100010010010010100011011001100010000010000101101001011100011000100000011011101000000001010000010011001100000000000011100
001101100100101000101000000100011010100011000001101010010010101100101001011100001000001100101100100011010000101010010011100010010010011100011101001011000000101000001101000010011100000011001100011101001001001101100100101100101101010101010011001100000001011100001001000101000101010001011010001001100001000101001010100000011010010011010000011011100000000100011001100001001100011011001011
101010010100010101011001010100100000010000010010001101100010000101000001001000101011010001001100001010011100100000000101101100101010100000101001000011001101001000010100100101011010010011101000001101011100000011010000011100100010101100010101011010010001100001100101100001100011100010000011010101000000010101011000000001100010011100011100000011101100101100010100000011010101101010011100
001010001000010101001101001000100101000011001101101001000001100101000100011101100010011010100100000101101011011011100011000101010100000001000010010001000101000000010101001101010001011100101000011001001000101000011001100000000101000000001010000010011001101001100010011010010010100001001101101101001010100011100000001100100001010010011010000011010011010001011101001010011100100101010101
000001000000101100010101011001001101011011100101011000000000000001010001100100100000100010011010101100011001001000001001101100101000011100001001100001101101100001001001101101101001010010011011001100011001001100001100010010001011001100100001000010010011010010000000010101101001001010000000001011010100010100101101000010010010011000100010011001001101000101100001000000101000010101001010
001000100010000010011100010011010101100101000001101001000101001011011000011101000100000000000010100101010101001001001000011101001001001101011101010001001100011100011010100000101010011001100101100000000100101010010000100011100101011000001101101010101101000011101000101000001100101100010000010001001011100101100000000000101011001101010010101001011010010100101100000011000101011100011001
101100010010100010001000010001100101000011000001001010000000101100101000100011101011010100011100001001101000011010001011010100011101101010101101101100100100010101010011001101101001101010100101010010010001010010000010100001011101010010101010011001011000010010011011001100001100100100101101001001000010011001010010011101001101000011100011001001100001010001010101010101011011011011010011
101000011101011101011010100011010101010100010001011011000010100000100011001011000011001100010011101011010010000001011001000101010001010000101001100010010011100100001001001011001100011001010100011101010101000010101000000000101100101010010100010010101100010001001010000101001101101101100011011101100101000101010000000101000000010101100001011001011101001011100000101100011011001000010100
001001001000011011011000010101001010100001010101100000011010000100000011000001101101000011000011011101000010011000011000011101011001101011001010000000011011010001011101100011011000001010000011000101101101000011011100101010000101100011100100100010011000000001001000101100100011011011100000101100101100000100101100010100001010100000001000001001000000000010100101011100011101001011101100
010000000001001101011001011011101000001001010001011100001010101101011001001000100011000001000011001000101101101011001101101001100010000001000010101000000010010011001101100000101010011010011101010001000001010011100000101000100000000100000001101010101011100001010100101101001101000000101100011010010000001010000001100100010001010100101001011011000001101001000011000100101000000101011010
001000011000101101000001010100100010001010010000000101010001011010010010011010011101001010101101100101001001001001000011010011100101001011011001011011100100000010101010101011011000011001010101000100100101101011011000100101001010101101011010100101001100001001000101101011000100001100101000001001010101101010100010101000011101101011011000101011011011000000010101101011000001000011010100
010001011010000001011010011100000000011011001100100000100010000101101011000000001100001010011011101100001000101101101010000000001101000100011001011010101101100001000000011011001011101100100101101010101000100101001001100010000001010001101000001101101001010010100100101101001010101100100011010001001100011101010000011000010011001001101010010100010001011001011011011000010001001011101100
100010011010011100100001100010001010100000101000000101011010101010011100101000000011101011100101000001010010101001100010000011000010000000011101011011001001101001011101101011101011101001101001001001001100101011011101011011010001011101001001001100101001011011011010100100001010100101000100001001101000001010101100010011000011011001010011100101000001101100001000101000011101100010010010
101001101010011011101011011001100000101101001101100001100001101100010011011001001011100000010010011011011001010001100011010010101001000000001100011010000001011011010101101001011101101011100011000100100000101000010101000010000100000101100100101001101001001000010100100011101010100100010011100010011100010101000000100001101000001001010011001100101101011000000100001001101010011101101010
000101011000010010011011100000101011001010100010100011100100100100000011010001001100101000100010011000100001011010100101100101001101001011100100010011011000100000100000101100100000010101100010000101100011011101100011000101010000001000101100000011010011000100000011000100010100010011101000010100010101001100100001010001001100010101000100011100100101000100011101010000011011011011101000
101010010001100101101100011001011000000001011010001100011010001000100101001101001010000011100011001101001000010101000000100100001100000010100101101000010100010011100101011000100100101011100010101011011010000011101000000001010001010001000010100101011100101100000011100001101100101100101001101100000000000000010100011011010010000001100101001011100011011000010100000001011001010000100001
100100011011010100100101001000001001100010101011000010011001010011101001011101100000001000011001100001000100001101101001000000100000100101010100000010011101011011010000010101000101101001011011010101100100101001100010000000001100001000011011100011000101000001011000000010011101000000100001010101101000101011101100010000100010100100101100001001101000000010001000011100001010011001010000
001011010100100010010100010101011101011101001101010001010011101000010011100001010011010001100001010000001011001101100101001100101001010001010010011011011101100010100000011001100011011000000101010010010010000000000001000100101000001010010000011100010010011001010010100011001101011000000011011101100001011001001101010000100101001010000001010000000001100010010001000000000001100011101000
100100010010011010100100101010011000101101100000101010010101101011101011101001011010010011011011000010001000000101000100101001011011011100010000000000010010101011011000010000101101010011100101011001010011101011000101011011101010010001101001001000100011100100000100000011000011101101010101011101101010000011101010101000101101101010010001101001101001101001010000011000011101100010101000
101000101001011010100100010100010000001100001010010001101100011101101100100101001010001001100011000010000010011101100000010000000000100010001100100001001001001001000000000101000101010010001001010000100000000101010011101100000101100010101001001001100010100010100010001101000101011100001011101000101101010010101100000101000000001000011010001000010101101001001010000011101000101010010000
010001001100101000000100001100101100000000001011101011010010100010001011011000001010000101000100101010011101101100001101101011000011010011010010010101101101000000100011011010100010000000101010000010001011010001010100101011100100011011011101001001000000011101101010011011010000100001010100010000010000010000010101011101001100101000010000010000101010100000011000100101011101011000101001
100101001000010011100011001010001001011001010001001000101011101010101000100100000100100101011100000001001101010011101001000101010011011100001000100100101001010101010000101000011100000011101011100011010000001100011100100010011011001000101001010001100101000010001001011010101100000100100101000001010000100100010001011101010010011001010010000010100000100100010100011001010000001000011001
001100001100010101001100000100000101010011001100011011010011101101000101001101001101001101000001011011011101011001000101101100000100001011100010010010010100011001000101010000010100101100010101010100011010011101101000100101101001101010000000000011101010010011100010100100011100001010011011010010001100010010001011010011010001011001101001001001011011100001100010010100001100001000000101
101011010011001010001000001100100100011100001011001101010011001001011011101001000000000011101010011000011010010001101001000010000000100101010000100001100100100100000010001101011101101001101010011101001010011011011010000101100000000100001101001011011010100000100100001010101100100001011101101010011100001011100001000001011100000101011011001010101011100100001100100100011100000011001000
001101101100010100100101011010100010011001000100010001100011001101100101101100101100000010011000010011010011001011001100101000010100010000001101101101010001010101101100100011010011010001101000010010000010010010000011000000000100101000011011010100101100000001100011011010010101101100101001000000001010000001100101000000001100000100101001100011010011000000010001001000101011100001000010
101101001001000000010100011000001100010000001000101100011011101011101010000001001001010101001100010011001011100000010000000001001101001101101011011001001010010100101011100010011011001011001100100000010100101100011101010000000010001000001011011001100011010000000100101100001011100100100100011001000001100101001101100000011010100001011000001001010010101000001000100001000001000000010101
100000001101011101000101000101011000000100100010000101010001001011001001010011101001000101011101101100001011001101001100000101011011101100010001011101100100000011011011011101101100011001000000010101100011001000011000010011000011101100101101001001010100100011100001000101000101011000100011101100100010101011100101011100001001101001101011101010001101010010000011101100000010011001001000
010101001010011010010000100000010010100101100011011000011011001010001010011001011101010101010001100011000001101101101001011011000100011100011000100000010101100001011011101001101001100010100010011100100001010100000011100001010000100010001011101001010000010010011000000101000000001001010100100100000010011001010101011011011001011011010000101001101100000010100011001001101101000001000010
000101101000000000010001100000101010010000000100101001001100100011001100100000011011101011001100000001000100000000101000010101101100101001010101011001101001101000000011001010100011001010011010010100011001001000001101100001001100100101010000100100100010010010101010100000101101000010000101001001010010011010100000101001011011010010001000100001100010000101010000001011010010010010010001
101011011101011001010100010101100011101101100001011100010001001000101101001001010011000000101011010000101011101000010101100000001101011010101011101011100000010101000001010010000011101010100010010100101101000000000100010000010000001100001000001101000001010100101001100011011100011010011101011011000101011000000001100010000000100010001101011001011010010011000101000101010001001101010101
010010101001010011101011001011010001101100010101001101001011001011011001011000101010011011011011001000011001000010100011000011000000011101000100100001100001010010100010000010001101001000011011101010000010000101011000000100101101001101000011001001101100101011000100010100101001011100001100000011011101000011101100011001010101100100101000010100011000010011011100000100100011101011100101
011010101001010101100000010011000010001010010010000101000000010011011001001011100101101000100011000000011010010000100100011101011011001000011000011000011100101010000000011101101001011000011011000000001000001000001101010010000001001101100101001100011101010000000010000001101101011101100011000101010101010100000011001010011011100100100010000101000001000001000001011010000001010101101001
100101011100101001001100011101011101100100101001100100100011101100001100000011101101010101101100011100000100101011100000100101100011000011001010010011000011010000001101100011011000001101010001010001100101101010101011011000000100011001001000010100000010010100000100001001011101001101101000001101011010011101010000000011001011000101100101010010101000001100001000010101001001001011010010
001010101011011001011100101001101101001010000100011101001000000100000100010001001101101000001000010000001001011000001001000000000011101011100010101001010101010011101100001000000101000101101010000101011101001011001010011001000010010100011011101001011101011000100010001010101001101101011100101011001101001101011000011101011001010001000000010010101100101001010011001100000010100100011100
010101000001010000011001001101010101100001101001010001001100000001001100011011001101101010100000101101101101001001000101001101001100001011011001000010001010000101010001010001101100001101100001101100100010000010010001000001010001011010010100011000010010001010010000000011011001001000100101100011011000000101000010100010010101100000010011101001101001001000100011101100010000001100000100
001100100100001010000010010001010100101101000011101101101101000101101011000101101100001000011011000100001101011010011100001010011001001011010000011101000100011000011101011101000001100000001100000001011000101011001001010100100011100100010100011000011100000100100001000100001101100010100101100011101001011001010010000011010101011011011011100010011001010011100001010001001101011100000000
001011101001010011000000011101100000101010101010010100010101000010001001100011000000010000001011011011101000001001010101010010101000001011001101010001011001001000011000000000101101101101010101001101000011101010101100000011100000011010011101011001000101000101001001001000001101011100011101100011100010101010010000001100101000000010011001100001000100101011011101010000101100000000001101
011101101101010010010000000010011100001010000010101101100000011101000011100001101000010100000011001010001000100011011011001010100000011101101101001011000100101010010001011011010000001101100001001011010001000011001011101101011011010001011100001000001101001001010000100101001001001001010001010001001100000000010001100101011000100001101010100100001000000101011101001001100001000100101011
011100100101011100100101001101010010001001000011011000001010010100011101101010010100011101001010010100001000000010010001001101100010011011001100101010101000100101100101000000100001101101000011010010011100100011011010101000010010101101010001100011010011011011101011001000001001011011001001100010100101101100001010101001000011000001000101100101011100011000011101001101010000010101000011
011100011100101000011001100100100000100010101010101100100100011011101011100001101011100000011100000101101100000101001001101101000000100100011100101001100001011011101000011101001101010101000001100100001011001000011001101100010001000101011011100101010011101100010000011000100100000001100000101000101010101011011001010100001000011010001001100101010001100010001101010011011000101000100010
101010100101011101100010011000001010010101001101010010000010010100000010010001000001000000011000000001101001011010100010010010100101100100010101011011100101011100010011000100000010011100101100000010101010001011101100001011101011101001100101101001100001100100010000100001011011000100100001101001100001001001000010101100011100011001101010011100011000101001001001101000100001000001010010
100010010000001000100001100000010010011000101101101001011101100011011101100010101101100011100010101101010000010010011101101010101101010001000101101100011000101100010101101001011011010000000011010001101100010101101101000001010011011001100101011101010000100101101100000100000101001100011101001011100001011001000001001001000000011101001010010100010010100010101001101011011001001100010000
101010000101100011011011000000101100011011011011001011011010001010100100101001001101010000011101001010011101101010100100010100000101010000010100100001001001100010101011011000011011010001100100100001100011000001100001100010100001010100011010001001100011101011010100100011010010010001101000010010010011010001011101100000100100000010100001010001000100101001010100010000001011010101000010
001000100011001100100101100001000011000001001011010100101100000010101101010001001101001100100010000100000010010000100001010100000100101000100000001001000100100000010010011010010101101011000011011101101010001011010000010001010011100011001001101000101010100001000100100100100011010011100011000100100011011011011101010010100010001000100001010100011101010011001011101011010100101010001101
011011011100000100101101010010000101010101101101011001011011011101011101100010101001001100100100100000100101100011010001001001011001001101100010010101100010010100011101101010000010100001000101101101011010101010100101010000101011000100001100001001001000101000101010100101100101100101101010011101011101010100000010000001000011001100011010011001011010011100100010011010001101011010100101
000001001000000011001010100010011100010100011001100011011101000001011101001000011101000101000011000000011101011010001010011011100101011001010100010001101100010000100100000101010001101000101000010010010100010010101011000001000001100011100000010001011011011010011010000010001000101001100000100011001011010001001001001001100001010100011101100101100011000101010101011101101011001100000001
101010011010000001101010101011100101101011101101011100010010010001000010010100101101010000011010101100010000011101001011101001011001001011100000011010011011000100001001010001001101001010001101001001000100010101001100101100010011011001001000101010010001000100001001010100010001001011010001010101011000010000100101001010001010000100001101101000001010011010100100100011011101011001000100
010011010001001011101011101001010010010001000010000010000101010101011000100011101100011000100000100010101010100001101101101011101011001001100101000010000101001011101000000001100000001001100100000010001100000000010011101101101101011001001101011001101001100010000011000000011100001011101010001000010000100000100101001011100010001101101011000100100000101101100100100001010011100010101101
011000001010000100001011011011010101011101001100011100101001001001001001100100010101001001011101100011100100001011011101010001010001000010101010000010101100001101011101100011000100101000010101101000000101011011000010010010000000000010001010000010001000010001001000000010100010001101001010101011011101100000011100010010010010011000000100100011011010000000001001001010000000010100011001
000000100100001100010001000011011100010011011100100100100100010010101101100100000101100001011011100000000101100001011001010010011000011000101001011011010011000001010010000100101011011010101000000010010000011011011011000000010101011100100010101010010101000010101001001011011101000100000101010100000011100000010100010011011000101000010000011000000011101100101101101000100101010011101100
011100001011001101100011000100011011100010101101101000000101000000100010000010010000001101000101000011000011010101011101101001101001011010010011011011000000000001101011010101101101011000100001100011010001001010000011100011000000101100101101001001101000001011001001010101001100100010001010011100010000011001001011010100010101101101010010101010000000100011001010100101000000000011001100
001011101001000100100011000101010101100100011010000000100010101001000000010101100000100101000011100101000101010011001101101010000101101101011101000100101010011101011010000101000010001011100100010001000100010100011001101001010101000010101000000011011101000001101101000010000001001101010010000010010100100001100011000010101101011011100010101100100101011101011100011011000000001001011011
000010100100000010011000001100101101101001000101100101010001001100101010100101010100100101011001000101101010000100000000001000100000001101100001010010011010101001000100101000001101010000000000101100101001000010010001000100000101000101000001010100101000011000001011000000011011011100001011001000011100000101000101011001101011011101000011011101011001000101011011011101011100100000010011
000010010100010101010100000000010001010100101010010100011100000000101010100001000011101100010000011011011100001001100000001010101000100001100010001011010010010001011011001000010100011000100011011001011010100000101001011001100011100001101100101001000000011100100011010000010101011100011000010001011001100011100000101001001101101100010000000000100011000001011000001010011101001101100001
001100101000000100001011100000101101100010101001010100101001010011000101010000100010011001011000000100100000011000000101010100100011100000100000011011000010001100001011011010100010000100000100101010101011100001010011010101010011010011001101001000101010101101101001001001001101010011100011001101000000001001001000100010101100001011100101100011001101011000101001100000010101011011011011
001101001000000000010100011011101001100010011001000000010100101010010100100100010101101000000001001101000010000001100100001010001101010001100000010011101000001011001100000001001100100010101100011011001101100010100000001010000101011000101001000100000000001101101001101100100101101101000010101100010010001101001100001011011010100010010011011000011000101011011011010101101011011011001101
101011000010010011101101000011001100001000000100011100001011101000000101010010100000101001000000001010001000001000100011011100000011010001101011011100010011000011001001010000101100001100011011011101011011100101101101101000000001100001000101011100010011010011011001001100010011000010100011101100010100101010000001011011101100010100001011010011000010001100001001001001000101000101000100
010010101100011101000000100010101001011001101010001011000010000011001011100000011001010001000001011100010001100001010010100100010101010101010011101101100001101001001011011010001100000001011001101101010001010011011001000100010000000010101011001010011001101010101010101010011001100001000010010010010100010100100100100100000001001001010101010100000101001101011100011101000100001101100011
011011010011100010100101010101100100101100100010011011101100010001101000011100011000101000100011101100101100011000000001010101001100100001001000010100011001011010010010001011101001100010011010101010101101001100010100101101000000010010001000100011011011001000000001001100000100101101010011011011101100100100011011001010001011101000010011101010001100100010010011101011001010100100101010
100101011011011101011011101011010100010101101010000100001101100101001101101100001011011011011011100000010001101100100001011000001101011100101000101001001100010010011000010011101011101000101000010001100000101000000011000001000001010000011101011010000011101011100011001001000000000001000010000100101100100000011100100001011011101010100001001011101001100010100001010101010011101100100011
000001100011100101010011101010010000010100011001001011101001010001001101001011010011001101101100011000100101001100000101010101101000100101101100100100010001000010000101001011011101001100010101010011000101000100000011000000011010000000011001001100101100011100011010001001001101010001000011101100100011010001001000101001101011001010011001011101001001001000000010011010010000001001000101
010011011011100000010011000001010010001010001001010100100010010101010101100001101000001100000101101001011000100001101010011000100100001011010000000101100000000101011100000001100011000011101101010101100000100011100100100000000100011000100010000011101000101100010100000101000001000010001011001000000010000000010101011100001100101010101000000101010101011000011000001000011011000000000100
010010101101000100001101010101011001010100100100101101100001010100000011101101001000001001001100001100011000100100100101100010001011011011100011001101100001101010000100011010100011000000011001001010101011001010001001000011010000101000001001011000001001000100101001100010000100010100100001010000010101010000101101000011001001011000000100001000101100001011010101001001000000000100011000
100000011100100001010100010001101001100010010010011001101001011000001011000011010100101100000000000010001101011010001011101100001100101100011011011001001100101100100000101011001001100011010011010100011001011011010011011100010000011100100101011100101011000010001001010010101000000010000001000000001001001101001011000101010100100100010001011001011101101100001001101010101011010101010010
000000000101100011011000100101101000000011000010000010010001011101001001010001000100100011000011001000101101100101011100101101001101010100001001010101100101010100011101010001100010101001010001000101100000010000101000100000000000011011000011101010101101000101000010011001100011101011100010100001011011011011010100100100100000000101000000011001011011000011011100001001001001101001000001
001011101101100000000011010010100000101010000100010011001001101101010100000000101100000000010001010010101010001001010010101000101010001000100011001010001100100000100101101101000001000000101000100100010010100010101101001010000101011010011010011000010100011100100101011000011101101011101101010000101100010000011000010010010101010101100000000101001000010100010001000010000010100011101100
011011001101011011010000100010001001011010001100001100011101000000100101001001001010011100011101001101000000101100001011101000100010001001100000011010000101000000011101011001001011100010001011000010000001001001100000000011011000010000011100010001100010100000000000011011100010101011100011101010101001011011100011001000010101010100001101011011010001101011001101001011000011100100001101
001101000010001101101101101010000000011011000001001101100101101101000100000100011100001000010011011100100101011001001011011011001101100101010001100101011000101100011011101101011001011010101001000001100000011001101101100010010000000010000000101000101010000100001000101011001100001011001100001011010100001010000101011011010010010100011100101100010001100010101000101011100001101011000010
000011101100001010011101010011001011010011100101010101101100101101010001100010001010010011000001101101011100000100001011001010100101100000100101001001000101000001000100011001101100011001001011000000100101010000100010000000011011011100100100010000101101000010011101000000101001010010010001101001010101010100010100100011000011011100100101101100001000000001101010011011010010000000001101
000100010000100101100001000000100101001011100000010001000001011101011100001001101000010001101100100101000001010001001001010000100010100000000010010011100100011001000100001001010010001100010100011010011100011000011001001001000100001101101100000100100000000011001011100001101011101011011001010101011011000100010001001010100001101010000101010010100001101001010011011011001101011011100011
101101011000000000100101011010001100010101001010000101011100101010100101001101010011100100100101010000010000100011011000101001101011011000010100101001011011101000101000011000101101101010000011100100000000000101000011101000001001011101011010000000101001000001101001001011101001001100101010011001101011000100001100100100011101000000010101001101000101000010100000000011000000100001011010
100101000000100011100000101011101001000010101000001100001010000010001000100011000101001000001100101011010001011011000000010100101011001010100000010001001001100011011011001101101001100010011011010010001010101010010001010011010100010000011001101010000100010101011101001010100101101010001001000100000011010001001011101100101001011100101000011001010010001000000101010100000100011100011000
101011101011011000001000000011100000010101011101100011000001100100010011011000010101001101101011001010010100000011100001000100010000001001000011001010100100011000100001000101101001001100100011011010011100000000011101101000011101100011001101011010000101101101011101001000011001011011000000101100000101010000011011000010101001001001011100001011011010000101011001000100000011100011101000
101011100001000100101000101000101011000100010100011100101010011011000011001010101011101011010100000101000000100101001000010011011011000011011011011000010100000001000010001000001100101011000101000101001011011101000101011011101011011100011101100000010101101000011010100010011000010000000000010000100100001010101101010101100000011010000011000011010011100001101001101101010010001001001100
001000000011010001010100100011101010001001100100011100001011011101101011100011010000001101101011101011000011001010101000010000010101011101001011010011100101001101011100001000000101010011000101011101000001011101011010001000010100011011101001010011000000101001000000011010001000101100000010000101000000001000001000010000100010010100100100010000000011010001000001001010001001001100010000
101010010000011100010000011101001011100011010101100101100000101100001101000101000011100101101010001100100010100011101101101011011000011000000000000100001011101011101000100100000011000010100010100001001101100000011011001100010001100100001001010101001000100000100000101011010010010000000001100101101101000100010011101000000101011010000010100101001001001010010011000000101010001011101101
000101010000100100100011101000000011100101000000010000100011100010011001101011101100011101001010100101000010010001011000011101001001101011011101100001011101000011001001001010100001001100010011000000100010000000101101100100000001100011011101011011101101100101100000100100010010101011001011011100010001011011101101000011101100001001011011100101100011101000001101011000101101100010000000
101010101001011001011100000000011011001010001000010001000010100100000010100000100001101011100100000011101011101100011101100101000010000011000001011100000101010100010100101100101000011100000011100000101101100000011101010100001011101011001000100001011100011001100010011010101000100001100101011101001010011101101010010001100000000100100001001001100001011101001001010011101001011001100001
101101010001001000011101100100010000010101011010011000100011100000011101010000100011011010100100100011011101010010101101101100000001100011101101101101001100011001010011010101100000011010011010010101011101010000010000000011011001001001100100011010100000001100000000101001000101100010100011011101100001001010010100100100000101000101100100011101001011011011011011100011010000100000011001
000100010001011011001011010100100101001101101100001101100000100001011001101000010001000010011011010000010000100001100101010001010010010101100011001100101010011000000001100100011001010101010001000011010010000011010101011100101011000000100101100101100010001000010011001001011010010011001010101001001011101100000001101001001000001101101010101011101010000000000000011101100000011011010001
100010101001001011010011011101011010100011010000100010001010011011101001011011001100101100000101001001011001000100001010100010101001100010000101001010011100011011000010101011001100010000000011101000001001010101011011100101010100101010101100100010011100001000011000010001000101101001011011010001011100100010001000001001101100000000001101000010101100101100100001010100000000001001100011
101001101100000010011011011011010001001001010001100101100010000001011000001001100100010011101010010100101100100001001010001100001101010101010001010100010001101010000010101101001001001001100100100101101101000011101100011101101010010000100100010001101001101011101001000010010010101011011001100000001101011010001101101100000100000010001100010100000011011011100011101001000100000011000000
010011010101010001101001000010101001001011011010011001010100000001011010100101010101011101101101100011100101011000100011101011010000001101101101100100010000000101000010001010101001000011011010001101101000000100011100101010100010100001010001011000010101000101000100101011011000000100011001000010010011101010001011000001011010000010000001001000000101101011011101011001011001100011000000
000010010101101010010001010010100100001000000011000011010001011101101010100001000011011100101010100001001010000011101100001010101011101011100100001101101101011100001001001100000000101010011001010011101000100001100011010101011010010100010101101101100011010011101001001000101100011011011000000011010001011010011100101011000100010010100101010011101010101011101101010001101101001001100011
011101010100011101000010011000010001001101101000011100001011001000100001101010001101100001011001101101001101001011100100011000000010100000001010010001011001100000000011100001010010101001101100011100001100010001101011001101010011101001011000100101010101000000100101010000011000101011100101101101010001100001100000001000101011100001001100010010001010001000010010010001001001001000100000
011100010010100100101100100010001001000010101001010001001000000100101101010100010000000010010100010000101000100001001010101010010001011011100101011000100101010101010101000001010100100101001100010100101011001101011101001011101011000010001101100000010101011011010011010001001011010100101100001100101010011001010000101011100101001101000000001010010000011000001100100011100010011001001010
001011000011000010000011000011011000100101011000010000011001101101000011010010011101101101101100101100000100101000011010000101001101010101101101100100010011001001001100101001011000101101011011100010100011001100010100011100010100011011100010101100001011101000100001001100001100010010100100101100010100000000100011010011011100001101101010011000011101011000001011001100010011010101101001
011011101101001000010101000001010001011001010011010000001000000101000100100010101000001101101100000100011000011011001101100011010011001100010001010100001001101010010101100100101101100001001010100000010001011011010001010000011100101001100101101000010101100011101011101100011100000000000010010100101101100000011011000000011100000011000011001100100000010011001001001100011101100000101011
100101001010010100101010101100100100101100011000001011100000100011010001101000101101001000011010000010001010000010011001101000101101100001100101010000000010000001010011011010010001010011100011001001001101101011000101000011101100100011100011011100001001000010011011100011000001010100000001101010010101101001010011001001010100010001100100100010000101000100011101001010011000100000011000
001001000001000011000001010011010001100011010100011001000101000010001100000101011011101100010001011000010010100100100011010100010010010011000010001101100011011001001011000000100101100101000010010100010000000001000101011100011100001101101100011001010100000010000100011011001010000000010000000000010101010100001101100011001001011011000011100100010101001001001100010001000000100101000001
000000001100011010010001100000010010011000001011100100010100010000100100100100100011100001100101000101101101001010010000000010001000100001011010010010010101000001000010001000000010010100010001010101101011001000001001100101011001010000001101100011010011000101011011001010000011010001000001000101000100011010011011001000000011101000001100000000100001100000010000010011011010001100010101
010011100010011000010011100010000010100101000100000101011000100011000010100010010000011100101000010000100101100000100101100001101000001010010001100011101010000010011010000101100010001010000001000100001001000001010000010010100001101101100011011101100000001010011101100010010011011100000000101011010100101000011001001010011011001000001000001001100001101101101010100011001011101011100011
101000101011101000000011001101001101010000011000001001100000001001001101101011001001011011011101010010001000001000100001001100100001101000000010101001101010001011001100100000010011011101010100100010100101000101100011000010100100101010000101001100100100101100001101001101001000011001000100101100101000100010000100101000010101001100001001100100000101100010010101100010100011000000000000
001001100011100101010010011001000101011101011101011100011100101001011101000000011001101100001000101001100101101100000010011010100100101010100010101010001010000101010000101101000010010010101001001010011011100010101101001000001100011011011101010011000011101011100011000101010101100011011011101010010000010100011001101011011011100011011101100010000011101010000010011000001101101011010101
001011011101100010100000000001010011101000100001101000100000010001011000000001011011101001011100011001101011010010010100011000010101011000100011000011010101000011100100000101010001100101100001101011100011010010001100000000001001010011100011010000000100001000010100001011010101100101100010000100010011010010101100001010011011101010100011100100000001100101101000000001011010100010000101
011010010001010001000010000001001100000011011011101101100010001100000001010100000000011010000001011011010100101011101000011011000100001011000011010100001101011000101100000010011001100101001100011001100001011101011011101010001101000011011101000101001011100010010011101000101010010100100010010001101011000001011000011101010001010011001010101001001010010001011101000101011000000011001011
011010100011001000101001011001001011001011010001011000011011001100101011101101100100100001001101011010101010101000101100011011000010100010101000100100100001100101010101011100010000011010011001101010011000011010000011101001100001000101000101010001001010000101101001000000010101000000100001000100001101011010001010010011010001010011101000001101001101001001000100000010001000010011100001
001010010011101010100010100001000100000011000101001011010001001001100010010010010100001100000101010011010101001011001000001000100011100100101001100001000101001101000000011100101001101001010010010101011011011100011100001101001100000011001000101000011010010010010100100001010010010000001101011100001011010101001011011001001001000101101011011100011100010100100001101001010100010001101100
100101100011101011010011100101010000011011011100001010001100100101001001010100011100011011101001101101001011010010101101010000100011010101100000001001100010101010101010100101100101000100101000001010010101000011011001010000010011100100000011100001011000010100000101100001011100100101011101010101010100000001000100010101100001010101101101000101011000011101010000011100000011100011010010
010001010010011011101101101101011101001000001001010100100000100000001101100000010011010101011100010000000000100001001100101001001001011101011011100011000101001101010101100001100001001001000000000011000101100101011100001100101001000101101000001101010101000011010100011010101000010000001101101010010011000011010101100011010001011101011100011001011101100010010101101000000001011000010001
000100100011100101100011000001101000101010000000001100011000011000001010100101011010100011001000011000011011011100010101010000011000001011101101100011101001100101100101010101000010011011010010101101001000001010000000011010001010100011011100000011000001000101000101101011010010100010011010100000011011010011001001010100010101101010011010001000001101100101011100001000000100011100000101
101101001100001001010100011000001100100011100010000100001100000100011100000000011001010000100100001000010000000000101100010000000001010001011101100010000000000100000100001000000001000101010011101010011000000011001000001101010100001000011011010011101101001100010001100001000000011101101011101100001001000101011100001011100010001101101001001011101010100001001101100101101000011000010100
100101010001101000100001001001001011010011000010010010101011000000010101010000000011101001010101101001101100000100101100001101001010011100000010011001000011000010010001100001101001100010000100010001100011011001100010100100000100100001101001101001101001000011000011001010100101001000100100011010000000100010100001000010001010101001100010101001000011001101000000100011011010011001100011
000011000011100011101100011100001000101101011001001101000001101100100011000100011011101010010100010000101100011000011001011010001010011100001101000001011001011000011001000011101101101010001011101001011011000100100010011010001011010011101101101010011011000001010000011001101011100010010000001101101010001100101011011001010000011101000010010001010011011101000010000010010010001010011101
101101001011010000101100010011001100101010101100101011001010101100001001100010011011101001000000011101011010010011001000010101010001001001000010011001001000011101011010011000001011100000100010001101011011000010100100011000101000000101011010011010100011010010000100010000000001011001101000101011001001000010010101100100100101101001001011011101010001011000000000011001011100011001001011
100101000011100001001000010010010010010010000010001000000101001001101001010010000000000010000000000011001000100101100100100101101100100011011101001001011101000010011100011011100100100011010010010101101011001011010001101101000011001001100100101000000101010101010011101011101001101000101101101101000101101001100100010101001101101001101010010101101000010100001000010001000001100001000100
100001101010101101100101011101010000001011101001101011100100010011100000011101011011100101100101010000000000001011001001101011101000101010011000100011011010001010010011101100000001000011101101100001101011100100011100011101010011010100010100101000010100001010010011011010001011010001101011010011100000001000100100010010011000011010001001011101001001001011010101010100010000101101100010
010101001100101000101011000000011011010010100010100011010010011100011101000001000010100010100100010100000101100001001011001101001010001101100000000011101011101001101011101001000001001101001011100100001000101101010010000100000011010001101010100010101100100000001001011011100010010011101000010010010001100101001100101001101001001001000001100101100011000100000100101011000001101010101100
101010010010101101001000100101100001100001101010001101101001100101010101100010000011000100011011011010011010101011001100011011000010011100000101001101101001001010100011011000001100001011001101101101100101100001001010100010101000101011101100001010010100101010000000010100000011011010101101001101001010100001101000000011010101001001011010010010001101100010000000010101100011010011000011
000010101011101010011100101100101100000010100100000011100100011101001000101101100000001101001100001101011011000001100000001011100101001001010001100101000000100000000000000000000010011101011100100100011101010010101000011100000010010010001011001010100101011001101011010000010001100001001011001000101001011010010001000101010001001011000101000010010001010001101010010001010000100101010101
010001000101001100011100101101100001101101001100100101011000100001010001001010000000010101001000010100001011001011010101000101001010011000011001101010001011010101000011001000001011100101001100101010011000100001011101001000000000010010001001100000101001101010101101001101101010000101001011001100100101010001101010011010100011001011101100011001000010000001101001100000000001010011001100
101101001001100010010000010001100011001101001011101001010100011010100011010010011010100010100000000101100011010011101001010100000101100010100010100001000000101010101010011001100010101101101100101010011010000010001000000001000000100101001011101100001001100010100010100101100101010001001011010010011011000101011011010011010001000000010010000100100000100010100011000100010001001010010000
001011100101101010010000100101000001000001100010011000011011010010001001101011011011101011100001010011000001000010010010000100010001101000011011001001101101101011100100010000011010101100011011011101000001011001011100011011000011100010011011010011001101010101011011001011001000001010101011011000101001100010010000101101100000011100001100101001011010001101100101011011001010100001001011
000010010100001100001100101010101010010100010000010101000011010011100011001100010100000010101011010000001101011010011000011010000011001001100010010001001011000010011011010100100001100001001011000011000000001010100010101000011000010001010010001001010101010100011010000010101010101101010001001101001100010010011010100000011010100000001001001011001000010101001100011011000001001001001100
010100101011100011101100011100100100000010010000011011010000100001000101100010100100100011011010101101100011000010100011010001001010000101011001000001001010101011101000000000001001011010010101001000101000011001101000000000101011101000100011000000100000000101001010101000101001101010011000100011011001000101001011101000010001100010011011000011011010010101101001000101100011100010100011
100010101001101011101010011101101101001001100101100010001010101100000010101011001101100101100001100011010000011000000010011011001010011001011011000001100010101100011101011001011000100101101100000000001000010011100011010001010010100010001101001010001001010101100010010101000010101101000000010010000000011101101010000001100011001000101001011011100010001001001000010100000010011000100011
100000101001100001100011101101100000011010001010011000011100100000010101000001011101101011011011101011101100000000010001010101101001001000001001101101010000001000101001101011010000001011001001010000010010001001001101001101101001011000100100001001100011011010000000100010001100011001000010011101010010100100011001001100001011010011000101011001000010011011000011010001101100101001011011
000000010100001010101011010011010001011100100001000001010010011001001101011100010001000000011100010010100001101001010101000011011100010000001001100101101100000001011000000011011000100001011000101001010010011101010100000001010011100100010100000101011010011010011001001001010101101100010101100101100100001010010010001000000011000000011000001101101000100001100101101011101000100101011011
101001010101101001010100101101001011011001001010100100001010000100101100101000101010100011000011001100100000011000011101010001001010010101101100001000101100011000010010100000000001100000011101100000010010100100011011010011101100101100010001000001010000010000100011001000100010010001010001101101101101101100011101011100011001000010010010101101000100010101011001011000010100001101011001
001010001001001101011100011011001000101100001000100101000000101001001100001100010100001100011011000000001101101101100101001101011010101000101001100101011101101010000001000011010101100010000001000101100101100001101000011011100010101000100001000100001001001010100001010100011101001011100000101000000101101010001100101000001001100101011010100000101100001000001100010010010010001010000000
011010101100100100101000001100011001010011100101100000100011001000010100011011001011100101000100011101010000001000101011011001000101000010100010010010001011001101011011000011101001001101000011001101001010100010000011010011101000010000001010101011001000001101010011101000100101100101001010101000100010100100001101100011011100000010010010100011100011001100010010100101011101101101101101
100001001001100100011010000001101001011011101011101011000010101001100010100101100010011011101000011000001001010010001000011011101101101001001100000010001000001101011010000010000001000011100100101001101101010101011011011001001000001011101011010100000000000000001011000101000010010010011011000010010010001011000010101001100000011000100001101000011001101101001000010000011001011011000011
010001101010000011000101001001100010011010100100000100011000100010011101100100010010001001101000100101010010010000010011100100100100100010101101001010101001100011001100001010010011001101100011001100000101100010101101011100010010101011101000001101100101010011000000010010101100101010001000011010101001000001101010011011001001010000101001100101011011100010101100001101101000010000010010
000011001001101101100000100101011101010011101011011101000000101001100010100101011100000001010011011001101000010101101010001101000001001101100101001100001011000011100100001000101101001100100000101001010100010010100000101011100011011010010000000000000000001101100001101000000000001100011100101101001101010101100010101010001101101101001010100000010011010101001100010001011101010001010000
010011010101000000000101001001011010100010000100011101101100000100001101000100011101000010010000101001011100000101010011100101101000010101101100001011001100001101000011000000000000010001010011011101010101101011101010010100001010100010010100101011010101010010101100010010000000011100000101001000101011101001010001011000101100011100001000101011101010000000011001000001000101000010010011
010100000010000001100101011001011001001001001001010011011011100010100101101010010000011101101001001101101000011010010011100100101010000001000000001000100100100001010000100101010101101011101100000010001011011100011011100011000000101011001000100000010000101100000101100101001100001100101001000001001000010000011011010010000000001101010001001100100010001000100101101010101000010001000000
000011101001010011011100010001010001001001010101101001000000000011101100100001001100000010010000000011001000010100101010010011100001011000001101000000000011100011000011000010001011000011011010101101001101000100100101101001010011011010011011011010000100001011011010010001001010100101000100000010100010100010011010011011001010000100000010101011001001100011000101011100001001010010100011
011100101101001001000011011100101001100001000001100001010101010100001001001011010101000001010101100010010100010011100001100101100000001101101011010000010011011010100000100100011100000001101010100000010000101000001000001010100101000011101101001011001100001011000100011010000100010011100100100000011010000000011010011101101000010010001011010101101100001001100011001000010011000001001101
010011000011101101100101000010010011011001101101000100001010010010010000001010001100010010001000001000100000001100011000100101100101001101000100010100101101101100001010011101100000010101101011011010011000000101100001011101011011010100010101010001011000011010000000011001001011010010100011010011011101100010001101010000000100101000011010100010011101000011010010001100000000001001100001
010100101010011010010100100000101101001100010101010001100100101011100100100001000001011011101011001100001011100001000011010001101010000010100010100010100101100101101010101100011011100101101100001000100000010101101000010010100100101100100011010100001101011100101011001010010100100010011101101010000010011011001101000000000011010000000101101101010001101011010100100000000100000000011000
011000000011001001000000000010010011101001001011101100101010011001010011101001001101001101011001001011011101011011000100011010101001100101001001001100000101100100010001010010000010100000101001010011101100011011000011101000011010100001100001100010011011011001100101010011100000100101010011011000100101100000101101011010001100101000100000000000100011100010000010011100100011000101010100
001101011000011101011100011010001100010100011000001100000000000000100101010010001011100010001001000100100001100011000000010100101011001000101100010001100100011100011100011000010000011101011100101100010101101011100011100000101101011100001101011101011100010100001010001101010010101011101011001000001101011010101010100011000101101101011011011101010100001011100010101011010011101101010100
001011010010001100100101001100101011001101010000001000100010100011101001010001011001101001001011011001011001000100000100001011010001100101011001010001011000100000000010010001011001100101100010010001010011010001010001010000101011100010000001100011000100101001101011101010001001000001001011010010101100011000000011000001101100000001101101000101001010101101101010101101010010101010101000
010001101101101100010010000011100101101001010010011000000000010000001101101011100011011001100001010010000000101100001011101100010011011011100100100000011001010101000000001001000100010011101010000010100000100010000100100000101011010010010101000101000101001001011101010010100001100010101011011000001001001010101011000010011101001001101100001011100001000010001001000000101000000011010100
001000101010101001010000101100000101010000100001010010010000010000000101101000001011000001000000010101011100010000101001000001011100001011011000011101101000001011001000011010011101000011011001101101001000011101001000001011010011101011001000100001101101000101101101010010010010101011011000010101101000000011100101010000100000011010100001001000011100101001101000000010011000010000000101
100001010010101001100101010000010001011001001011100001001100001101000000010101001011101001100000001011011011101011100001001100011010010100100010001100011100101010010011011000010001011100000000000010010010000010001011101101000011001001001000011010100101001010000001100101000101011011000010000001010011000101101010101100010000000010100100000001001001100001011010000010011101001101010100
000100011000101101101100100000010011100101101010000001001010001000100011101011001001101101001100011000001001000010001101011101011011000100001010100011101010010010010011010010000011100011010001100100100101001001011001000010011100000011000100011101000100000000000000100101000011100010100011000100010001010000100010011011010100101000101010100100001010000001010011001100100011100000101001
001000101001100011001011100010101100000010101010001001001001001101000100010010001101101100100010000011100100010000011001101101000010001011000010101000010010000011000011101010001010001000010000011001001010100011100000011000101101000010011010000101011011101101101001000010101011100001011001101101010001101000001010010000010011010010010010010010010001010001101000010010011000000011101000
000010101011100010010010000000000000100001011001001101010011100101010000001001011001101000011011001010010100100101101000010101010001100101000011001100010101011001011010001100011100011011001011010100101010101101011100100100100010000100000100101011000011011100101010101100011100010010010101100101011100101010011100100000101010001001100011000101000001001100010001101000001000011101000101
100100100001101100011100000101001100001101000100000010001010010101000010011011100000101100101101010100011011010010000010001101101011001001011101010100001011010010101101010001000100010010101010000000000010100001011011101010011010001101001001010010011100101000100001011011100000000000011011001011000100010011011011010010100001011011100100010101001011010011011010000001101000001001011100
101001010000101010101100011101100100101011000010101100011001100011000000101100011011001100001001011010011001000001001000000000101010010010011101001100010010100011011100101011000100000011000101000000011100101000101000101010010010010100100000010010101000100000001011100100100001100001001100000101100011101010000010011011010101010011001101011010010100000100001001000011011011010000101101
001001011000011011000011101001101010010100010101000000011000010001101101010101011100000100000100100100101011101000101000010010011101101000101010000101101100001100011101100100010101001101010001001001101000010010100101100011010101000001011010011100011001001000100010010101001101010100000101010000011100000001100100001001001010001001101101011101000101011000011000101011000101101000011000
100101100101010000011100011101101100010101000011011100011010010101001010100001010011001001101011000010001101001011101101010011001101011000011011100001001000001011011011100100101010001010001101100001001101010000011000101001100011100100010010001011000100001101010011100101011100001000101011010011101101010000101011101000001100010011011001010001000011011101100100101101010000101000001010
101001100101011101010000010010001000000100100010011001100000001101100101101000010010001100101100011000011010000100001010100001011101101010011001101000001100011000001000000001011100011010000010011000010001100000011001101100000011100010101001010101010000100011101000101001101100010010011011011100001010100010010101101101100100101001100000101001011100000000001011001011100101001100011000
001001011000101000101000100101001000100010001011010100100011100000001000001000100011010000011100010000100011100010100000001001011000001001011101100000000101010001001011101011101001000001100100010000010000100000011100101011000000100011010101001101100100011010011010011010011101010101011000100011000010100011001001100010101010100101011101101100100001011001011000011001001001000101011001
010010000011000000101100101001010100011011001010100010100100001000000011100000001100101001100100000011010101101010000100000001001101101001100100100001101010001000011100001000011001011000000010100100001001100011000010011001010000011101001001101101100100001001011010001101010000000010010010101000000000000010000010010101001100010011000100000001101100100000001011100010010101010001010000
011001011001011000101011010000010001101100100101010000010010100001000000000100010001011010010000100101011101100001000101000100101001101011011101100001010010010011100100001001100101000011010000010010101010010011011001011000001001101101100001100001100011011100001011011010000100010101100000000010101011001001000000011000000001010010000001000011100010101000011000000001000000011101011011
011000100011000010000100010010000001001010010000000101101100001000101010000001010101011011001101100001001010001000100000000001100000100010001011011000101011100001100100100000100101000001001101100001000001100100100101101000101001010001000001011000101100010100100011000000101011101010010011101011001000001001100101001001100101101001001011010010001010101001011001000100100100100010100000
010000011101100001100001100000010100010100011000000011010000010011101101000010101101101010001000101000011100101001100011001000000000011000101000001101101011001000001001001011000000000010010010010100101001100001100011000001000101011100010011000010000010011101010011010000010011000011010101100100010101101001001100010011000000010011101001011011000010011011011010010100000001010001010101
000001100001000101011000011011011101010010101100101100010011100010001010010101100101000011010100011010011100101010000100100011100000100100010001101011100101100000101101100010101010011101001001000001010000001101100010101101101001100011000011010010001000001011000100101011011100011101101001011011000000010000000000000011101100001001100101001010000000100000010011100100101011001000011000
101010010001001100000001100000100010100001011010011101011100101101011100011000000100001011100000001010001000000010001100101000100100101101010101001011000001100010000010010010001001000010011100000100010011011100010011101100100101101000011001100100100100010001101011000000101011010101101001011101011000000010010010000010010101010010011011001101100001011010100101010101010001000010010011
000010011001101101010010101101010011010100101000011010011010000011011100100100100000010001010001100100000001100000001100000011001101100000101100010000100000010000000010010001010101000101100001011101011010001011011010011010011010000011001101010011101000011011000010001001100000000100101101001001101000001101010000010101011001001010011010010010001000001101101010001100101010001010101101
000000000000100011011000101001011001001000001011010000101011001001101101000011100101010100101001000011000000001100011011100100001001100101101100001010001011001001101000101100010000000010010100100011100101001011001001010001100101011101001011001001100101100001100001001001011000100100101011011101101000011000000010011101101100001010101001011001011011000100101100100100011101011100001011
101000001001000011001101000100000010101100011000001000001001100101011100100011100011010010100010010010000101100101101011000100000010100000101010010011000010010100101100000101001001001011101000010011001011011100010000001101001000101011011011011011000010101011100100001010100000010000001101010100000100101010011101011011011010101001001000000100011100101101000011011100100100010011011011
100010101100011101101011000011001100101011000101010000101010100011011100001000001001010100010011010100000100101010000100000001001011100011101001000000000100000100001000001010011001100010100011100101101010001101100010011011101100100101011100010011101100000011001100101011010001000011010101101011000101011101101100001000011001000101101001010011010001011000001011100000001001101010010011
101001000011101001000100101010011001001100101100011001011011101000011100010101100101000100100010001011101010000011000010101000010001011011000001011101001011101001100100000000000001100011100100001011100010011101001011101010011010000010001001101100001001011101100101010011100100000011000011011010100011001001100101101010000001001011000000101000001101101011011000001101000000101001000011
001010011010000001001101101100100001101001001001000101010001000011001000100000100000001000101000000101001001000000100001100000000011101100100011001100101011001011001010010001011101001101010001010011101100000001101011101000001001001001100010101010010000001000011100001101101000011100101101101011010001100001001010010001011000000100100000101100010101010001101100011100000101100010010100
100000000100000011010101000101100001010000100010001001011011011000100101000010000010010001000001001011011101011011010000000001001001100101000000101010011001010100011000100011001100011001000100100101100001011101001100000100000100000001011000011101001001101001011000000100100011010000011010100011011010000001000001001000101101001011001101100001010001001101000010100100101001101000001010
011101011001011100101000011101001000001100101100000100001010000010100100011101100000100001010000011011001010101010101010000011000101001000101011000000011001101010000000101010011001010010010001101101101101000101100101000001011100000100010011100001011000001011000000100100001101011101011100000001001100011010011011000001101100011000001100101000011010000001001000000010011010101101100001
001000001000010001000100100011001010011000010101101010100000101001100001001011011011010100001001011101001001011010000011010001011101101010100001010000100001000011101010101011100100011011100010001001100001010001100001010100010010010010011000001011101011001101100011100001000000101100100000000011001000000100101000101001000010010010101011011100011010011000000100100011001010011101100011
100000100000001011101011000010000001100000011010010010011011100101011011001011101101100100010011100100000001101100001101101010101101100101001101101101011000100011001010001000001011000001011101101100011011000010100001000001000100001011101011001100101010101000001010011001100001010101000001001000101000010101100011010001011101100101010000101011000101101101001011101010010011000010000100
100001011101100011010010000000001011100100001000010001010001010000001000001000011011001000010101010010101000011010100011001101011100010101000100000000101001101100011000001000010100011010100001011100000000010101011100010101101101010000011100000011011100011101101011001010001011011000001100100100000001000100010001100011100000010010011011000101100101100000100100000010001101010011010100
101000010001001001000000001000101000101010000010001100101001101101001100100000000000010001001011100000001100010011000011101010100001010100010101011101010100011011011000010011001001100000000001010011000101000001000001010000000010010011001001010010101000011011011101011001100000011100010011001000001001011000101010100001101011101010001011000001001000001101000000000100000011100000011000
000101000000011011000100000101000100001101100011010001100001000011011101100100010000010001001010100000100001011011011010010001101011011011010000101011101011100101101101101000010100001010011011000000000101001100010001001000000010001010101001000101011101000101001001000101101000101001011011101000010000100100000101010001100000001100001101010001101000010101011001000100010001101011101101
010010101101011000100001101001010010011101011001011010101011011001001011001101011001010101100101000100010001011000101100000100011101101000011101000100010101100001010010000101000001010000100001010001011100100011011100101011010001010101010001000011001101101000010101100101001010101000100100010010101101101011011100010101101100101000011001001011001010001011011101010010000100000101001100
000101010000010100101000101100000000001010011001001100100001000100011011010010011101001010000101001101001011000010011010001000100100000101011101100010011010100000000100000011001011010101010100000001011011001100011011000100010001010001010011011001001100100101000100000010010010011010101000011101011001101011011011011010011100101001100011001100000001000101000100100000011010011010011001
100000100010010100010010100001010011010011101000000100001100010100001100101000101101101101101011010101001001000100010100100100100010010001101001010010010010000010001001010010001100100100100011100001011100100100101100100100100001011011000100001010000000000000001000101011011010010001010011001101100011100001011100001000000010100001001011010001101000100101011000011010011011011100000000
101100011100011001011101000001100100100101100011000010100101011010100000000001010011000101011000011010100011010010000000001100100010011001001000001100011101001010011010010011000010100001001000011101011101001001001011011010001011001101000101001010100011000100000000000101001001101001101100100010000000100100100011001000011010000010100010101000000000100001000010000011101101000101010011
001010010010010100101000011011100011100101010101011000000000100000010001100100010100001001001001001001010001011001101100011100011000101101101100101000010010000100001000011001010101101011011001000010001001011001100101101011000001000011011011010101101001101000010100010010101000101100100010010101011010000101010101011010010000010011011100010010000101000010101011000101001100100100011101
011000101011011100001010001000100000100010101010100000010101101010001000000101101011001010001100100011011001010100011010011001101000101000000010001011100101100011001101101100101011010000001100001011010000011011100010011000011101010010010100100010010000100101101101010001100101000011010101011010011100011011011001010010000100011001010101010100101010101100000010011000010100100010010001
010010101000000100011101101000000001100011010100000101010000000011100001001000010101010011001101101101100000010010001100010000001101000001010011100011001100011001001011001001100011010000101001010000000001101000010011010000100011001010101011100101100100001101100010000100001011100010000001100011100101100010000100100001000101010100010100100011010101010011001010001001000100101100000001
000010011000000001101010100000100101000101001000101101100100000000101011000100000100010010000011000011101101010001100100000011010010000010010000100011101010011011001101010000001100011100101011100011000011011010101101101010100010001001010100100011001001101010011101000010100001001101001010010100001100100010010010011001010100101010001000100100011001001101000011010001100011011001011011
101101010000001000011000000101000001101000000011101010010101100010100000000100101101000001010000010000100010101011100001101100001100010001101101010001001001101001011100100101000100100011011101011100010000001010001100100010001101010100100101101010011010001011011001000100010000011000100101001000101100000000000001101000101100010001101000001010101001010010101001000010010100011100011001
100101010010010001011010010100000010001010101011010000100011011100011100010100001011001010011101101100100100000001001100011100101001000101010000100101000010010010011010011001000101000011100001001010100001100000000010001001001001101011001001100101000001010001001101011100101101011101010010101011010101001001001101011100101001001100000000000100001101010000101100001001001100101001001000
100100010101010001010011010100011100011100001000100001011001011001010011010010101001010101000000010001100100101100001101101011101101001000101001100010011001101001001101101000100011010101010001010011010000011011010010100010010100100000101101001000100011100101001000101101010010011000011000101000011101100101100001011101000010101101101011101010100100100011000010011000000100100010011101
101010010011100001001100010011101101010000011001101100101001000011001010101000010101101011011001011011101010011011000010011100100011100011011001010001001010100100001100100010011101100000000000101000010011100101000000101101000101001001101011001101001000010001011101001000010011011001100000010010010100010101100000101101101010001101011001011010000001001011100100100000000001101101001011
101011000001100001100100000001101001010001000100010101000010001101000011010101011000000100010011010010010000000100010101101010011011100010100000010000001000100010000000011101100000011100001010001000100010010100010101101001100100010011010010010010011100000001011100011101011101001010000100001101011000000010101100011100100100001010010001000010010010010001010001001001101101100101101011
001000100001100000100001001001100010011000100000000011001001001000000100101011000101101000001001011101000010000001101000000000100101101010101101011000101100011001010000011001001001011011010100101001100100001000101010000010100001001001010000000001011000000100000011101000000000010000011011100010101000001001001001001100101010100100101010001101000001010011000001010010011010101000100100
011001100010000101011101101010100101010011000101000101001001011010001000010101011000001001011011011001000000010000011010101100010000011100010000000101100001011000011011010000101100011010000001000100101000000000000100001001010011000001010000100100001000001011001000000011001001100000001011000010010011001011001100000010011101010101100001101010100010101000001010010001000001100011001001
001000001001010101011010001010001000001010011011000000100101011011011100010001101101001000101010001011011011101001011011010001011100010100011000001010100011101010010000011101100010100001101101011001001101011000000100010000010010100100001001101101101100011101101100010000101001100011100000000001010011001101100100101000100011101101100011100101000010010001000010101010010000010000010100
011000011010000101101001101001010100011001101001001100010101001001011010001011101000101011000011011010010100011000001101100001011001101101010101000000010101000000101100100101011000000101001101010010001001001000011000010001100011010100101100010010100100000101001100001100001100101011100101011011100010101101101001100101001001011100000001001010100001011010010100001011101101101011101101
001000000010100000101010101101011001001011101101101011010001101100100000100010001000010010011100000011011010000010010010100010001100011010010100100101101100011101011101011001100100101010010100010011010100000011010010101011000010101101011101001011011101010101000000000011001010011101100001001010001101100011101011010101101000100010010001001100001101100010101001010010000100011100000010
001000101101100101001001100011000001010000000010001000001010100001011010011001001011001000010001101000001101010001011101010100100001101010010101010000101011011001001101001001010000000100011000100001000101011010101101100101000000000000010100101011101001101101101001101010011011011000010100101010010010011000000011010011100000001001100001000001011000100000101101011011000010010100001101
101011011001001101101101101011010010000000001101011011001000100011001000001001101101000010010011101010101100101010001000001010100001001001000001000101001100001001010010011000100100100100011100000011100011010101001101101001101011011010101011000010001011001010100001101011011100010010010011101011001001000011101101000011011001001100001100001000000101011001000100001011001101101010011001
000000011101100000100101000011001010101011100010001011011101010010010011011100000001001010100000101101100011101001101011001011000101100011001101001011000101100101101001101000011101001010100010100010011001101001100010011001101000010100010100001000001011000001001000100010000001011011000101101101101010000001100001101001001001011001100010011101101001100010001011100011010010101010001011
100000010100001011000010000100001010000011001011010010000101100100011101001000000000001011001100101000010000010000010101000101001000000000100010011010010011010001011001011000001000000000001101100000010100010101101100000101000011011100011001011100000011001010010000101100000010101001010010101100100010100010000011001010100010011101010010100101010001101011000101101001001001100011000011
100010011010101000001000100001011101011100100010101010100011000101100001001010101100000001011001100011010010011101010011001101101001010101010101011100011001000011100000101100100011000000101000000000001001101101001011001000001010000011000010010100100100011101001000100101011001011101001101101000100100100000100001101010011011000000010000101011001010100100010101000001011100011101001100
100001011010001101100100001000000000010101011011000010011001101000011001101001100000100011000011011100000011001001101010011101101010011101000000011001100000001011000011101001000001000010001000100101100010000011101010000100010001101000001101010000001000100101100001100100000011000001010011101001101011100010100101011101000100101000100010001000100011000001101010011010001011100100101011
000010011010010000000100011001001011010010101001011100100010101101101000001101011011100010100101000001010000100010100101101001001001001010100100010000101011001011010100001000101101011011001011100011000101001011010000101010001011010000001011000010010011010001100001000001001011011000010011101001101100000100101010011001101001000000100001100100101011100000010000011001100101011100100000
001101100010011011001011010011000101000001001000001010011001001010100100100101010011100011101010001010000000010010011011001010010101001011000100010101100101011000001011100000010000101011100001011101100000011010101010011001101101010001101000010001101100101001011000000101100101011010000100101001010011011011010101100000101100101100010100101011011100010100011011011010001010000001001011
100010101010100001100101101000100011000100010101000001011100100001010101101100011101011000100011101100000011000001101001101101001011001011101010000010100101000100100011101010101001100010011000000001010101101001100000001011011101010101001001001011010000011000011000001000010010000100011101101011100001100000101010101000101010010011101011101010000001100000001101001011000000001011000010
011100101001011000101001001001000000100011011000100010101000000101001100100101011100000011011000000000010001011011000011100010010010001100010010011101011010001010101101000100011000101100001001100010001101001100000100100001100001010010011011001010001001100001101101010011100011000100101001011001001010010000100100011011100011010010011001001010011101100100101010101010100010100011101001
001100010000011100000000011010000100001011011100011000010100001010100011000101011001001101000000000010010001100100001010101011000000000001010011101011001011000100000010101010011000100000001001010001101000100001101100100000010010000101001101100011100001000100100101011001000011011101011101000000001011101101101101010001100011010010101101010011001101101010011100100100001100000010011011
100010001000010011100011001101001001101000000001010010100100101010010011001010010001001001010010011100101010010011010010011001101010010010101011100100101000011100000101101010101010011011010100100001010100010000001100001000011000101001000011100010101011101010001000011011001100011001101000001000101010011011001100000001000000100011001011000001100010001001011010010000000010101000101011
010010000011101000100011000100000100010011001100010100000000100010000010001101010011010101010010101011001101000100010101101101000001101011001010100011011100010000011101001101101101010101100100101100000011100001011000101001010011100010101010100000000010000001000000101010000011101011001000011010001001101011000100011010100000011000100010010000101100010101001101100100100011101000011000
011010011001000000001000010100000011001011011001001011011011011011010001010101010001100010010010010000001100100100101001001000101100000001101001101010001001000011101011000100010101101010010000010100011010101001000011010100011001001011001100010001010011000000001011010100010011101010101010000001010001101101011010100001100000101011101000000010001100001000100001011000000001011101001010
010000100101011000001000010101010000000001001000011101101000101000100000101100011001010010000101000010101000100001011100001000010000101001100010011000010011010001001010000011010100001001011000100101010101010011101000010011100101001010010000100011000101011100000101011001100000101000001101101000010010001100010100000100101001011001001101001001100001000101100001011100001001010011010001
100010101101101010011010010000101100010011000001100000100100001000010100011001001011010011100010011001101011100101011101000000101011000010101100100010101100010010011000100011101001001100001101000001000100100000101010010101001101011101001010011101010000001001011101001100010001001100000001000101011011101100101000101000101101010000101000010010011011101000100010101101101000101000000101
011011001011001101100100010011101001100010011010001101001000011010000100011100010010100101001001100000001100011100100001101100011101001001001011100011001100101000100001000010011010000101101000100100000001010000000101001010100010011011011010001001010011001100001100000100001011101001100101001100101011000100011100101101000101011100101010001010011100011011101010010000000101010010101100
100000100101101001100101010010000011010000001101001100010101100000011100011010000100000010011011010101100001001101011011001001010001011101010101100101011011000011010000000000011010100010001010010001100000011000000100000101010011000010100100101101100000101100001101000101011010011000101101010010100101100000000001101010010001100010010000101100101101000011001000011100101011000000010101
011101101011011101000001000011011101101010011101011001000000010000001101001010100100101011101101100000010000011011001001010010000000100010001101101100011000101010011100011011001010101000000101011010001000101000001011100101100101101011001000100001011000100000001101100001101011011011011101000101010001000011010000011100000000010011000000001010000000100101101010001011001011011101100010
101000010100100010000010011000011100011011101100101100100000011010101010001010000011010000101100100100001001101010001011000101011100010001000011000010000101001101011010001001100011101001100000000100011010001101010011001101010000011000000011000001000010011000001001011010010011101010011011100000100010001000100100100011100010001000100001101001010010011000011100011101010001001011010000
010100101010011000001001001101011011100100000011100010001100010000010001011011001100101010101000011010000101011011011000011011101001100100000001011101000011011011000001010001100001011001001100100101010011000100100100001011100010100001001011101010101000001010000000011011011100101000001001100100001010010101001010001000010010011000001010101100101011001011000001011100100000001101001000
100001010100101101000100100101100100001000101101101101001000101010000010101101100010001011011011000010101010000101010100001010000101100011100100101011010100100100010100001100100001011011010000100000101000000011100011101011011000011011101000000011001000000101000010000101001000011011010101010000011010000101100101000011100101001001001010101010000001101000001011000001010101001000100101
000011100001000011000100100011101100000001010001100010101011101010011101101011100011100101010011100000011011011010101001100000010011000011101100100001000001000010000100101100100100100000000001001001010001001101000011010100100101100001011010010000101011101011101010100101001010000101011100101000101001001100010101100001011101101100010101011010101011000101001011101100011100011011100001
101001011000101101000010011011000011101010001010000010000101100101000101101001100000010100100001100010101011000010011010100101001001011010010100100000010010011001101000011011101010100000010101000011000100011011000101000011011000011011101001011101001101001001010000011001011001100010010001100101101101001001101100001010000101001000101000100011101000001100000001001000000101100010001100
000000000000010000100100010100101101100010100010001100101101000100001001011000101101001101011000010010100001000010000010011010101001000010101100001010101001001001010101101001000101011100001000100100100010100000001001101000001101011010001101000101100000001101001011101000001010000010100101011011010011010001000001001011011101010011011100101010010100011000001010001101000011101000001101
010001001001101010001011000000101010011000011001001011011000101001010000011011100101100001101100000100000100010010101001001101011011101100011000100010010001000011000000010001000100101010010001101011010001001010000000011010011010000001101011100101011000001000001011100100000010001101101010010011011011000001010011001100000100010011000001001000000000100100010101101000001010011001010001
001010101100010001100010000101011010101101100000001010001101010100011011001011001000001101000000100001101001100000011010000100100100000101100100000100100100101101000100100010001000010010101001000010000000010010000011000001010010010000001010011101101100001100101101010010100011011101100001101010001100100010101001011101101100011101100000010000001000000101011001101000000011101010101011
100011101000001101000001100010000101101100011000100011101001010011011000101100101000000010011101100101010101101100001100000101101000001000010001011011101011011101101000000011010000101010000011100010000100011101010100101001001001000101101000000010011000100100100011101100001000000011001101001101100001000011000011100011001100011000001000000010000100000000000010000001101000001100011101
101010010000010100101100000101011100000011010010100000101011011101001011000101001011001011001100010011000101011101101010100100010001001101010011101100100001000100011100100001001010011010010011100000000010000101101000000001100001101100011000101001000000001100101100000000000000101010011011100101001100000100101011100100001011101011010101010010000011101010010000101100010101101010100010
100011000001100000101011001010101000011011101011000101000011100000010100011100010010100011000100000000101001010010100101010000010101000100000010001100011001011011000101001010010000011011001011011011010100010100001010011100101010101010101010101101011000100010100010100000011011100011000011011101100010011011101000000010011000011001000011011101100000001000000011000011011010000100101001
010100010011010010000010101001101001001001010011010101011001010001011001000001001101100010100100001101011100101000000010000101011010100000101010010101101011100010000100001010011000010011000010100101011100001011010011000010101010011010000000000011000010101000000001011000000100101101001100010001001101001101100011000011100000101101101101001010011010001001100001010100000001010000101101
001101001101011011000100001100011000100001001000010000001010101000000101011000100101000010100001100010010001101001101011000010000000100101001101100100000101000011000000001011011011101100001010011101101000010100000010100100100101001001000001001101100100000100000010011101011010000000000011000010101001010010101001010100010011100010010000101100010000011001010011001001001001000010011101
000100010011001101011010000000011001100101011010000100011001011010000101100101000101000001000101011101000001001001011000010000011100001011001100010010100101011101011100100011000100011001011100001100011010011001010010101011011101010000100001011000010000000101001100100011100101100101101010100010001011101010010011100000000010000101100011001000011011100001000101100010000101101101000101
100010101001001000011001000011101010001101000011010010101011101011101011011001011011100000100000010100011101011101101100101011001011100011101100001010010100011101100001101100000101001011011101011010100010000000101000010010011101011000011001001000011001010101010011011001101011010000101010010001101101001100000000100100001001011101000010000010101101010100000001000100010101010100000010
100101010100010101101101011011010101011101100001001000101011001000000000010011010010011010010001011101010011001010001001000001000000000010000010100000011100000010001001101001100001100011010010101000010001010000100101001000100010100011001011001010011011000101010001001001001010101001011010010010100101011001001101010001001000011101001011001101010100100001000001011001001101011011101010
000100101000000011100011101010100000011010010000011000000001000010011001000100000000000101101100001001010101100101000000100011101101000100100001101100011011000100010000101011100010101100001001011001001001011011000011011100101000001101100011100101100100001100001010000001100010011001001101011100101101000100001101010001101001000010001100100100001100000000011101001100101100100100011011
000000101010100000000001010010001101101010000100000001101010100011101101101000010100101101000100100010001000101001001010100010000100000101101000100011011100011001011000001011001000010101010100101001100011001010001011000101100001010011101011000001000101000100011100001011011011011000100010000001100101101000010101010101011101000010001000000000011010101010101010101000000100000101100010
011100000100010010000010100100100100000100101101000010101100100001101100001010101010011001100101100000000011010010010101000101011100010000100101000000100100010001010010000011101100001000010000101001011001010101001001001010000100010010011101011010000100011001001101100000100000101001100010101101101100000100000100011010001011000000100101011100000101011000101100001000100011001011011001
101010101011000010010100000010010011000101010001010001010100000001000000011010011011100011010101010011001100100010101000101010010010011010000101101011101011011010001010011011100100101011100011001101011010101101010001101001001100010101000001100011000000011101010100010011010001010010000100101100001000010101001100000011000010100100011100010011001001010101101001011010011100100011101001
100001011101001000000101001011010101000011100100000000010001010000000000000000001000001101001011010001101001010000100100100000010101001101011100100101000000100011100100100000010001000011000011001000010101011101100100001011001011010001001100010101100010001001010010100000001101010101100101101100010010000100011011100010101100001001001100101001101101010000000011010011100000011100001010
010011011001010000011000001100100010011101001000010011001101100100000100101001000001101010010101001101010101101100000001001011010101000011100100101101011011101010011000011010101010101000001011010101100011100001100001101011000001010100101000000100001011101010000101001010100000100100011001001000001000100001010100101010001101001011010100101010100000100010001000101100001011010010001100
000001010000000100101100101000001011010101001101010101000010101101010000010010010010010101011011001001011011001011100011100101101100100010000001001001010100100010000000011001011100100001101101001010010010100010101011101000010100101001010101101010010100101000000100100011101000001101101011101011001001101011010101100100000010001011010100000000100010001100000101010011010010101011010010
100100010010001011010000001011000000001101001100100100010011000100001010000100011000010100000001011001001000001001000011100101001001011010011010011010101011010000100101100010011100000001010011000010101000000101100100101100000000101011000001100100000001010100000010001001000010001001001100101101001100011100011001010101011011000010000001101101010101000010000010010101001101000010100101
000010101001100010100100101010101001011010100011001100001010100100001000001000011100000101001010101101000001000010011010011011011001010100000100010101011011000010011010101010100000001011000001000000100101010000000000001000101001011001001000101001000011101100100101011100000011100100101000000000000011000011000100001001010011011010101010010010101101100001011011000100001010101001101001
100001101001010101000010000101010010011101100001001000000100000100011000000001010101100101010100101101001101101010000001011100011011101101001000011100010001011010000011010101100001010010101011010000000101000101010000101010000101100001000011000100011010101101101010100100011001000101011011101001100011011001001101001001011011001011001010000101001001010000101001101011011011001000001001
101011101000000001001001000011000011000000100001001001100011101000101101101000000011011001101001101010010010101100011100001010011011001100010100101010011010100000000010001100001011101100101010000011011010001001010100010010100101001001101000010001101010100011001001011100011001100000010001100011101000001011011011001101011011011100100100010011001001001000001101001101101001010001101011
101011010101010100011101010000100010000101000011011011001100100101101101101101001100100101001011101101000000100011101101100001100100000101011010010011010011010101000101000001011000101011000001000001011101010000101101001101000001101010000000011010001000010011010000000001001010011100001101010100100001000000000010100011001101010000101101001100011101010000001001011010100001100000000101
001100101001010101010100010000100010101001001001001010101011011100001000011100000000010010100101001100000010001011101101011100000001001100010000010011010100000101101010101100010011001001001101001001010011010001011010100010011010000001001101001000000100001100011011010000010001010100100011101101101010010011011010101010000100010011011100010011100100011010101100000100010010000101000100
100011100010011000100000011101100001100011000010000010001100000000000000100101010001101001010101000010100010010011000101100011101001001100011001101100011001011001101001001011001100000010000101101001100011011001100011101100000010100001101100010101000100001010011101011000011011011010011010010000100011000010100010101001011101000101001101100001101001101001011010001001100101011010011000
101001010100001101001001001010011101010011001011010100010011011010000000000101010001101010001011010010100000010100100000011010101011001100000101001100100010000100101101001010011011000100010101101010101101000101011001000100100100101000010100100000100000100011100100001010000100000010101011010000010010000011100000000001101010010010011011010100101101010011010010001000101101101000000100
100000101001101101000100011011101011100000011001011010001010001001001001011100100011001100011000011101101010011100101011101101100101011100001001001001000001011101010010001101010011101011100000010011001010010010000011010011000011000010000001000011100000010001100100100101011010101101001011001101011001001001000100100011000101001100000100001101100001010010000000000010100011001101001100
001000101011000100010011010100010000001100100001011000001001001001101101011000100000101001000011100010001000100100001100010000010101001001000011000011100101001011100001101011011011000001100100100000001000100101011011001001101011010000010011011011101011010000101100010001100101001000010010000011010100101101010101101100101001010010000001000001101001000011010100010010001001011010101101
001100010001011011010100011000001001100000000001010011001011101010001101101010000100011100101010100000011001100100011001011000010001000100000011010101011010011101011011101000000011010100001000100000000011101000101001001100000010011000000011001100001000010011101010000010001011000101011011000010000010010100010001011001001010100101011011010010001100000010101001100001101001100001000000
100010000011001100001011000000101010101010000010010001000010100001000001001100011011010001100101010101011011001100010101010100100010100100011011011101010101101100000010001100100100000011100010101000011100011000011000011001010000100001100001001100011101101100101100100100100101011011000001001011011011001000010011010010000001010010100011001101100010011100001001000011010001011001000000
001100001000100000010011011011011010010011000010011011001001101010001011010000101010101101001011010011100011101101011011100100001100011101101011000001101101010100011100011101001010000010011000100000011101000101000000001001100011100100010011001001101011001001010000000010010001000100101000011000011011101001100101001101100011001011001001001101000000100010000011100011001001010100001101
001101011100010011000010001011011001011010101001001101100001001011001000101001101100100001011001001101010001011001011010001100101001001101001001000001000101100001100001001010101011001010001100010010101010001101011010101100011001001000001101101010100000000010011010011010010100001101010010101100011101101100100000001000100100101101001101001011000010000100000010100011100011100010100101
100101101011100001010001101010011001100101100101000101100010001010001010100101011011010011001000100101100100001010101001001101010011100100010000100001100010010100011000001000011011000011000010001101010000011011101000010011101101010010011011100101100001011100001010100011000011011101001101001000010001100001101100100011001010010000010101000000000100001011000011101000010101011000000100
011011000101011101001010100010011100011101000010011101001011100101101000101000001100001100011001101100000011011010010010000100101000010001101000100101101101101010101001100010010001100000011000000001010001011000001000101001100010100010011010100000010011011010001101100100100000100101010001011001000001011011010100000000101001101100100001011000100010101010100010001100101011011000100001
011100000101101100000000010000010001010011011010011011101010101100001010001100101001101001010001100101011011000100101010001010011100101101000101010000011001100011010101100001000101101011101001011011000101001000010010100100011010001011010001001011010000101100101001011010010100000100000100011001101100000001011011010000101101100000100000000010101000101100010001100100010010000001010010
011011010010011000100101100000000101010101101100100000010100100011101000011100000101001001001010010010001101010000101101101000101100010101011101000101010011010001100011001000011001001100101011010100010010011101011010101011001000101100100100100000001001000010010010100010001001010001010100001100101010010101101000010011001011100011011101010101010100011011000000011101010100101001000011
000010100011011001011100010000010101001010010101000001001010000001101001011001011010011100010100011000011000001101000001000001010000100011000100100000101001000010101000001010010100010011010100011010000010101001010010001000000100010100000101000100011101010101010100000000100000100010000001011100101011011100010000101000100101001001011010001001000011001000100000001001011000000001101000
010100100001010011100011011000101001011011100101001011001100100011011010001101100000101000011011011010000101000101001010010101000000010101100011010011010001001011100000100010000001100011010100001011101011001011101011001011011001100000010010100011100001101100011010100001011000001100010011000001001101001101001010001101010010011000011101100001100010000100001001001000010000011001010101
011001100001011001000100000001100011001010101101001000101010000101001001000011011000010000000011100010001010000001011100001000011000001000011011101011000000001010001010000101000000011100011101000000011101010001101011100010000000100100000000000011001011000011100010000100100000001100010010001001001010101101101011101000001001100001001100011100000011101101010001100101101010000000000011
100100010001000000001011010001010001010000011000001100101100000100000000010001101001001100100100000101010001001000011000101100101100001100000100011101010000011011010000101011011101010011100001000000100101000010101010100001100100100010001000010000101100000001101101100000101001010001001000011001001011001000011000011101101010000001010101001000011011010011000000000001100010100011011001
000101011000001010001100011011101100011011000011011101010011100000011011000001100011011001011000011001000101100011001001100100000010011000101100101011100011101011001100010010001010101011000010010010011001010010001011011011100101011101010100010000001010011011001011101011101101100010010011010100011001010001000000101101011000010100010000010000101100000101011000010101101101101011000101
011100011001100000101000001010011000010100101001000100011101101101101100010011000001010100000010011000100100101011000101011000010011101101010010101000001000001010100101100001101011100001011000011000100010000001101101001010010011101010001010101000011100100000100000001000011001011010010001101100001011011000001000101100101001100101011101010101011000101101100101011101100100100001010100
011010011100001101001100001000101101100011100001100010011010101010001100101011000100011000101010010001000010001010100100001011001010100100101001000000100001001011000000101101000011010001011101001100001010001000010101000101010101100101001000101000001101001001100001011000001011001000010001011010101000100001100000101001001101001001000001011001010010101100101100001011101011000100100101
101100011010101101001101010001100101011000100000001010101000100001101100100000010011100010101000100101101011011101100100101100001101100001101001010011100100010101101001100001000101101101011100101001011000000100010010000010000000000101000011001000011101101000001000101000011001011001011001011001010000010000010000100010010000010001101010010101000100101000010101101000000100011000101011
000100011100100001011001000011010101101010100100100101001100100001001000100101101001001001101101101000100001011000101001010001100010001011001001010011011011001100000010101001010101100010000000000011011011011011101010010011100001101010001001011000010100000000000001010100010001100011000101101001101001011000011011001000011010001101000001101001010001010100011010101100010101101011001100
000010001001001000101100001100101010001010001010101011000101000101101101001001100011100100100001001000101101010000001100000100100100011010100100010100101011000011010011011000101000011101000011101010100011010101010100000001000100000100101011000011001011100100001011011011000101010010100011101001101101000000011001100001011100100101000101101100101001000000000000100010010011000101010101
000001100011101000010000100010010100010011001000100000001001101000001001010001011001001011100011011010000010010100101010001011011010011010100010011001100000100100011100001010100011010000100011101001000001001010010011000101100001100000010100101010100100011001101011010100010101101010101101011000010011100100001100100101100011001011001001101101101001101001010011000101010001000000011001
011100000011101100101010011011001001011101010100000000101101011000010100011101011000101100001010010101011001101011011100100010011000100010000101010101000100011010010010000000010010001100010000000101001011000101101100101011001100010011000011101100010100000100010011001101001101101101000001101010011001001000000101010001010101101000000101010011010001000010001001010001011010100000011011
011001011000001001001010001010001011011010011101100101101001101010100101101101000011101001011001000011010101100101010100101011010000101101010000010001011000000000010011011100010011001011100001101100101010010001010100010011010011101001000000001101010010000011010000101000001101000101100100001011100100101000010000010001011001100011001010011000101100101000000100000001101101000011000101
000100000011010010100000001000010101101011101001000100000011001000011101000010000011101100100000001010010001001000011010100101000101100001000100001010101000101001010100011101000011100001101011010001000101001011010101000101101001100100011000011101001001011101011000011100101100100011000100001101101000000011011011101010000000010100001011000011010010000101011010101100100101000100001101
011010101000000010011000011001000000000011100000101001100100010011100011011001011010101100101001101101000001010011010000011011010101010100011000101000001010011101100011000101001000011100001000011011100100100011101001000100101100101100011001101000000101010011011010000011101101001000001001101001000011100100000000101000000100010101101001101000101101011000011101001100100011011011000000
011101000010101100101000001101001101101101100100100011100100101000010100101001011100001101011100001010001001011101011011010000100011011001001000101001001011011011010000011101010010011101011010011100101100001100101101010100100011100000011001101000001100001100010010010000011000011100101000010100010010001000011001011100011101100001000101000000101001010100001001100101100100001100000010
011101101100000000101000000010011000000100001010100000101000000011001000100101101010101000001011100011100010001011100010010001100100010001000011101011001001000001011100001100000101011000010100011001011000000011000000000011101100100100100100011100011011000101010010010000011010011001100101000100001000000100101001010101100010001100000100011001001101011010011000010101100101010011001100
010010010001001000000011001010100101010001001100100100001001000000010101000101010000101010001101000010001010100000010011011100001011100001101100011011100100101101001101000100011000000001101101100101100011000100001011101011010000101101001100011011100001010001011010100101001001010010011000101001000011100011010100001001000100100011010001001001001010000101010101100001100011001010101001
000001011011010010011001101100010101010000100010001010100010101100000101101101000000000001100001000100011100011100010010000101001010010000100100011001100011011100011001100100001101001010101011101100011101000101000001010010000100100011000101011010011101100001010011100000100100100100000000101000000101010101101101101100100001000100001001001100011001010101011001001011010010010011000101
000001100010000101101000101010001000100011101010001000011011010010011000100001100000001100001001001101010001011100011101010010010010010001100010010010000101011011011001100001011010011000011101010000100000010001100011101000011000101100001011101000010000010011101001011100001100100000001100000100101100010010010000101000101101010100011001000001001100101011101100010011010001100010010101
100100011011001011011100101011010010100101100000100100000011011000100000000100000001100101100011100011101101010011001000011000100000010100100001101100010000001011101100011100001010001101010010101000011000001001100011101011011010000101010100011100000101000000101101011001010010000001001101100000011010010001101100001010101100000010000100011100010010101011000010100011100010101101000000
101101000000000001010100011101000101010011010000001001100011100100001001011000011101100000101011000101101011101010001001011000000101010001001011000010011010010001100101100011001010101011011000010011010000001001011010010101011100010001011101000101011011100000101100010101010001010011001101100010011101001011010000010010000010000000101000010000100010101001100010010000100100011011100000
000001010101001101100001010011100100101101100001010100000100101100000001100001011010000000011010010000101011001010011010001000100010101001100100010001101010011001000101000010000100001001011011101001101101000101001001100011000001000011001011001001101000101000000101001101010001000101100010100001000101101010001011010010101011011010001010001011101100001010011000101100000100011100000101
100011101100100011101010011001000100000101101010101011011011001101011100100010011011011100011001100010010101100001100101100100001100000000010101010011011010100100011010011001101101101100100001101100000100011010100101010010010101100011000000011100101001001101001000010001100011011100000101001001010010000100100011010011101011000100010010100010000000001001101101100100001001010101011100
100000010101100100000000010010011101001000011101011011101000000011101010000011010100100000100010001000011001101001011101100101001010011100010101101001010010101000011101011100000101100010011100011010000000001010001010001000100000001100100001101100010010101000011100100001011101100100011010000100000001010001101000001101011000100101010010101011010000101011010001001010011000100100010000
011101101001011011000011011101101100001101100000100100001001011001001010001010101000010010011010011100101010001101000001000010000101101000100000011001001011001101010100010010010100010000101011101100100001101000000000000010011101010101011010000001011011100010000000100101001000010101101010010010101001000001011010001001000100101100101010010000101100001000101101101001000101000000011100
000001100001101011000100100001001001011010000011010011001011001011101011101101100011100100001011100011101001011011001010101011100101001001101100010001001000010000010011000000010001001001001011000011101100100000011010001101001010001001100001011001010000001011001100100010000011100010010000000100010001010000010001011000101101011001010100000000011001001001010100010011010001100001011000
101001001010101000000100010011000001011011101001100101011100100000010010011001101011101010000010101010010000001100100101001100101100101100000000101001010100101011101101010101011010100010000011010001010010000000101010101100010100100100000101010000001011100010010010011010010100010100100000100001100001000101100000010011100000011001100001010000011101101101101101101100101101000101010011
011100000101001001001011010001000000001000000001101000011100101101011010100000011011010010001001001011100101100101100101010101000101101011001000101101000011001101000001010001001000010010001010000001100001000001001001100001101010011100010000001010101011100011011010000001101011010000101100001010011010010000101000001001011100000100101011011000011011011011010101010101101101011000000010
100010011100000010101001100000000010010000101101011001001100011101010000100100100000011000011001101000000001101101011000010001000101100001001000101011010100101010011010010101000011001010100001010001000011011001011001010010011100101010101100100101001001010001101000100010100001101001100010001011001010000000011101101001001101100001001100001001101000010000100011000000010010000000001101
000100101100100101100011101000000001001010011010001000010001001100000101101010101011000010011000000001010001011001000101101100001101101101100001011100000001010010101000000010101010010100001011100001010101011100100001100100010011010011010000101100010101010101000001101100010000011011010101001010000100010001011100011001000001000010000001100001000100100100100101100010101000010000011010
000101001001011010001101100010011001100001000101101000000001101000001010010100100101010011100011001000001010011011100000011010011001101000100011101000100000100000100000001101000000101001101100010101011001100000010001000011000101011101100011101011010010101000100011001001011001001101100010000100010011011011100001101011000011100100101000001001000001011000100010101100001100001011001100
100001101010010010011100010000010100010101011000001101101000001001100010011010101011101000000011101011101100000001101010000000000010010000101011100001010000100001100000000010100011011011010100010010000101101000000100100000001010100101000001100100001001010101101100100011010101000001010001000010001000001100000011010010010010011010001100010100001010001100010101000011000100100010101100
000011000101101000011101001011000000100011001000010101000101001000101101100101101010010101101100101001010011011010001001010010101010010100101101100000001011001011011011011000101100011100100101100010010001011011100011100010100100001010100101010011001010001011011101000011101100100011011001101100011001011010011000101001101000011011011000010000000101001001000010100100011010010010011000
001011100010000001010101010011000001100011010101101011010000101101001000000011001001001010100100010000011100000000000011001011001011000010001000000000101011010011011010010000011000001100011000001001010010001011011010011000011001101010100001010011000101101011011000010000010011101011011101101000010100001100000011011001001101000011010011001000100011101001010011100011101010000001011001
101010010101011011101000011101100010000001100100101011000100010010101011010101101000000011011010000011101001101001000010010100100100001000010101000100011100001001001010101010010001000011010010001101010010000010000010101100100010010000011101011001000001101011100010010010100011000011100000001100010011100101001101101100001000001100100000001011000000101010100100011011001000001000000100
010100101000101100000101101010100010010010100001001101010100011100001000000010010010101011011010000101101100001011001010011000000101010011000001101001100011100000100010100011001001010010010000101010100100011011011100011011011100000011000010001101010000101011000101101011100100010101011010000000100100000000101001011100010001101011010000000101101101101001010011011001010101001101100101
000011001100001100100010100000000000010011100010001011000000001000011010001001001100101011001010011100011010010101000000011101010001101000001000000000100000000100001010011010100001000100001001011010100101000011011101001010010001000001101011100011011010101010100001010011000101101100001100000010011001010010100010010011001100101010010011010000000011100001001000101010011011000010001100
100100010011100010001100000011000011000101001101000010010010100011001001001100011101000101100100011101100001011011011000100101010101100100000001011010101101101001101000011101011000001001100001000100101000100000000101100100000101000001100100010011001000010001000010001000100001011100011010101000000000011000011100011000101101000000001101000011000001010100011100011011011001101000100011
011010101010000001001001010011010100000001001011010010001101100101011101101011011001011001001001101101101010000011011101001101011000101000101011000010100010011011011011011011000001101100100101011001001100100100000001011000000000100100100010001000000100010001001000100000100010000010100100001100000101001000101000010100100101011101001000011010000010100101001001001000011000011011000011
010010010001011000001100100101010011101010101011000011000011100001100001100100001100101101011011100101000000001000011000100010010010101000101011011011101011100000000001000000100000000011100010000000000001101001001101100100010000011101010010100000100000011011000100100001001011101000100010011100001010100100011001010010010001000011100100000010101011011101011011000010101000001100011011
010011011101001011010000101011101000010001100001000000100001011001101000000000101100011011000010010101001101010011010000001010011001010000011100101100100101001101000001000100000000000010000010101000100010001100010010101000100010101011001011101011010010010000100100001000100000101001010001100010001100101001101011101101011010100011001001011001010101100100000101100010010100011011101010
000100000001010011001010001001000100010101010011011100011000101000000001000100100010100100010010100010010010101101101101101001011000011010100010101010011010001011001010101001001100001011000100011101101100010100010011101011101000101100010100001001101011000010011011010010011000001011100100011010000001000010000010000001100001011100001010011000101100000011010000001010101100010010010001
010011000011001001101100010011001010011100100011101011011000000101100001000100101001001001001100011100101000101001011000001100001001101001011101101000011010100001000100101101010010100011001101010100000011010010100010001100001011001011001101000101100000011101100001011101100010101010010100011011001001001100100001001101011001101100001011001000100010100001000000001011000100001101000101
011100010011000011100011001011100001011011000011011000000010100010101000000010001010101101011010100100100000101000100100101011010101101000011011101011101100011001010100000000010100101011000001100101000001011001000000101100101101100000011011100000101001000001010010101011011001101101000010010000011001010100010100101101010011011010011000010100010011001011001000011001100001000010010101
100000011101001001011000100101001101000010100000011000100101100011011001011101101010100101000011000000010011010001000101010100011100010001011001001001100101010101010000101010000011101011010100000100000100000100101101101100100011100101011010000101001101101001000101101010010000100010100001101011001001000000010000000011101001100010100101010000001010100100010001001000100011011100010101
000101011101101011100100001011100101010010100101011001100011000011000101011101100011011010001000000010010100001011100101101001000000100101011000010000000000011011100010001001011101011000000001010011011100101001101010011010101001100010010101000011000101011101101100000001001001001001000001011100011000001000010000101001001010101101001011000101001000001001000001100100100011011001001000
100100000101100000010100000101001000010001011100000010011010010001101000001101000101001100100101100100010001011000010001000000011010001010000010000010001010001010011010101011100000000100001010101001001011101100000010000000010100010001010000100001100010011101000011100001000010001011101100100011001011100000101000010000000011001010010100011010010000011010010011010100100100010100010000
010011010101010101001101011000001001000001100010101010010001101011001001010001011010101001000001000101010101000101100101001010000001101011000100101000101101000000010100100000010001011101010000010010101011010101000000100010100101100000101000001010001001100001000001010010100010100001101001010101010001010010011101101001011101001100100010010011011011101000011011010100100011101001100000
011100000010001101100001001100101000001011101100100010100000011010000010010011010010011011100011101010001101101010010100100000101101010100000001100011010101100101101101000100000000100010001000100011001001100001011000100001001011010100101011000001010000100011011100010101010001000000000011000001010010101101100001000011100100010010010010101101100101010000010001011011010010100000000010
001011011001100101100101010011101100001001011011000001000100101100100010000011101101011011001011000101101011100100000101011011001011100101101000001011100101011100010010000001100010100001000100100011010100011001000010000101010000100011010000010010011000100010010100000010101010001101100001101011001100101011001101100100101100000011100101101001101101010100011010100000001000000101010000
000001001100101100101001000001100010000101100000000100011101000000001100011000101101101101010010001001001101010010100101011101100000000011101001001001011101101001010010001011000010000000010001001011011011011010100001001101100000100001011001100101100010011011010010010100001000000011011100101001001000100000010010010010011101000100001100001011101000000011100001010001000000001010010011
001100010011001101000010000100100011000000001010000010011011100001010010100010011101011010011001000100000101101010011011011001000001011100100101100000011011010000000001101011100011100010000011100010101101101101010000010100001100101100100010001011100101011011000011101011010010100000000100001100000001000100011000010010101000010101011100001011011011011001101101101001001000010001000001
000010010011000101001010001011010100000010101011000100011100100000000101101000000001010100001000101000101011001000101100011101100100010010010010000001010100000010100000101010000101001001101100011010010101100011101100010000010001101011011100000011100000001101001010100010011101000001000000100100100011100000011101001001011001010000010000011011100010100011011101000011000101000100011001
000010100001001100000011101101000100011100001011010001100011101011001011011100000011001000011000100101100010101010001101101100010101101010100011000101100100011011010010000011001101001000011011000101011000100010001010010011010010001001001000000100010010101001011001010000010101101100011000100101000010101000000101010101011101000001010101000010010010001010100001100000011011011101011100
101011101101001011101011100101101011000010100010001000011010001000000000101000101101011101010100011010001101011100000011000010100010010101000010101001100011011100100100101101011011100100101011100010001010100000000010010010001011010010001101010011001000010001010001101101000011101000010100011000011101010100011101001000011011010011000011011011010011100001001010101010010100100010100011
001101000100010011010010000100010011101101101010010000000101000000011101011000100000010010100001001100011011100100011001000011101001011010010001000101011000001010001011100010100011101000010101000000000100010101000001000000011010000010010001000100000000011101000001000011000100100010011101001101101010010011000101000010011001100001100000001011011001100001101001001010001101001010001101
010100010000100000010001100101101000000010101100000010101010001011001011011001000010011101101000101010001010010101100010101011001011000001011101100000101000100010101100101011000000010100001100011011011101001011000001011101001100010100101101000010101010000000000100010001011000101011011001001011001010000100010011100001010101011010101000010000101000000000101000001010010001000100101100
010100010101000101101010011000001011001100010011000100000000001011101101011100100000010010000010000010001001000011100011011010010100000000100001000001101101000010001011010100000000001010100101010001101001100100100010001010000000011001101101001010010100000001001010001011001010010000000010010001011011011010010001101011011000001101001010011011000100100000100010000100100101011100011011
001101001010101001010000010010000010011010101000011010010100011011010101100010011100100001011001101001100100000011011101100010101010011100010100011100100101101100100010001000100000000000100100101100101010011100011010001000001100011011001000101100001011011100000100101101100101011100100000001000100101001000011001100100010011011011011011101001010000100101101000001001011101101000011101
001010100010101011011011100010100010000010011010101101010010101011001001011001101001001000001101100010101101100100000000100000101101100101001001010011001101000000101000101000001100100100101000000001010010101000010001000101100001011000011100011001000010010001100011011100011010101011101100010100000011011001000011011100101001010000100000100000000000100000010001100100001010100011100100
010011100001011000101000101001100010011001010000010001100001010001001101001010010010101101001011000010101001101000101101011010011011001000001000100011001001000100000101011011011000010000011001101011101001101000100010100001100000000101000101001000101000101010011100001100001000001011000101001101100100000000001101101000101100101010001001010101010010010011101001010011011011010000010011
010101011011101100000101011010001000000001100011000001001100010100101001101001000000101011101100100011000100000000001001100011011010001100011000010001010000010101000011000100000101100101100000001001000000000001101011100000010010101000000011101100101100000000100100011001101101100011100100011100011101010000001010000100100001001101001010010100011011100001010000000011000000001100101011
101101101000100010000101010011000101101101011010000010000001000001010100010001101100010010100010001001001101100100101100100010010001011010011010101001100001000011101011011101011100100011100001100011010101101010000100010100001001101101000100010100000000001001000001100001010101010000101001100000100000000101011101010000011000010000001010000011010001101000000011101101010010101001100000
000101000001011001010101000010011101100000010101000100101011100011001010100101101100000100101011100010011010100100010001001101100011001000011101000010100100011001010100000001011010001100101101100011010101101101100011100101000101000010010010000011100011000001010000010100001010100000100000100001010010011011101100100101001010100101001001011000010010000100000101101011001101011011100001
101000000011100100000011011001000100011001011011011001101000011001010000000101000100100010010100000010010000000010000000011011011101000010001100010000010101001000011011100100100100001011011001001100100100010001000011011101101000001000101101010010101001011000100011011010000011100100000001011000000000101010011011101001001101101001001100100010100010000001100101100101101101010101001010
101000100100010101010010011100000000011011000001001010000011001101000010000101100100001011101100000101000001101011000100010100000010100100001011011011001001000000011011000011011011000101100000100011011011000011100101011101101010101100000001000100101001100000010101010000010010011100010000001100001010000000100010101010100000010000010000101101010100010011001001001100100101011100101000
001000100001001001101101001100010011101001100000011100000000000001010011101101101000011100010010101001101100000000100001001001001011100001000101011101000000010000000001001000011011101000101010011001001101011000001001101000011011101000000100000100010000000001001010100001011001011000001101101010010101000001000010100010010011000010001100010010011100010101101001011000001011101101101010
010101010101100000001101100101010010011011010000001001000010010101000010011101010011101010100001101011101101101001001011001010011001000010010010001010100000001001100001001100100100010011010010011000001011010010100101011101100000100000101101001011011001101001001101100000001000001001000101101010101011001101001000011100001010010101011101001100101101011001001001010100000001010101001100
000000010100001101010100101010011101000011000100010000100010001001000000000101010000101001001010000100101100100001000001100100101101100101101010101101100000100010101010011010001010000011100100100101101001001000010101011011000011010001100011001000101101100011100000101011001001000000100001101101101011000101011010001101100001000101010011000010011010010000100101100101001100010100101000
010101001001001000000011010001101000001011010001010101000101000100101000000100000010000000001000100001100101100001010101000011001101010000000001011101011010001010001011000011011100001011000100010100010001100101101000000100100101101000000001011100010100101000100010010101001101010010101000001000101010001000100000000011100100001011011011010101101010101100011001100100100000010000101011
101101001100101011100000100011001100100011011001100000100001100100001101010010010011000010010011000101000100101010000011001001000100010001101000101001100101011100011010101001101001101010000100000100011101100011011010101000101101011010101010101001100011000101001101001100101010101010001000011010001100100101100011011100011011011101101001010001100000011100100010001010100000000101011011
011101101001010000011010010100000000000100011101010101010001000000010000100100010010101011101101010000101100010010010000101000000010101001011100011011100000100001011011000100101011101010001001100100011101101010100100010001100010000101000011101101011010100100010101000001100000101101101101000101000101101010010001001000010010010010101100101101001100100101010010101000010011000011010000
011101101011011010011100100010010001001101101010000101011100000100011101011011011010101000010011000011100101100011011101000010000000101101000001100001010010101000101000000001100001000011000010100011000101011001011001000100001101001010100101101000101010000100100011000101011001101001101001010011011000101101101100100101001000010001010010101011100101101000010010000000010100100010011001
011000001100000000101010100101001000011101101100000010001100010101010100001011001000010101100001101100101011000000011100001100011101101010010100001001101001000100100011000010011100001101010010001010001000101000011011001000000010011001011001100100000001001100100011011100000010100100010100001101101101011010101000010011001010000100001010101000001101001011101001011001010001100001000101
100011001001101000101010011101010010101010000100101000001100010101001001011101100011000001011011001101000100010010001000001000000101000010000100011100011011100000011001000011010011001001011011011010101100101011000000000010011100100100010010101100101011100011011100001001101100100001101101100001100001000100101001100000001100010100000011000100000101010011000011100011010000000010000000
010010100011011001001010101000011011010011101011100010000010101000010000101100100101011100010101100100000100101100000010100010101001011000001101100000001011011011010101100001001001001000100100100010000010001000001001001101011000001000101101001011001000000100011000010001000001101010011100101101101101000000100100011100010100010010000011101011101010101101101011100011101001101101001011
000010101100101001011001010010101101100001100101101010001000011000100000011100000000101011011010011001001001100100100011010001001100011001010000100100001001011101000000001010000010101101010001001101100011100100100101101001011010010000010010001010100011010000010100000000010010001100101010000000000100010000100100010001010010010011011100100001001101010100101010001100100011010101101100
100101001101001101001010000101100000100010011011100011000001001000001010001000001100001001010100011010010011101000101000011000011100010101001101100000100000100000001000011011101101101000001000000101001011101000000001010101000000100001001010101011101100100011001010000001000010010011100000011100001101101011101100000000101100101100001010101000101100010100010011100001010101101101101101
101100100000011011001010010100001000001010010001001000000011000011101101101100000011101101000101011100011010001001001101101010100011100101001011010000100010101010001001001000100010100001001001100011001101101101101010101001010011100011011011001001000011010001011011011011101100100010001101010000100101100010010011001010010011001100101001100101001000000100101001011011000000001100101001
011101010101100100101101010011011101001010001101100100100100010101001011011000000100011101011000010101101010000010001000101010101010100000000100000010101101100100011100000101011001000011101011100000010000101100101101010001001000011000100100001100010100101000001010001001011101000101100101101101100101000011010000011000100000011101100010011100001010100100101101010000011000000101010001
001101001000011100011010010000100000101100010000001100011010101100011101001000001100001001001011101001001101001011000101010010100101100100011100100101101010011101100001001001001000000100010001011000100000100011101000001101011010100011001011001010010010101011000010001000000010000000000011011000001000101001100011101011100000010010000100000000011010011010011011011011000000010010100000
101010001000100000100100001100101101010101001000011101000101101001000101000011101100000001101010001101011010101001001000010100010100101010001001010100100011011010011100001000001010101101011010011001010101000000100100001101100001000010000001001101001001101100011001001001011010101000100000101101010001010001000101001000001000011000010101001001010001100100010101011100000101001010101100
100011100101011011100000100001011001100100101101100100101001100001101101011010011001100010011001010000101000101001000101001100000101011011010101100011011001001100001011011011101101011100000011000010101100101101010011010000001001000011010011010100010001001101011001000100101011000101001010010000100101011010000000101010101000101011001000011100010000100011100001100100010001000101100100
010001001011011100011001100010100000001101100100001100100011011011010001011100000101100100011001101001000100011010001000000100011011000001011001101000011011001001000001011010010010011100100100000010100011100000011010011010000100010010000101001001001000100101010101101100010101010010000100010001100010000101010000100010011010000100011000101100001001000101001000011011000100101011100100
101100101100001100011011000101011000011101001000010000010000000011101101101000100001100100101001000000000000010101100101101100100010011001010011010011011010101000100101101100100100010101101011010011010100101101000001100100100011010100010100101010101010100011100101010011011011000100100011001000001001001011010100001010000000101001001100010010101001100001011010001010000011011101000100
000011011010101100011000011000011001001101000001000011011011001000011101101001011011011000101001100001010010000010000011011000000101101001001100011001100010011001000101011010100100101100100101011000100101101101100101011001010001000001010011101000100011010010101100101100000011011101100010001000011101000101100010000101000010001101001100001000001011001000010000001010101011010001011101
100001001000100001011010100010010000100000010011010001000011011011010101001011010011100011001010101101001011100001101101010011100011101100100010100100000010000001100011001100100101001101100101101001000000101100010011000001000101101010001101100101010100000101001100100010000100100001001001000001101010011011000011100000011101101100001000010001011001001101010001000010011100011000000001
011001101010000011001011001101100101101011101010100101101001000011101010101000001100001001000001101011010001010100011100000100011001010011000001000011001100100000010010011100011011001010001101101101100100010101011101100001010000010010001101011001010010100100000100010000001010001001010000000000011011010011100011000100100000001011010101000001101001011010010101010010000010010000010000
101100011101100101011000101000101011011101100000000011011100001011100001001011100010001101010100001100101100000100011011011000000000101100101011101001010101010100001000101000011100010001011000000001100101000100101000000000000011010000011000101101010011001001001010010100101001001010101100000010001000011011011010000000011101001101001011101001101000000000011001001000000100100011101010
001011101011100011101000100100010010001001001101101101100000101010011011000001001010101010000000000000101001001010000100000101001100000001001000100101011101000101000000000001101000010010000001000101011100010000010011101000100010001101011010010000100100001000001101000011101001001100100101000100100101101000011011011100001000001101100000101010101000001101101000010100000000100011100001
011001101001011001100011101100100001101011000100000101001101101000001001101000011011000101010011011011011011001100001101100001011100100100001000001011100011011011100100001100000000001010000001001101101011001011100011101011011101101101000101011010101001011010001010000010100101001100011001010000101101010101001100101100000000001100101100000010001101001001010011101001101010010011101000
100100001001101001100011100000101100100101100010001011001001100101101011001100000101010001101010001101000000101011010010001000101000011100100011010011101000001100101100010001000010100010100000000001100000000001000000101001001010000001001011101101101001011001101011000000000101001010101010100101010101010101100100001100011000000011001001100010101100001011011010001011100010011000010010
100101000010011011000010010001010101100101011000010010001101000000100100001100011100100010000001101001011100100001000100011101010001011101101011011000000011000100000010000000100100010011101010000010100001001010011100001100101010000001011101010101100001010010101010101000001001011100101101101000100001010101011000100101100101010101011010100001101011100100001100011010011001000101101101
001101101001101000000001100000000001000000011011001011011001010010010100101101000000011010010100001101001001100101101010010000000100001010010101100000000101000011101010101000101101100010100000101010100101101011010001101000011001000100001100100011100010001001101001001001011001010011010010000010010001001101000010000101101101101001000001101011011100010010011001100100011011011101011010
101010100100001000001010010010000000100100001100000010000010000010000010011101011101011011100101001100101011011101100101000011100001010001001100001010001010101001100010001000101010101001010000101100010000010100000011011001000001101010010010101010100011001100001001000101101011010001010101100000010101011011000100010010100000000010100100011011101100000011010000000010011011001000000011
001100011001010001011101100000000000011101100011011000010000101100011011011000011100010010010010101000010011101010010101001011001100001010001001011010010010001001011011010001000000100010100010010001011000000010100100011011000001000010100000100010100100000000100001000010011101001010100011000001000000000101010001010100001101011100101010101100101100101100010010011100000100001000101011
100101000001010010011011101101011011100001001101001011010011000101101101011101101001101101001101000100100011011011101100001010011001001100000001001000001101011010010011101001011101011011101000010100001101001010001100101100010100100011010010001011101001011011101000000000000100100001010010011011010100100100011100100100100011001100001010100011100011001001001101011000011100001010101010
000000100000101001010101100100010011000011011010101000000101101000100010100001101011010100011010010011011000011100101100000101000101011100100001100101101010001100100000000101001000000001101000000010100001001101010000100010011011000101001000001011011100000001100101010101011011011001000001101000011011100011100011000000000101001000101100001101000011000001100000010101001101101011010100
010011000101000011010100100011001010100011011011011010010001000001100101011100010101100100100001101101011001101001100011000101011010010010000011010101001100010010001000010001100001100101010101100001001101001101001010101100000001010101101100100001101010000100000010010000101010100101100001100001001000001001000101100000100010100100100010000100100000010010000011001001010101100000100010
011101101001101100010101010001100010100101100100000100100001001000000011000000011100100000101011010001011010000001010000011100101100101011011010001011001011011010010011101001011001011000000010101100000011000000100011011011011000101000000011100000100001000101011000100001100101001001000100010011011011100010100100000010011001011101100000001101101000001100000010101011101100011101000000
101101000011010000100000000101101100000101101000010000000000001010101100011010000011010100011000100001011010001000101100100101100100101000100100101000101011010001100010100001101001101100100001001011100001011010010100001000100011011000001000011011000010000101010000100000001101001001101001010100001100010001100000001000001011001001011010001010011010100010010011000001010000010000010100
011011010101000000010000101101001010101100011000000010001011101100010000101001100101101011010000010100000101011000011010010100011010000000001000000001000101001000010011100001010000100001010000010101001000101011001100100000011000011100001010000000001100010010010010001100100101001000100000011001010100011001100101000100001101010101001100000011011100000101000010010010000000001001010011
011010011010101001000000011010101101010001001000011001011001001010100000001001101101000100000100100101010011101001101100000000011001010101000100001011011011010001001100010100010001010001101010000011001011010100011000000010100000101010010101100010100010100100010100011010101011101001001010011000001011100101001000010000001100001011100011001010010000100000010000100100100010101101011101
100010101000101011001100100100010011100001101011011100011010100000001101001011000011000100001011101101011001011000101010010011001001101010101011001100010011010011101100000101000000000001100010100011010101001011001001101011010010100100011101101100011001100100010010100011001011000010001001101000101000000001001101011011101101010000100101101001101010100010011011010101000101001101101010
101010000000011100101010010001101100000001000101001001011010010100001011001011001100011011001101001010001001101100100011100101100011100001010001000100001000000010101001011000100011000011100010000100001001010001101100101010001101101011101000101100101011001000101011100101011000011101101000100101101001010010101000011011101100010011001001101010100001000101010001100001001011100001100001
011000000011100100001101101101101100100010000101100011011101101100100001010100010101000001100010000011101100001001011100000011011000101000011100010100000100001011011001000001001011000101100011000100101010101101011000011011100001100000011101011101011011101100101000001001000000101001001100011010000100101001101010010011101010100100100001101010100100001000001101100100000001100100000000
001100100100011010001010101011010010000010101100011010011100001001000101010101011101101001010000000010101000010000001101001010001101011011001101101101100101100100001100010000001000000001010101100101000001101100100001000000000011001100100001100010100010011001001010011101100100100010101100000100011010100001000001011100011101000011001101000101010001100101100010100010000000001100101011
010000011000001001100100010101010101000001001010101010000000100100010011100001011000000011001010011001001010101101000101010010001101100001100010001001011000011101000001000101000010000011011101011011100101000100101001001000100011000100010011101011010010100011001000011100011101100000001000010100101101000001000010010101011010101000010000101000100101101101011100101010010011101011100101
000010011000000100010001001000000000010000010101010010011000000000001101000011100101100001001100101011010100010011101101100000101011001010001010000101010011001010000011101010010100100000100101010100000100100101000011000101001101000000010100010100001010011010000000100010010100011010100101010100000101010011011010000000100010101101101101000001010101011001101000010001001000001100000010
101100100100000001001000101000001000101100001010010100100010010100010011101001000101001011011101010011100001001001010010100000001101101011000011100011011011001011100011100101011100100011001010010000101100100001100101010011000000101010100001011000100001010010010001001000100000100011100011011010011101011000100100100010010100101011100011001100100010010000101010100011100100100011001001
011010001100011101011001100000000000010011011000001000100101101000000100001010011010000000101011010011011010001101000000100100101001010100000001100010000011100000011000101001101101011101101001010000000010011101000001010011010011101100011001001011011000101100101010101011000101001011101100100101100000011000010000000101011011001010011101010011000010010101000000000011000001001101101101
101010010001010100100101000000001010010100000010101101000010100000000000101000000010000101000101010011001010101010001001001001101010000101011101001101001001001010000010001011011101001011001101011011001100000011011101100010011001000100101000000101011101010001100100011101100011000001000001101100001011100010010101010101001000100011001100011001101001001000100001100001101100101001011100
011010010010010101000010000001010010000100001100011101101101100101100100101011001011001000010101100010001100000100101100001101000000100001001000101001011100010001011010011011100100000100011011011000011011001001010000011000100101001010101101100011100011101101000001010011011100101011101011010011100011101001101101011011011101000001100000011000010100001010100001101001001010100001100011
101101011001001101001100000101001100001000001011011101101101010101101001100010101100001100000010000001100001010000101010100011000011000010010100000100001101010101011010010000011010100000100101011000011011011101000100001101100010001101000001000011101001000100100000100001010100000001001010011100000100010011000001001101010101011011101001000001010010101010001101001011100010010011010100
000010001100011101011011000100011011000001001000001001101101011010010101101101100001001000101001000001011000011010011101010010011000100001100100001101010000101000010011010011010011001000001101011010000000011101011101000010010001100101010100011011001100101001000010100011010100001101011100000011000011001000101001010011001100100001000101100000011000001100100100011010011011100001001001
100011011101101101101011101011011001000101000101010001011100001000100011101011000101010001010000011000100010101010001011000101101100001100100000011100010100001010100000001011010010100100000100101011010000010010000100000101000001010010000010101100001101001100100001000100011001011010011100101001010001100001101001011100001001001011010100100101010011101101010100100000100011011100010001
001011010010001100011100011000100011001000001001000010011011101011010101011000010011001001011101101101011001000100001001011101011001101101101000001101001010001011100011100000010100010100010000001001100010100101100101101100100101000100000100011001011010011010011000000000000010010011010100000000011001011010101001000000010001101001101011010000011000101100010000001011001101000010011010
010101101101101000000100011101011101011101100101100010101010100101010011001000000010011100101010001010100011101010101001000000010010000010100011100101001000010011010000000001011000011100101100000010010000010000011000100011000100011101010000001100101100010000010101010010100000011001100000010001100100011100001011001001101000011011100001010010100001101010010100010100000010011010011011
101010100001001011100100101101011101010011010000011100101000100011000101010100011011000011000011000000010100011000000011010001000001010100001101001010100011001101100011000000001010100001101101010000100100001100001011101100011101100010001001000101100011001011101010010101100001010001101000011000011011100100010100101100001100101101010000010010000001101001010010010000001101101001100011
101101011011100010101001011010100010000000010000101100101100000100010100011001011000101101100100001011001101000010101100000011010100001100100011011100101100010100000101010010011101001010001011101001001001001100000011001010001100100101000100100011011100011100000000001100010010101011100100011011101001101001011100100100100100100000000001010101100010011100010101011101001101000001101101
001100101101010001001011001100010001011010100001011101100011000011010100000100011000011010001100010011100100001011001101101010000010100101000100010001000100101100101011000001011000101001000010010000010000011011000010100101001101010000001001010101101101100000011010010000101010101011101101010000101101010100000100101001100000000101010100000010001000000011011000011000000000010101010000
000000000000011010010011000101001100101011010101000010101001101011011010010100011001010011011100100100000011101000001010101001010001101000010100011100101100011100011010001001011100011100100000011010100010011000011011000011001001101100001001001000010101000001001001101001010011101011000011000101010001101101101100010001011001001100010001010011100100101010010010010010001011010001101000
100100010000000010010011100011100010010101010011001101101011000101001001010011010100011000001010010010001010011101011010000011011100010010101010011100100000010010000100011101011000100010101001011100010101010011011000011011011101100001100100001100001001101001001000101010001000011011101100100001100001001011010000100101010001000000100011101101100001011100100101000101000101100001010001
011011010000011010101000000101010001010011100101001101100000001100000001100010010100100001100001101100101001011000011001100010100100010011000000001001001001010011001101010000001000011000001100001000000101010010011101011001100010101100011101100001000100011101001011010001101000100100101001000001001000100101011000001101010101010100100000001000100100011001001011001011101101011101001011
000010010011001011101100010001001011000010010100011001000001101000010011010010000011000101100101000101011000000000100100010011001100011101000100101011010001000101001000001100000011011011101001001000011001011011101101101010100010101000101010000010100101001010101100100001010101101000100001001001000000010010001000100000100000100001010000100010100011100011000011101000011000011010001000
100001100101100100011100011101010001011010001100101011011010000010011001010100100011100011101001011011001011100010100000011100101000101011000000011100010010011001010011010011001101011001000010011010011101100101010000101101101000001000101011000001100001000010101000100000011010001000101000100101101100000001100000100100000001100101001100101100011000101101100011101100001101001001011011
010100101101101101001011100100010001101100011100010000011101011000010001100100001101101001101011100001000101011000100011100101000101011100011010011011001101011100100001000010001000011001010011001011100000001001001001001100001010011000101001100011000011101101001000000001100101001001001001011001101001011100101000010010000001101000001101000011000010010101011000100001011011001000011101
100011010101101010001100000011010010001100100101011000010100001011011010101001011101010100010011000011011000010100011011010001100100010101001101101000000101010010100000011101011101101101011001001010011101010001100011011101101100001100101011100010001001010100011100010000001011010011101011001001100101000100000100101000100100010100011000011011001001001010000100010010010000011010011011
010011011000001011000000101101001000001010101000100101101011100101001010100011100100001101011001011101101100101000001011101101001001010000100010011010000010011100000101001010011000011001011000000011011000100010010101011000010010011100001001100101011011101010001100001001001010101101010011001001101011010100000001010010100001010000100001010010000100101000101000100001011011000100000010
010010011100100101101001101101011100100101100100001101000100100010100001010100001010011001101010010100101011010101011101001000001000100011010000100100011001011000001001010100001011000100101010100100101101010000101101011010100000100000001001100100011000001000101101010000011100000011000001001010011101000001010100101001010010011101000001010010100101011101101011010001100000000001100000
100010000010011010001100011101000001100100000011100100101101101011101100100011101101101010000011000000011101101000001101100010011000100101101011010000000101010000011000100101011001000101100101010010011000000000010010100100101100001001001011000011100000011101001010100101001101011001010101011001100010000101010001010001100001101101100010011010010100011001101011100010010100001000001010
101101000100010000011100001000101011011101000011100011000101100101001101101001010001010001000101101101001001000100000011001101010000010000101101101001010001101101011010000100001010000101001010010001101001100101101101101011100100001000000001000100101000001001000000001100010001011001011011001101001100010001000101011011010010001100000101001000001011011010000001001011100000000101100100
001011010101011000101101010011101010000000001011101001011000000000001101101000101001100001000011011101001100010101001000010001101010100011000011001010001011000010010010011000101101000010010010000100100101011101010011101100000001101011100000001101001100010100100100101000011001101100011100000000000010011011000010001010100000101100011100010001101101100001100011000101001101100010011010
101101000101101100100100100001011001001101101011001000011001100011001010010100101101100100101011100101100100101100101100000101001011001001100100001000100001000011011001001100010010011101100010001011100001001100101101000100000001011010011000010001001010001000100100001011001010000011101010010001001000001001001010000011100100001100011010100101011000100011011100000101011101000000101011
000010010001011000100011000011000101100101010010010100001101001011010100000000001101100000100100010101011000001011000101011001000100011011000001100100100001011010101011011000100101101010100010001001100011010010010000001000010001000011101101010010100100010011011010001100101100000010000010000001000001001100100101010001101101000101001000001101101000100010000101001000000101001000101101
001000000011100101011001000101010000010101100011101101100010000001101001011001101000010000100100010101000011101100100100101011100101010001101011101000100000101101100001101100001010001011001010010101000010010001011011011000000011001010010001100000100101001011100000000101011010100000101000010010010010000000100010101100010001101100100010010100001010001010010001011100000000101011101011
011011010011100001010010000011100000101000000001101101000100101100011011000000101010001011001001100001011011100000100100001010101001011101011101010000101011101100010011101100000001100011011001011011011011000011001011101000101100010011000000001010100001101101001001000100011000010100101011101001011100001001100010000101001001100100010011000101000011011001001010101000000100001100010100
010011001101101101001001011001000000010010010101101001001010100101010100010011000000011011011000000100010100010100011100101011001000000100011100011010100010011000100101001100010000101100000010011101001001011011001000000100011100100001101010101000101010011011001011100011010001001101011011101010010101100101100010010010001100101011010010000001001010101100100000000100001010010001101010
011100100011000011011001000101011101001100011010100001010100010100101011000100001100010100011000000100000010100001000000100100000011011001001100001000100100011010000100101010000101011001100010001001100001000010011001101101011011001000100001100000100010001101001001010011011001010101010011011011100100010000101011011101100001010001010000000000001100100001000001010010101000011010010100
011011001000000100101000001011000000000010101100000100000101100100100101010010001000100011010011101100100010101001011101000001100100010010010001000100000000101000100000101100000000011101101011010101001010011011101010101100000011100010010000001010100011011100001011000010011001100011100101011100010011101001001011010101011101010100100101100001100010011101011010010011101000000101010000
101101010000000011000010101000001100011011100000101001001010100010101011100010001100100011100011000101100101010101000000001010001001010011000101010101100001010100011010000101101000100011010001011011100100010000001000011010000010010010010101010100001000001101101101101100010001011100010011000001000000011010000011010000001011100000010010001010000100001001001010001101101000100000100101
011100011100101100101011100100011001000000011010001001101101001101011011101101011010100011000010010010101100100011011001001000101100100010101100100101100011010100010101101100010101001000011001010011001101101010010101000101100010001011000100010001010010010100000000010101100101100001010100010010010011101010010011101101010001001011100001101100010101010011010000000010011001001010011010
010010101000010011100000100101001010010101001010011000010010011100100100101101010101011001010011000011101001010001100010101101100000100001010001000000000100001101010000001010001010100010000000101101011100010000100010011001100000010011101100001010000101000100001000000010100010001001010010011100001100100100011101000100000011101101001011010010011000010100001010100000001100000100000101
000100100100010001011011101101100100001011000011001001100010010010000101000011101100100100000001001011100000101011010100001001001010100001000001000000010101000000000001001001000101101010011100100101100100000000011101011101000000000000010010011100010100001001010010010100100001010000010011010010100001010001101101101101000100001100001001101101101100011010011101010011100101001001100100
100000000100011010001000011100011101100101001010010000000100100101101001101101000101101000001010000001011101100010001000011101000100001010010101000001001101100001001100101000000101100100001001001010101100011101001000010011101101011100000000011101001000000011101101000010100001011100000011001010101000101000100000001001000101011010001100010011011011000101001001100101100011100010101010
101101101010001001100001010101101010011001000100011000000010010100100000011100101000001000010101100001101101100101001100000101001010100100101010101011011000100100101010101000011011010011000100000001001101101100000101101010010010101001011101000010011000001100001001101100001100100001001101011010011000000100011010010011101100010000010100010010001010001010001011100100010101011010011000
001001001010101101010000100010100000000000001000011101010100001010010101010101010010101011011100001011101010101001010000100100001100000010100010001001010011100010100100000010011010001000001101101001100001001011001100100010011100101100101010010001000001001000101011010011101000001100101100001000100100011101001010101001010010010100011010001001010010001000101100010100101000100011101011
000101010010011100011010000011101000010101000101000011010100101101011011101001010010100000101011100100010011101101001100101000100101100100100011100001010000010100011100011101011000000010010000010000001010001001101001101001000101100000011100101010101101101001001010010100101100000000101001001000100100101010011000010100001100001001011100010101101011100101101000001000010101100000001010
010100000000100001100000100101101011100010011010100000101001000100000001001100011000000011000000001000101001001100001101100011100001000001010011011010001010100001101001000101010010101011010010010000011000010000010001100010000010011101000001000010101010001010000011010000011000101001100100010001100101011001101100101101011010101000010100001011100011000001100011001011011010010101001101
001000010100011011001010010011000000011011010101011010101011010000011101011000010001010001011000010000100000001001001010011000001100100000010011100101000010101001101001100001001001101101000101101000000010101011101011001100010000010010000000101001100011000011100010011001011101100010011000100010001000010010101000101010101100001000010101101100000000001011001001001010010001000000011100
000100011101101100010010100010011001011010100101101101000000101100000100101100010000001100100100001000001001010010001000010010000001101100001000001101100011101010011011001001010100011010100000000011010011101001000000100010101001100001001101000001001101001101011001010010010101001000100010001000011000101100010011100100101001000011011001011100010001100000011011010100011000000011011011
010100000000001101000101001001010000101101010100100100100010101011010001101011100100011001000101000100001010100100010010001101011001011010100100010001101000101000100001101100101010100100101001000011101010100011100001001100101001000000101000000101010010001010001010100101100001010101100100001001100101010101001001010000101010100101010001011000010011100100011000010000011010011101100100
001001100011011001010000001001010101100000100000011001000100001101001011011011000100010000010100100011000000001000000011101000011001001011001011010101100100001000010011001010101001100001010011001001011100100010000000000000100001001000000011101011011100010100000001000100000100100000010001001100011000001010001000011010101100000101100101000010001101101000100010000000000101001001010101
011001101001100010000011000010101011101101000101101001001011001100101011011100000001100001001101000001000100011011011001010100000010101010011000011000100000010010101001011011100101011000100001101011100001000011101011010101001010010011101100001000100101001011000000101011100100100001101001100100001011001101000101011001101010100101100001010000011100011000100011100101101001010000011001
011001100100001000010000101000010010100101100011101100101100000000101010011101001011010001101010011011101011000010100100010100000001101011010001011100101100011101010001001001001011001100011001101100001010010010101010000011001101010000000001101011100000000001000011100100011001000011010000011011100010000011001100000011101101010011100001011001101011101001011011010001101000000101001001
010000101001011000010100011100010011000100101101010101000000101001000100011011011101000001100010101011010100100010010100100100010011001010001001001010001001010101101000010001011010010010010010001001000011100010010001000011010101010001101011101010001100000101001001011100011000100011011011010100100101101001101010101001000001011100101011101010010101000101010001101000011010000001011001
010101010010100001001100000011000101101000100011101011101010000100100000000000010100010101001011010101001000101100000001000001001011000000011010000000000101011001000100000010011101001010101001010100101010001100011100000000001100100000010100011100011101011101101101000001100010100010000010100100100101010011000100011010011101011001010000011001100010010101011010010101001100101011011101
010001100100001010101000010001101000100000001001100010001001010001001100011001011100001100011001011011001000101100011101001101001100101010011000010001000001000001100001101011100100000011001001001011101000010011101000100001001011101100000101100011101010100011000000011100011100001010100101001011010000011100011011000001010010011001001010010000010011100101001011101100011011011011100001
101000000011010001000000010000011001000000101010100011000100000010011000000011100010101001001011101100010101001011100001000001000011000011100011010001010011011000011001011100100001101001011011001100101001101101101000100100011001010101001001011010001010100011000100010100011000100001101010010011100100011101100101001000000010011011101000100100101101001001001101100101100100101101101101
100011000001001010101101000100001000100011010011100100000101000000101010100010011101010011010001010000100010000100010000000011001100001100000100010001010100000011000100001101100011001100011100010101010100011011001010001000101011100100011101101001000000000101100100010001101100001101000001101100100100011100101001100001010000100100011001010010100001001001101010000100000100001001011010
100000010010000010011100100001010101010100011010001011000001001000011000010011010100100001011000001010101011010011010011000011000001010010101001011101001010011001000011011100001010000101000010010010000100011010001001000000101101000001010011001001100010011001011010011010001011010010010000001010011010001010100001100101001100011100001000001100000011011011101000100011010011001101011101
001001100010010101001001100100001011011100011011101000000101001010011001001100011101011011010010000100010001101001010011000011101000100101011001000010100101000100101010010100011000000000101101101000010000100011100100101000001011101000100010001001000101010011100011011001011011100101100010101001010011010100010000011010100000001011100000001010100011011010010001001100000001101001010011
001000010100001101001101000000101001011011010101101010100010101001101011101011001001100100000000010000100000010010011000011000010010000000000010101001101000000000011100001011100010101100011001001010101011011101001101001101010101100000011011100000100100100100101000100101001011100010101010001100101011010100000011001010100011010100011101100001010010001101011000010010101001000010001100
000010100010101000000000101100001011101010011010101011100100000101101010001001000100100100001011001100010000000001010001010010101101101100001001001011000001000101001101100000000001001011010011100101100101011101010100010001001101001000011011100001001010000100001011100010100011100011001011001001100100000100000010001100000011001010001011101000001000101000000100101001011011101101100000
101100000000100010101100000000100011001101000101100000011011101000100000000010101011101100100101000101001001011101010011011100010011010011100000100011010001010000010100001011100100010000001100000011011001000101000000011011000101010010001101011000000001010001011010001001100010100000001101000011001010100001100011001001011101100011010010100010001011011000000011011101100000001100011011
000100000001011000011000011010100010011010001010101000101000101000010001101100001011010100011011100101100000011011001010001100010101011101001100011010000101010011000100100000001010011101001100011010100001010011000001100001000000100010010000001011001100011001001011001001001000010001001100011001001001101011101010000100100100101010100101101010101010100101101011000011010001000100010001
001011010000011101101101101010001010100011001001100100000000000001101000100000000001000010010001000010001100011011010000011011101010100100101101010001000000001011100100011011000100101100101010001011100011101010011100100001101100000010000010010000001010100000010101010011100000011001010000010000101010011000011000010000000100001011101000011000011100010010010011011010000101001001101011
011001100101010011000010010101011100000011000101100101101000101101011011010011010010010011011101001010010101000010001001010100000100001000011100001000100100001101001000101100100010010010011100000010011001001011001010001000100101100011011000101001001001101001000101001001100010100101011011001101100010001011100000101001001001010101000100010000000011011011001010100101011010001010100100
001101001001100100101010000010001100000010100101101010100000011101101000000100100100100001011011010011101101101001100100011101101011100001011100010100011011000101101001100100000000101001011001010000001001010001000101101101010001000001100100001010100101000000010001101000100101101011101100001011000010011001101101100100001001010001100000001101100000000101100101101101101100001101100101
001011101001011000000101011000000011101001000100010100101001100011011011011000011000101010011010000101000010001010000011101010100010001000100011101000000010011011000001101100000000001100001010011001000000000011000001010001100001010001100001000101000101000011101010100000101011010000100011100011001101100101101011000010101100101101011001000000010100101000101100000011010100101010010011
101100101101001100001100100000010100000101000001101000011010010011011000000000011100000001011010000000011101100100010011101100100000100101100101001000100010101001100011100001011101001000100100000100000100000010001100011010001001000010100100001100000000000001011100100010000101100011011001000100010000101011000000001011010000011010010101000100001001010001010101001011010000000101000101
011000101100010100101010000101010100011100010101000101010101000010010101100101100010101100101000000001010011001010001000010000101010001011100100000101011001011101000010100101100010101010001010001101001000000010101100010101100011011101000010001101011000100001001011011100100011000100010000001100001010101011001000010101010000001011010100000011100010000010011001101100010100011000001011
100011101011011010100100000001010000000011011001001010000100011101001101011000000100011001000100000000100010101100001011100000100010000000001000011010101101011010101000011101001010011001000010011101101100011000010010010100001100000010101011101100001011001010010100011010000011100001101011010101010010010101010010101000101010101011000100100000101101011000010101101100010000010001100010
001000101100011011101101101011101101100101001100000001010101011101101101101101001010100011101101011000100011000000001100101011001100100011010101101011101011000100001011011001101101011000001100001101001010000001001101000101000000001101000011100001010101000100001101011101010100100011100000010010000100010101000011101001100001100100011101001011000000100010011100101101011011011000000001
101100011011101100100001000010000010101010001000000010001011000100001001100101011101011100011001000101100011010000101101100000100100011000010000010001010000001011101001010100101011011101101101100001000010011100000001011001011101000101010010001000011011100100011001010001001001100101101000011001000010100011100001010011001100010001011100000001010000100100010100000100101011101100011100
000100001001000100000001011100000100101001000010100101010011100011000100000000100100000001001101011011001000010100011010010011101100011000100000101001100010001100010100100011100100000010011001101011010101100100100010100001000001101010011000000000010100001100101011101101101100011000100010100101011000000101100001011100000010000011010011001101001010000100101011100011000101010000011100
010011000001100011011000000011000011001001011101101001011000101001000101011010101000000010101001011001100001001100001100001011001000000001010101010001100101010101010101011010100101010001101101101010011010011010100101001000101101011101101100000010100100000000011100011010101010000001010011101000101010011000101010101010011010011000000001011010010010011100101000001011010000001000001011
100011000001010001100000010010101100000011001101100011101100101001011010101101010101000010101010101101011011011100101001011000100000000000001101000101100010011001101100000100100001011010000001011000100001010011010000011011000011101100001011100001010001011001000001100101000011011011100101000100101010100100000010001010000001101011100100000010010101001011101101101000010010011100011101
010010011001100101101001011100100101101100000101010000100101100010101010001000010101011100000101001000011001001101000101100001100101101100011010000101000011001100011010010001001101010101000011000100010101101010101011011000000010101001101010011000001001001011001101101000011100000101000101101101000011100011011100011001000010010101101101011001001000101011100001010100100010100101011100
101001001011011100001011011101000011100010010000001100000010000100011100100010001011010101101100000101010001100010101100000001010010000011001000000000010000010100101010001101010100000101101001101101010100001000010100011101010000011101010101100011001100100000010010101000000011100000000010011001000101011000000011011010100010011011011001001001011010000101010011010010001001101100010100
011100001010101100010010101001001000101011010100100000010101001001000100001100001100010101010010001001010001000011011101001001011010000010100100011001011011000100001000010011101011100010000001100000010001000011010101100000000000010100010000000011001100001010101010100001000000000100010100100101100101101100100001011101001000101010101011101001010011010001001000100011000101101001001001
000001010000010101001001100001100000001001000011100010100011100000101101010100101010000010000101001011001100010011011100100001100010010010101101011011010010011001101100101010100011101001000010010010010100011011001011010001001101101001011010100100010000010000010011100100001001011010101101011011101000010100100000101011100001011100010100001010101101101010100100000001001100011000011010
100000100100010000101001011000100101000100100101000010010011001011011001011010000010011010001000010010011011010000000010000101101011100000011010000100001011001001000010011101101100011000010001011101010001101000010001001100010101011000000001001000010010001010101011100001101010101001010001000001010000100001101101101010010101001100100000001101100011101101001101000101001101001000001100
001001001000010101011100011001100001000010101010010011100010001001100010011101100010001000100011000000000101100011100000010001101010011100011101011010001011101100011001001011010010000100100100001100010000000011101001010011100000101011000011011101011101100001000100100001011011100001011100100010000101100000001001001011010000101010010001101000000101100101010100001000000001001010100011
100001101011011011010101001101000100100101000101101000010000011000010011011000100011100100010101100101000000011000101100011101010010100000001101101010010011001101000011000010101011100001011010101010000100001010000000001010001010000100100101101000010011101101010010000100001101100011000011011001011001001001100010000000001000011011101100011010000100100011011000101000010010000011010101
100001011100001101101100100011001011010011000001011000011000010011000010010101010010011011000011100100001100001101000100001101010000100000101001100100010010101000001100011010001100000001010000000011000010000101100011010000101100101001011100101001011100000001101100100000100000001101001011011010101001101011100011100101010010001000010011011100100100010101000001011010101000011000000101
101011000001010001011010000000100010010000101000001010000101100010011100011000001001010100100000010101100011000001011000010011100011101010000100011100011101010100011011101001010001001101000011101000011010101010001100011010001100000011100100011010100011011100000011010011010001010010000001001100101101101010011010001001010011011101011011010101011100000011000010010001000000000101101001
101100101001010001010101011011001100010000011001001101101000000011000101101100100001100010101100011011101101001010011100100010011100001100100000001010000001100011000010010001101000000001001000101100011001011001011100010001000011001000011011010001010001100001001100000000011010010000100101010011001011101011100001001000011000101000000001011101101000001001101000010001011011100100100001
001100100010011101011001000000001100100001000101011101001010010101010011011001011001010101001101000001011011010000001100101001101000000011011010011011001100100011010010011000001011001011010011101011010010011011101000010101100011011010100100011100101011011101001101101011100010000101010101101011001100011010011011100011011011100001000101000000001010011001000001101101101101001011101011
010101001000010000001100101101101101010001011001010100000010100101000010010011101010010010000011011100100010000101001100001100011010001001011001001000100011011100101011101101000000000100101001011000010000101001000011010001101100100101010101101001010011101101101001001010100000000000010010101010000101001001000100010100011101101011100010000001101011101010001100000010100000010101011011
010101001100000100011000000001101001010011000011100101100001000100100100101001000001010100101000000101101000001011000000000001010100001010101011100000100100000001010001001001000000000101011101010011010001101001010010100100011001010101001001000100011001010100011101011010000011000001000000010011010011011010101010010011101101100001000000001101000001001011101011001010001000000000100101
010000100000010011000101010100001101001100101001000000100100011000011100001001100001100001001010001000010001011010001011101011001010000101000100101100100010100011100000010011000100101001100001010000001000100100101100100001000100010100001101101101011001000001100010010010001010100100010011011100000000001010000000010011001011001011000001011010000100010000010000001011100000001001100100
001001101001001101100101011011001000000100001010100101100011100000101011001000000100001010001000011101010001011100011001100010011010000101011011001011011011000101101000100100011000101100100000101101011010101011010011100011100101101011011011011101101001100101100101001000010100001101101000101000100010101000101100001000001011101011010100000100010100011101001001100011011100001101010010
000100000100001001010000011010100011100010101011101001010000101001001010101010001100101000100001000101000101100000100100000000011000010010101000000010000011100100001011000101011000001100001101000100000000101010001000001000101011010010000000010101000100101010101001101001101101001010011100100100010001100101100011001001101010100100001010101100100001001100001000011010011100010101011010
001011000000100000011101011101100001101100100100101000100000000010001000101001000010000011001010010000000000010100101010100100000101010001010101101101010011101001000000101000011010011010001010100001001011101000101100001100101101101100101011001011001011000000101100000001011011101010011000100000011101011011000010100011100010001011010001010000001101010101011010000100101011001000011001
101000010010100100100101101000000101100101101010100001011010100001010010011011100010101001100100000011101010100000100001100011001000010011100001101011100001000101000100000101100000010000011101001011010001101011011001001011101101000101100000001010001100001011000000011100100000101000000001001010101010100100011000010010000100001000101001011010010000101011101000101001001011000011011010
100001101011000010011010011011101000101100011011000000101000010000001100100001001010101001011000001001101101011001101011100101011000010000000000001010011100001100010100011000011001000001001010010010100100100001000011011011000000011000010000001000001010100101011000100000101010001011010100011010100000011101101101001010101001010000101011011011000000011000001000010011011010101000100000
101100000011101100000011100011010010001010010010000000011010101000100011010000001000010011000000100001100100000000101001000000101000100000001000000011000100101011101011101101100100101101101010000010101011011100100010000011001000100001100101100101011011101101001011001001101001011010000100101011100011010010010010010101101100100001101011101000011010001000101100001101101000010100100001
010001100011001010011000101010100001000010010011000010101011011000010011000011011001100000001010000001100101011001000010101101000000001001101100100100101101101001010000000010001101000010000010010000101100101001000001100011101010100001101010001101000100101100100010100001001100000010101100100101000000101100001011011001001011011101010011000101001011100010100100001000011101000000001001
101101100100011010101100101011100001011101100010101010010100100011011011001010011001000100100100011011100001000010101010001100101100011000011010001100010100001001101101000011011011100000000100100101101100000010010001011010011010100011101001010100010001011100010010011001000000100011000011001101000000001001101010101000001000100001101000101000010011000001000001011010100000011101100010
001011010000000101000010010011001000010010001001011000101100011011100000001000000010011100010001011101001100010100001010001101101010100011000010010001010001100000101001001000001001101001100100000011000101001001001011100001100010010100001101000101101100000011000010101010100100001000011101101001101000011100001010000011100100101011101011101100000000001010011001001001001000000101100100
001001001001101101000000101000011000010001011101100010100001010011100100001011001001001010101100100011000000100000100101101000101010001001001100010000000100011010100101001101101100010010001001101101100100100011001001011101011001100100011000011001001100100011001101000010011100100100000000010011000100000101001010010011101011010010010011000101001000010001101101011101010101010011001001
011010010001010101000000001101000000001011010101100011100011000100001001011101010000011001011001001011011001000010000011101101011000011001000011100011011001011001001011000011000000100101100010101011011011101010001011101011011101010001010010011000010000001011100101011001001011000100011000000010000101011001010011001010010010100010000100001011101000011010010010001001000101100010010100
001001011011100100000011100010100100101101010000000000011100100010101010100010100101010100000010010000010101101010100100101101101001011001101000001010101010000010000000011100000011000010011101101100001001001010000100100010011000011010011001100001101100101001101101000010001000010101011001100101010010100000001101010001001010000001001011101101101010011000011010001010000100010101010100
011100010101100011000010011011101000001010011010101000101000000101000100101011101001010010010000011101100000001100101010101010101101001011001001010001001010000100100001011001010101010100000011011010010011101011101100011001011001011010001011100101010001001010001001101000011001101100010010000010001101001010010011000101011001000101001010011010100010101010000000010010101001101011100001
011000010100001011010100011001010010000101101100001000011000101001101001000101101100010011011000011000010000101100101101100011001000001001010011011000100101001011100010010100010011100001001000101011101101101100001101001001100010010101010000011100010011100010010101101101011100001101101010001100000101000011100001101101000011100001100000010001100011011010010101000001101001000010011101
101101101010000001010011001101010011100001001010011100100100101001010000000001011000011011100101000010101001100000100010001101100000101101010101100101101000010011011000100000101001011010100010011011100011100011001001010000100000000011100010101000011011001100011010010101000100100010001100010000101000001100100001000100101011010010000010000101011100001011011000011010100001011001100010
011011011001000101010001011000010100100000011101000000000100011100101011001011011100011001000100001001100011001010100000000101010100100100011101000010010011100011101000100101000000100000000011001101100011000010100100001101101000100000011100001000011001100101001010011001010011011010101001011101010100010000001011001100001101001001010011000010010000101010100011100101101000011011101001
000000000011000011101011100101011011001010001010100100101001001010001001001001011011011011011101000010101010001010010101001000001001010001101100101001001000011001000010000100101100101011100000011001010010010011001000000100000011000001000001001001011000001000100001011001000001001100000000101101001001010000001101010011011000101010101011101000001010000011101000001101001010001001100000
000101010101011010010001100100100001011001101101011100010001001011001101001100100000001001100010011010010011010000010000000000100100010001100011001100001011000010001010101000101001001000011011010001011011001001010101000000010100100011100000010011101000011100100011010100001001011100010001001101001011010101001001011010001100101100011010100011001101100001010001010001101101000101001100
100100000010010010011100101101101001101011010000101100001010100011000010010000011000101101010100000101101001100100011010000100000101010100101000011100000101010011011100000001101010101100100010010010000101001101101011001000001010011000010101001011100011100101011101011010010011100000101101100001011001100100011010100100000010011000011100000101000010001010000010101101101101100101001001
101000101100011100011000100100101000100011011100011000011011011000011011011101001001010001011100010011001101001100011001010000010101010011010000100101001001001100010010001010100101101001001101011001011000011001001101000101011011011100011100101100100100100010000011010101100100011001100011101101100010011001010100000010000010010010100100100011001000001100010010000000100000100001011101
001100010011000011000101100000001011011000000010001010100100000101101101101010101011010001101001000100010101001001010100101001011100011011100010100001000101010001100001100011000011100010010011001101011001010000011011001000011010101001101011011000101100010001101011101000011010001000001000001011011001011001000011100001101011100001100100011100011011101101101010011011011000101101100010
001101001001100011011100001100101000010100100001100100011010001100010000011001100100101101101011010010100000001100000100010010011010101011001101001001011101010001001000101010011100011001100100000001010001001100100010100101100101100000001000100100010000010010000100001010000011100101001011100011001100000001000001101011100000101001100011011001101011010101100000000001101000001101000100
100000001011100011101100100011000101000011001010010000101000010010100101100000010011011101010011010001010010000100100010101101101001100100001001101010101001010000010011010001101000010011100010100000011100010100101011000001010100011101001000100000101101010101011101011000101101001010010101101100000000101100101101000010000010001000101010100000101010010100001101001011001010011001000011
000100011011011010100001001011101000101101001011000010001101101001100000010010001001100101001100000010101010001100000100010101101000101001100000001010100101101010011100001000100100011010001100001000011011101101101011011010011101011010000000011100011000001011011000011001011010000000001000000011001010011100001100011000011000000010100001000010001011101000000010001011010011001000010010
101100000010100100010000010101000000001010000101101010000000101010010010100011100101100001101001000010011010101000101000000100100010100100101101011010100010010011000011101001100010011100100001010011101010011011000010001101010000010011010100101001001001101100011000101010101001100011101000001011101011011001000010101000101011001000000001001101011011001100011001001100101100101001100101
010000001101000010010101011011001100100000011001010011001000101001000100100001100011001010011011100010010011010101000101000100011000101100010100000011101001101001001010011101011000011101000000001001010000000010100100000000000010010010101101101011001101000010100100010101010101000100010000000001010100010000001001010011001010011011100011101000000101011010100101101011100010011000000100
101101101100001010100010010011100000000010000101011000010010000010100010100010011101100101001100101101010000000011001011100000000010100100010010000000010000000001010101100100000011000000011100000011100000001000100101001101010010011010100011101000000101011101010001101001001101001100011011010100100000000011011001101101010011101101011000001101000101011101101000011000011000010010100101
001001001000000000010011101101001000001100100000101011100000010011011101011100100010000011000010001000101000001101100101001000010100100101100101101011011101101010100010010011011000100100000010001010100001000101011000100011101100000000011011001101100000000011100100001100000011011100000101001100000101100100010011011100001010001101101101101010001011101001011100010001001100001100010000
010010010100101100011000100010001011001101101000101001001010100100001101010010010011011100000001001001101101011101101000101001010000000010001010000100000010101000001010010010000100000101101011100100011001011011100001011100011011001001010100101100100001100001000010000011101011101011010001011000100000011010010011011000101001100101101010101000011000010011010101000101010100000101000100
101010001100001001100000000010001100100000100100010001100000001000000000010100001010010010100010000001100001000100101101100100101100010010101011001101001011010001100010000000011001100011001100000101011011000010010001001001010100011010011101100000001011011000011011001001010010000000010101000001100101100011010011011100000000000010101011101101001000101000011101011100100101000000011001
010101001000010100011100011001101001101001010101101000101000001001100011001000001010011100000101011101001000000001101010001001001100000000001100101011011101010100101001101100011101011001101001010101000000001000011011100001010000011101010000011101011011011010000100100101100001100100011001000011100011000100101001000001101010101011100101001011100100101010101101001010101101010100100011
011001010001100011011011101101101010001100010010100011100001011101000000100000010101011000010101000010010101000011101101001010100011000000001011001001011010011011100001100011001101101010011000101011000100001100101101000011101011001010000011101001001101000000101100010001101101000011000101001001101010001000001101001010010011000101011101001101101100010010101001000000000000011001100001
010010100100101001101011000010101000010100001001010101010011001011010001010000001001010011011011010010101011000100010010101011101101101011010100100000100011010001100100011101011100000100011011001001100001101100000011000100000101100000011011001000001101000000011000011101011010000001101101001011001001000000100101010011011010011101101011011011001100000001101101011101010001000010001100
011101100010100001000000011011100000011001101011101000011000010010001100001101001000010101101010100101001100010011100000000001100100101001000000100010100010101000010010011010001001010001100100101010101001000001011101010000101000000010101101101101001001000100100010011100100001001001011100001100000100011010010101000000100010001100000011001010001011001001011010000000010000001001011000
101010100001011101010100011010101001011000101100101011010000010011011000101011100000101011101001101100010001011001000101100001101010000001000100100100001000101011010011000001010000010011001001001101100101100100001011011011101100010100100100100100100100100011000010101101011001010000000010100010010101010100100010101010011101100000000000000000001010000101100100010010101011010010001100
011001000000100000001001000101101100011000001100011011101101001000100001001100101000010101010101100011010001101010001000000010101101011101100000001100010001101001000000011010011000000011010000010100101101100100100000010100011001011000001000101011000000000101000011011011100011100011101011011001011001010101100101010100011100100001011100101000101001100011001000011001001010100101010011
100010100000000100100001100001011010001001100011001001001001001000000001101101100100001000001101000010011101010101100100100011010100100000000000100000011101010000011101000000010101011100001101100100000011011001000000000010100000011101000101010100001101000001011101001000000001101101101001100011000001011011010100101011011011001100011100101101100001000100001001000100001101100011001000
010000001100001001010101100000101011000100010011011100010101011010001101100011001011000101010001000101001000100101010011001011010010010101000000010001010011001010101100011001010100100011001101001010001010011101001011100101011000010010001011001010000100100011010101101000010001000011101101011000011001011010101101101100000000011000010100100010101000010100000101010010001010100000011000
100001101010011101100011000011010000001010001010011001010010101001100000011001101001001011101101010100011000101100001000100101101010000010101000100010000010011101001101000001100001011011000000100011010100011100011101010100001101100000010010010010010011101101001011010101000100011001010010100101100100100101000100001100010011101000101000101001101001000000100010011000101100000000011000
000001010101100010000000001001000000100101001000011000100000011011100010000100100011000000100000000010100010011011000010101001100101101100000101100001010011101001010101010011000000001000000011000010011000011000100101010011000010001001000001001101000010010010001001011100100000011001011010001101011000001001000010000101001011010011001101010010010101100101010010011000100000010000101011
000001010101011000010001101010100010101001011011011010001101100001100101011010011101101000001000101001010101101101101000101010101101000000011000100001101000100011101011010100010101010000000100011101011000001101011100010100100010101100011001100010101001100011011010010101100010011000011010100100101011010100010010011011100101010011011101100000000100010101100010000001101101000010000101
101001001101100101011001101011101011000010101001001100100010010011100100000001010100100000010011001100011010001011100011100000101100010001000001000001101100001011010100101101011000001101000100100011010011001011011001010100000100001000010010101010010000100101000101100011011011101000000101100011101011000010011100101011101101010000011010001101001011000100011010001101010101101001011100
000000100010010011011100100011010101101100100010101100100101010101011001001000011010001011001100001000000011010010000101001101000100010100100011100001010100101100000100000000000000001000000100010100010010000100011000101011001010101100001010001101101001001000001011010010100010101010000011001101001011000010011001000100010100011000100010100010000001101001100011101001100100101010101000
100100001010000100001010000101000001101001001001000011010011011101000010101101000000001000011000101011100011101011000010101100000101101001011000011000101100100000101010101001011011010001011001000000100000000010010000100010010011100101100001100100101001011011101000010000000101001010101011010101101100001011011011010011000101001011101101010001101011101100000010101101100101000011011000
011000010101011100100010000010001000001011011101100001100001001001101001010100001011010010011000100011001001100100000010010101011001001011010010100001000101101000011010100101001010000001001101100000000011011101001001100101101010001101011101100100100100101001011010101000101000011100101010000001010001010011100101010101011100100101100000001101100000100101011101010010001101001101010011
101010100101100000001001100010011000001100000010101100001000001101000100000100010100100100001010001100101011010101001101011010101100001010011100011000010101010011000001001100000001011000001101000010010001010011011101000010000100100010100101010011100000000100000001100100000011001001011001011001001001010001101000101000010001100000000000100011001010011101001010100011001000001010100100
100000010000000011001001000001001010000011101001011101011100010000101011001101001101001000011011011001100101100101011010101101010011010000101000001010101010011101010001010100100010001100010000100100000101100011100101101000100100011010000011000000000001101000001101000000100100000101100101101100101011101011001010010100001100010001000001011100001101011011001100100001100000000010101000
000100101101010001011101011101100001000101001100100000001010000100000101101000000000010000011101001100101001010000000100101010011011100101100101010000000001011000010010101011100010010000010101001000011100011001011001100011010000001001101001101010100000101011000001001000000100100010010100011101101010001011001000100011001100001000000011001100011101000100001000010000001010101001011101
001011011011100011010011101000101010000011101010011010000010010101000011001101010100101010001011001100000010100010101001011101000011001101011001101011001011010101100011101001000101101100001001010001100000001101100001010000100101000001100101101101001001100011101001001001001000100000001100011011011011011011101011010001101101101100000101000001001011010010011101000101100100101011011001
001001010000100100100101011011100000101100001000000101010101100000101000000001100001101000001101000100011001010011010011000010000010010011100001010001010101101001000100010101100100001001100011000001001101011010101011000000011000100100100101101101101011001000100100011010101011001011010000000011100100000101010010100010011101010001101010010011010101000101010101101000101010010100010000
001101011000001100100101001011011011000001001100101100000010000011011010100011001101000011001101100011011000000010000011100101100100100010100011000001000000001011001100100100101011010100001000011100000010101001000101100011101011010101100000010000100101000001101001000010001001001100100001101010100000010001011100001001101010011001011100011101101101011100010100100010101000101010001010
101010101101001010001011100001011000000000101001101010001011011101010010010011000011001011000000011000101011011100011011100000010000010101100001101001001000000100011011001101011001100100101100000000101010010010011010011010011001101011011001011101100010001011101100000001011011100101011000011100100100001101000100001000100100001011010001011101101011011011100101001000100001000011000101
101001101101101010100001001100100100100101010001010100011011101101000011101001001010011100100011010101011100000010001101001101001100100101000010101010010000101000101010101000100010011011001000000100001011011100000001101011001101011010001001010010001011001010100001011010101001010000101101010011100100101011001010100101000100101101001011001101101101010101100001010101101001010010010010
101010001100011100001000011101000010100001100101011011011000010010000011000000101100001010000101101000001010100010101001010100011100000010101100100101011101100000001100011100010101001011011010001010000010100010001101010010000000100011001101001100001010001101000000011101101000011100010000000010001000010001101010100001010001100101001100101011001101101000000011100101100001101000100001
010101010001010100011011010000100100000010000010010001010011101010011010101001000001011100011001101101011000101101101000000101010100000000000101100001101000100101100000101010100011011011100011011000100001010010100100011100100011010011100011011011000011100101011011101010001010100010010001011011000011100000000100011001100101100000100001001010000000001000000011001000000011000010001001
001010001100011100011000101011001100011101000000000001100100100011100010010010000100000010100000000010011011101010100000101001010011010101000100001011101010100000101011010101011100000101001100101101010011011011011011100010011000011001001100101010001000100010001100011010101001001001000100000100101001011100000011011001010010011101101101010011010010010011001101001011011000000101000011
000000010001100001000011000101011101101001001011101000000000001100001001101101010101100001010101010101001000010001100010011000000011010000000001010100001101011010001000001010001100101101100010000100011010001010010001010101010101100001100010010100000010101100010101011011101001000001101010101011101100000010101011001010101101011011101001100000010100101100011000011100011000001001101001
101000101100011000101100100100100000011000011010010011000101000010100100010001000010101001001100001100000101010100101001001011011011100011001001100101101011100011010001000011010000001001010011100000000100010010100101010000011100001001010001010011100100011000100101100101001010011001101001100011100010001001010000010011101100010100010010101101101100101101010011001011000010000011011010
100000001101100001101000010000010001010010000001101000001011101101100000011000010001000101000101101001011010011001100100000100010001100001101001101001000010101011100101101000010011010000100101010001000001011010000101101010000000001100000010011100100101101001011001000101100101011001000100001101100001010100000001101000000101000000011001001000101010011100100011000010001001001101000011
101000010000000000101001010100001001100100010001011001011001001010000001011100001100100100100001100000011000100001010010101010010101100101011010010101011001011101000011101101100100100011000010000101100010100000100000001011001010000010011100011001000000001010011010011000011000000101011001011001001100001101001000010000100100011001100101001101101001011000100101000010101001010000000100
001100000001010001100100010010010011100000001101011100011101100101010101011001011010000010000100101001000010010011000000010000101000101011100001011000100011001011001000011100100001100001001100011101010010001001100000001100100100000100001000000001001100001100101000101010011101100000010011000011010001011101001001100100001000011001100011010000000100000000001101001001000010010000001000
010011101100001101001010100101000101000010101000001000100100001101101001010010000101100010010011101101001001100010000101101010000010101000011000010000010101100100001101010100010011001101011001000101011010100010101001010001001011011010011101000001000011011101000101011100101011011001011000000010000100011010011001000010011101100011000100010000100000001101000000101010011010000101000000
000000010001100100010100001001101010000010010001000001000001010101101100101100010010000001011100100011000100010101011010010010001010101011000100001000011000010000001010100001000101101100001101101100010001010100000100101001010011001100100000101011011000100011001100100010001100010000101100011000000010010100011101011100011101101010001001000011101011100010000010001101001001101101100100
101011011101000101000001001010001010100100100100011100011100010100000100100100001100101010101000101010011100100001000011001010000001000001101011000100101001101011010011101001011011010011101000001101001001011010010010101001010011011001101011000000010101011101000011011101000001000000010001001011001001010101100001100001011001000001101010011101001011010001101011001010000010001011001100
100000010011100011101100010000011100010000000001100100000001100100000000011000101101000000001101001000101011000000101000101001100010100101001011000001010101101100000000011001010001010100101101101010010011000010000001000010101100010010100000010000011100001010001011011100101001100011001001001000001100101001101001001000101001101000101010010101101011001000001001000101010011101011101101
010000001001000011100000100010010011010000100011100001101100100001001011010000001011010000000001100101010001101011001010101100100010001101001000011000101101100000010100101011100000010011000101001001100011011101101000100100010000010100000101001000100001000010010100011001011000101101011011011101001011010010001001000010011100101100101101001011100001010010001011101100101000011011100101
100011100010100001000101101010101000011000010101100000100010100101011000100101011100001000100011100010101000011000010001101101011000001010100001011001001100101100001101100100010011011011010100011010100100011001100000000100101001010000001001100011001010000001010001101011101100101011011100011101010100010010011101101011000100001000101101100010010010100010000000010011000101001001010101
010010000000011000010000010011000010100011011101101101000010100001101000011011010011100011100010011011010101100001010010011010011010000001100010000011101001010010010000010011001100001101011101101001101011100011100000001001010001001000100001000101101001011101101001101010011011100100011000000100000011101001101001000010011100000101100100101011001100000100100100001100001100000011010000
101101101011001001010101001011001011000010000101100001001100010010010101010010011011001001001010000000011000000001100100011011000100011001011011101100101001101100101101000011000011010100101100000101100000101000000010010001011011101000010000011100000101101101100001010010001010100010101011001000000011000001011100000100100001101010100001101011010010100100001011010000000100010100000000
101011000000101001001011101101000010101000010011011000010100100010000101011001011011100011101001101101001010010011010001101000100011000010011011011101000101011001001011101101011000001000010001011100101010010101101000010000101010100100101000000100010001011001011011000101010001011010001100101100101010100011011000000011101101100011100000100000000101001011001010011011001101010000100000
101100101000010001000101100010000100001011000000101101101100011001001000001000000000011010000010100100000101000000010000000001100010011000011100101100101100000010011010001001101101101010010101100100101000100011010011010100000001010101100001000001001101101010010011001010010001100000010001101011001011100011011100101000100010100000100010010101101100001000010001000001100010010101010010
000010100011010100011001100100000001001100000001010101101101101010100010001011001100100011010001000101101001011101000000000101011011000100010100100100101000010000100101011010101101010000001010010100101000101101001010101011010011010010011001101001100101011100001100100011101100010100001001100010001010100000001010100001011001100010010010010101001000011100001101100011101010011100011001
001000000010000001010011100010000101001101010001011101011010101100000000011011011001000101001001101001001101101101001010000100000010000100010100001010001101001000010101010001010010000000100011001101011001000001010011101001011010000010000101010000101100011101010100011011011100010101000010010101001001101001100010101000100001000010010101011000001101100011100011100001000101000010100000
001101100100000000010100000001000100001010001101000101101010100101001011001011001010011011000100010010010001101011011000011010101010011011001100001001010001101010010001000011010100001011010011100101000100001011010011011100101001011000101001001011000000101001001011000100101100000000000101101011100100000010001101100101011101010101000101011000000101011100101100100011100100010101000100
100001001101100101011101010100000011011010000000010001101010101001001101100101010000001010010010101011101100100100000100011101000100000010101011000101100001101001100010101101000010010100011010000101011100100101010010011011000001100000010101001011010010101001101010100001100010001000001011001001100010011000100011001001001011100100001101011001100010101101000011010101000011010000001001
010100101101100101101000100001101011100000100100100011011011000101100000001001100011011000100001100101011101001100000011100001100000011001101011011101011010101101100000000010001101011100011001100011100101100101011010010011000000011010000001010011001001000101010000001101000010101000010010001011000100011100001101011101100011100100010000101101100011100010011000100011100010011011011011
000000011010010101011100100001011011001011101011010101001100101100001001001010000011100000100000011000100001011001100011001001001010011011101011001011010101010101101100100001100000100000011010010010100011001100000100000101011101100011010101101001101010000100000010000010000100000100010001010000000100000011101100001011011101100011100000010010100011010001010010000000011010011101011010
000011100011010101000101011011000010010011100100101011001000000010000010001101000000000100101001011010000011101000010011011011101101000001001100101101001101001001001100001011100101000011011010100101011001101100001000100010000001001000000001100100100100001011010000001000010000101100100000100001101010010011011101001010010010001100001001011001001001011010101000001011011000101100010101
011100010011010001011101001100010001001100000101011011101011101010010101001000000001101001011101011000100010000101000011101000010011100011100001000010101011001101010000011011001101000101101101100101101101101010001001100000000001001001100100011000101000010010101011011010100100000011010011001010011001001100000010010001000101001000000100011011010000101000100010100001101100101001001001
100010100010010001000101011000100000010100010010011011000000011000000001000001010000011101010000001001101010000100011011001101010011000101000101101010010011100010000000011100000011000001010000010011001000001001101101001001001100101101001011001011010001101101100011011000011100011101100010000000010100010101000101000011000011101011000000000101001000000001100100010100001010011100010001
010100000011010001100001100100000100000100100000101011000101001101001000001000000000001010101100001100001000001101001101101010001011011101000100011101010010010100001001101101101101100011101011100000001000001101011001100101011101011010011011101100011011001101100000001100100100101100011100010010010001100000100101100001101010000011010010100101010011001010100010001011010101011011010100
011001101100010011101101001000101101101000011010011010010001011001010100101010010011100000100000010010101011100001000011010001000011011011100011001101010100100101101000101001010010100011010000000011101000000011100011101000100000000011100000010100011101000011011100101101101101010010101011001011101000101011011100101000001010001011100011000101011011100000011010100000010011000010100011
101101010010101101010001011010011000100000011011001100001010001010010000000011000000010011000011100010100010100001101010011001011010101000011001010011101010101011101001001100011010011101011011011001000000100100100101101011101100101101011010000000011010100010001101010101010011100100011101001000010001101011000001101101000010010100011000001101011011011011101001100100000011010101000100
010101000000001011010000100010011010010000001010101101001100001010101000011001001010011001011011010010010001010100101001011100101011100011010010000010001010010001010011001101100000010001101000000000011100001100001010010100011101100001010001100010010101001100100100010000000011100101001101011101101100001000100001100101101100101010011010010011101010011001100001101100010001010011100011
011011000011000100000011010000011101100000101001100001000100100000001000001100000000001101101101100011010000000100011001011001000100011011100001001010100011100011010000010011000011101011011010101100101000101100100100001000001100001100001001010000100100000010101000001010010010011000100010101011000010101100001011001000100001010011100001100010100010101001010000001001100011000001011010
100100000010010000101000101100101010101011011100000000010101010001000011100010101100000100000010001101101000010010011001101101100010100010010101100001011010010101010011100010011000101001000010000010000000001011101101101000010001101010101001000001101100001100100101010001011011010001010100100010010101010000101001011001010101100101001011010001101011001010011011001100011010000011100010
010000000101010001100011011011000010010000000100011011010100100101011011000000010101011100100001000001001001100001000011000000001100011100010011100100101010001010101011011101100101010001000001000100101100101000011010100101010011000100011100001100011001101011011001101101010101100011000000100010001010001001100100101001101011101000010000001010000101100100100011001000011011000011101101
000101010011101010000101011101100010011101001001101101011010001101000010101100001101001000000001000000100010011100001001101001100010001001100010000101010101100000101010011000011100101000011101000010101011011101000011001000001011100100000100011010011010001100001100001101101000000011010100101101011000000001100011001101100000001100011100001001000011010010000100001001101100100001101001
010001010010100100000100100011011010000000101001011001010000011100001011010000000100000011011101010001001010101000000001100001100011101011100010011001100000001101011000010010100100011100010011010010011000010001010011101001000000100101010001010001011011100001011001011001100000001001001100100011010011010010011100001000001101100000000100001000000101101011000101001011011001010011101001
101001000001010010011100000001000010000001101000011001010011001000011101100000011010100100010100100101011101101001011101100100000101100010010001101011000101101001010100000100000000100001010000001000010011010011010100000010000000010010011101000101100000101100000011101000010011011011001010100001011101101001101000011001101001001101000000100010010100011010011011100001000011100000001101
010100001010010001011100010100000001010001001000100100010000100010011011000001011000011011000100011001101101100100001011001011101000000000100010001011001011010101000011011101010011010010100010101101101010010011011101011101101010101100010010101100001011101011101011010001010011010000000001011010011000000101001001101000001101001001010010100101000010011100010000010010100011100000011100
101101000101100101101000010001011011001000011011001011000100101001001100001011101101101010011000100000011000000011001100011101010100010000001001101100001100001101100100101011010100101100000010000100101010101010011000000101001100000011001100101010101010010001011010101000000010000011000011100001010100101101010100100001000100001100000011011101011011001000010010000101101100100000001011
100001000001100101000101101001000101001000011000011000010011011100100000000101000100000010100100100001101000000000011100001010011010001001010001101001011000011100001000101100001101101000010000011011010011011100000010001101000010101100011100101010100101100001011000101011000000000010000001011000010100011001011100001000011000010101000001001000100100000011001010100100100000100100001001
001010000001010100000101010000000010001101101000011100000100100001001011100001000011010000100100000000101100101100000101001010011001001101010001010001100010100011100100010010010001011000100000100101011100000001010000100101000000011011011001010100011011001011001011100000001011100001001101100011101001100100010100010011101011101101001010011101001001101011101101011101010010001000011011
100010100000101001010101100011010000011001101101001011010001000101011101100010100100101010011000011101000010100000100010011100010000100101100001101101011100001000000000001100000100100000011011001010010011100011000001100010101000001100101101001011000001010101001000011100000101101001001001001000000101011101001011011011011101001001011001001001010101100011011001001010001011010001011100
000010101001001000100100100100101100001010100011101000010000011000101101010000010000101100100011000101011100100011001011011001010010000100000001001010010000101000001010101100011000101010100101100000010010010001101010001101010000000101100010100010001100100001011101100010100010101010010011000011001010000100010011011101101011000010001010001010010001001100001000010101001001000101100011
101000001000011101011001000000101011000001011011011100011010100000010000011101100010011011101000001000100001011100101010000001000011001010010100010000010101100010101100011100101100010101010100001000100100011100010000010100011100011010010010101000001001100101011001011010100100101000100010011010001101000001011011001101001010100010101100100100000100100101000001011001001010010001100001
001010000100011001101001001000001101010011010011010101000100001101010101100101011011011100101000000010001000000011010011000001100011011101000011011101101001000000010001011100010001011101000001000100100010000010000011001100100011001100010000011000101101001010000011011001001001001010001011001001100100011100101000001011101101001011100000000010001100010001000000001000001000001100010000
010100010100011101100000011011000011101001010011100010101000010010011001100101011100010011000001001010001010011101101001011000001010000100010011001000000101100100101001001001000010001010100101010011000001001001011001001010001010011010000011101000010010001001000000101100000100100101001010100011011101000000011100010100010010001000100101101101100000101000000010100100011011010101001000
101001010001101101000001001010010011000000000101100100010001000001000011101000011101011100010010100000001100101001100011100001011100011101101010101000101011000011000100001001100101101010010010001000001101011000011010100100010101011001101010000100010000000010100100010101100010011000001100100101011011011011010010011101000011011000010010101000010010101000001001011101000001101011001100
100000100100001010010000011101100001001101000100001101000010101001001000011101000011000001001000011001100001000010000001001001101010010011001011000010010010100000001101000101100011010001000000100001010101101000001010011011010001101010100001011011011010010101001010100001010001010100101001011101010100011000001100000010101000010010010000101000101100001101001000011011010011011001001001
100101011011101011000011011101010010101100010010101010000011010000100100010100011100000001101101101101000100010011000001100101101000101010011100011011100010001011000011000000000001100011010011100000010001011011000011011100010000101010011010011000001011001100011010100101001000001011010011100011010001101101011001100010010000001011100000011100001011000001001001000010100001001101011001
100011100000001000100001101001011001000101000000010000001011001100001101010000101101011011101101001010011001010000011000000001100000101000001010101101010011101100100101100000101100011100000000000010000001011100011101011010100100010001101011010101100000001010010101101101011101000100001011011000010100011010101011010100101100100100001011010100010010101000001101101001101011000000011101
101100011000101000100010010001100101010001011100001101100011101010011011100010101101000100100011100011001011010000100011101011000001000011001010010011100001010010100001010000101001000101101011010001101010010101010000010000100010010100001000001001001100100000011001011000010100011011010001010101100011100001100010000000101011001010101000001100100011010010011001001001101100100001000001
010101001000010101011011001101100000011000000010101011011100010100011001100101011011100000001000100010000100000010011100100010000001101011010000010011100000001000000011010100010011011011011010011000010000001001001000100011000001100101010100010011001101011101010011010001101010001101001000100011011100101001010010100000011011001010010011101010101011011101010000001001000011010101100001
001011101011010100100010100010010101010000100001011100011101010011100010010010101010011000100010001000010100011100010101001001011011000101011100001101001000100001000001011100101010011001010101100010011011011011011001001100011011101001000010011010011000011000100010100001101010001010010010011101010101010101101001010101101101100010011010011100010010011100000010101001000010000010000010
010100101011011000101100101000001011000001101100011100010000101100101011000011001100100011011000000001011010100001001001100001000100101000010011000011010011010000010101000001100010010011011011000101001001100011000010010000101100101000101000000000101011011101101000011010101001000000000010011001000000101011101010011001100010000011001011011000000100101100001011010001100010001101001101
100100101000010011000010010100000100100010000001101010001001100100101001001100101001101011010000000000000000010001101001100001000001000101010011100000101001011101001010010011101101001000100101011101000010000100101010001010010101000001010001011010010011001011100010001001000011100000010100101000101001101011011101011001011010100000010001100011001001011000100000101010100011011011010001
010000011100010001010011000100011011001011000010001010001000010000010010010010000011010000101001001000001000100011011010011000010010010000000010011101000101100001000010010101000011101010011000000000000000000100100010101000000000011000010001011010000001101011011010101001100010000001001001000001010001100100000100000000100000000001101010010010011001000011101100011101000101100010101010
101100100001100010101011101011011000101001100100000001010010100010011000010010010011101100011011100000011001101011010100100100011000000101011010001101001011011000011001101000011100011011100101011010011100001010100001101101011000100010000000010100011101000011100011101001000000100010010001001000000010001101001010000011100001000010000011101011001001100101000001101000000001001011000100
011000001100001011001101001101011001010000010011011011000000001101001100100011000011011011100011100011101010011000011011001100101011000100010100001101011001011001001010011010000100001001100100100011010001010000001100010011000101101100100000001100101101011100001100010101001101011001100010001011001101000010101101100011000010101001100101000101001100011000010100100011000011101010100010
101100101000011000001101100010000010100100100100011011001001011001001001001101010011001100010010001011011011001000010010011001100011011011011001000100001101011011101001101101010101101101001011011001011101101000001000010101010101011011001000101000100000010010010010101000010000010010011010011010001000001100101000100101100011001011010010011100000101000001101010011000101100101010011100
101000001101011010011001101100001100101100100001011101011100101100101000010011010100000100001011001101100001011100100000000100010101001011101000100011000011100101000000000000000011100000010100011010001011100000101000100101100101101101010011010001000000000101000000101101000000101011100101001101010100100101010011100000101100101010000011100010101100001101010100100001011010001000100011
001100001000000100000011000010011010000010000101101001100000011001011011010011101001010100101100000100001101000101000011101000001101101100010011000011000100100000011011001100011101100001010101000101101101010000100101011101011001101000010100011010101100101000011001100100010100011000001000011000000101000011000001101100100101100000010000100100101001001100001100001001001100001101001001
011011101000001010101001011000011101001100101010101101001101000011011101001011101010000100010101010101011010100011011101000101010101101101011001011001001010100000101011101011000010011100001000010010001100000101000001000000011010000010000000010011011011000001001101001100101100100000101011101101101011010100101000101101101101011011100011000000010010101000000000100000011010011000101011
011001001011100011001000011101001010101010011100001001010001010010011101001010100001000101101100100011100010101001100001010000100011010100010010001001100001011101000011101100011100010100100000010011000010000101001010100101100100100001100001100100100011011100001001001101000011011011001011100000101000101010000100101101100101101001001001000010001000001000001100101011100100001010011011
010100001001010000101100011001010011100100101100100010001001001101011100001001011011001000000100000101000000100101011000101010000100100000011101000011000000001001000011010101010010000000100011010000010010011011011001100011101000000101011101100001010100000000001010101010010100001100010101001010101000000011000000011011000101101010010010011000001011010000000100000010000001001011001010
011001000100011100010000010100101010010000100001101000100001000001100100001011011001001000010100001010001001101011001100011001011011100101100010000000000000001011001010101011000000011000101011001011101101001000011011001010001100010011000010011010011010010010000100000101011101101011100011001011000011011011000010010010101101010100001010101001001001000100000101101000000011100100100010
100000001010010010011100010011101100100011001100001101001000011011100100001100010001000001010100011100101100011100101010101011101101011101010101000100101010011100101101011000010101000100000100001100001010101011101100000100010000011011010001101000000100010000000010011011010000010011011011000011001000100000100010000001000101010101010101011101001011011001010001101000101101100011010100
001100000000001011000001001101000000010001000101011010000010101001001010000101100011001010011101010101010000001101101011101011010011100000101010101001010000010001000101001011011010000101001101001010000000010011001011001000011011000101001010101101100001101100000000011000100100001011000000000001011001011101001100010000100101000101100100000011011001010001000011101100101000010101011011
000011010101010011001011000001001011100011001100000101010101101001010101011100010001001101010000100101000101000000011001011010010101011000001101001010001010100101000101101000100010000101100011010001010001010010010011010100100100011010001010101000011011011000100101101010001010100011000010011000001101011100100100011100000100101100100101100100000000001011010101101010000011010101001100
011101001010010100010011001100010101000101011001000011100001011101101100100101001000101011000000100100001011101010011001010001000010011011101010000001001011000100011101101101011101101100011011000100001101011000101100100000100011101100001000100000101101000001000000100000101001011011101010100010100000000101000011100001011101100100000000010001000100011010101100001101100010100001001000
010011101100011001000001101101100101000001001101001001101001001010001000011100000100010100100000001100001010000010100010100100100101000100101000001000101001000001101000011101100001010101001100000100001011100010010010101100010001010010000101100010000010000100100001011100011010100010000010000001000000001000011101010000001000011010010001100010001001001010000101101010010011011001010011
000000011000011100000100011011011010101101011011010100100100101000101101001011101000010011100010011001001000101010011011010011101011011010011101100011101100010011101011011001000001010010100010101001001100000011010001001011101101000101100001000011010100101101000000011101011100010010101011001001100001100001010010101011010001010101101100011011101001000001011101001001000001100100001011
001100101001010010100011010101010000010000101100101011101011100101000100000100011001010010011011101101010101010100001010011101010000101100001000001100100000010000000001100001100000001100011011010101001011010001000011011001100001010100010001100010101100001001100011100101011001001010000000000100000100101010100011000100100010100100011100100100011101101011010000101100100010011100011101
010101001000000100100101100011001010100101000000010100101100000001101010011010101011000001101001001100101000100100001100000010010100000011011010001001011101001000100100001011010011000101101100101000001001001100001101101010100011000010101101101101000010001001010101100011001100001100100001101100010101000101010001100010100101100001001100010000100100000001011101011010011011010000010101
100001000101101100010001011011001010000001000101100100001101001010001101001100001100000000101000100011011101000101011100011001100000100101011000011100011011011000001010000001000100010001001101101101000101011010000011100101011000001011001010101000001011001100010001001100000011001000101001010010010001101001100010101010100000000100001010101011000101101101010100100101100011010001101001
100011100001101011001000000011100000100010010100010001100001010001010100011101011100100011001101001011000000001001000000000000101001010001011001001101101000101100000011100001010100010010011100000001101011010000100011100101100010011010001001011011100100001010001000011100001001100010100101001000010010000010100100010000010100010011001000010011000010001000010101000100010101001010010100
011010001101101101010011010100000000101010010101001010001100001101010001100011010011100001100101001101011000010011101000100000100010000100100011010000000010010001000010010001000011011101011100010100010101100010010011011001011101000000010100000010000011100101011100000100000000101001100100000100100001101101000000010001001011100000100010100001011101011000001000101100001001010011010101
011011000101010010001010001001001001010000100010000100000100010100100101101100000000100011100011010010000100000100101011101011001101010011101011001011010010000100000010000100001001011011010010001101011101001001011100000000100011000011101001011100010010010010001011100001000011010010101101010100011001000100100101000100100001010010001100101100010011101000010000011101001011011010010000
001101001101011010100101001100000000100000011001100000010100010001001011000001100000001010101001010100000010011010101000011101011010001100001001010010101101101100101001001001000101101010101001001010010001001101011011010001010010010001010000010101011001010011010101100010000000001010100100101001101010000100101001101011010001101000000000101000000011001011101101101001000000010010001000
100010010100001000011000011101100011000000010000101011010101001011000001011100100010100011011100010011101001011100101000001101011010101100000101010000001010010001011010010000001001001001010100000001001010001101001000010010100011000001001100000010101001000000001011101101100001001101000100000011100011100010101011100101010011000011101100100000011010011010000001101000100000101000001000
101001011100101000010100101001000001100010101001101000010000000010000100010000010001001011101000011011101011000100100010001010011100101011101100010100011000100000000010101001001001001011000010100101100100000010001001011101001000011001001000011011001010001001101000010101101100000001001010100101101010000000010100000010100100000000101010000010101100101000100010100011000010011000101101
001010011101000100001010010000011011000100101000011101000100101011000010000101100000011010101001001100101100001000001101100101000001010001000011000000100101101011011011011011010000011000001011010000000001000010011011101100000100010010011000010100000101000011010011010000100011000101000100100011000011011011000011010101001011001100000101011010010010010100000011010001001001011000001000
101101001100011011100011010100001101000010000101101010001011000001010011100000001100001101000000001000000001101011001101011010000011001011010000011000011011010101001010011011101000011010101011101010100010101000010101000000100100000100001001101001100001101000000011010101001000011001000101000000001101101101010010011011100100001100100011100010010100100011011010101000001000101001011101
100010100010010000001000011000011011011101011101011001000100101011010101001010011011101100001001001011001011010001010011011100011010100100011010000100100100011010011100101000100101011100100001000101100001101101101001101011010001101101000011101010011000001001101011001001100000010011011101011100011010100100100000101101001101010011010100011000100100011000001010100100100011101010011001
010100010010001101000001001100000001101001001100010011001100001010101010001000000000101001001000011011100000001000100010010100011011100101011100101001001000000001011001101000101100011001100101100001000011010011010011010011100100100010010100010100000000001001001010010000100000000000000010001010011100100001001011101100010010100101000010101000000010101101000000001100001010011000101000
100100001010000100011100100010001100100100101011011011000001010101001010001100100011011010100001100100011000010010011011001100011100001001000010101010101101000100001001001100011011000010000001010100011010001100001011000000001000000101100101011011000010011100000101011011001010001010010010001100010011010101100010010101100001010100010011101010100001100101001000101000101011000001011100
001011000001010000000011001000100011101010010000011010100001000001010101101100001101101001100001000101001100010100101011001100011000010010010001001100001010010101000101000101100010010000010011100000101011000001010010011011011100101010010101101100100001011000010011101100010001100100101010001011000100000001010100000001010101101011000100000101101000011100000001000101000100011010100011
000001010100010001000000011011100000011011010011000101011011001010000001101010001010100101011001011101100000101001001100010010010000011011101100001100010101101101000101011000001011000101000000100001011100010010101010101001100011001100000001010001000011101000011011000100101001101001101001101010100001100100001100011000100001010100000010001001100010000011000011010101001010100000001101
010000100100001010010001001000010000001000010000011010000101101010001001011100011010101001100000011010001011100011011100000101001000101100101101011010100011000001010001001010001011100010000001011001100011010101010001001001100000010001001101010100101001011011000100000011001010011100010010001101000011100001101010000011011010100101101010101011011001000101101011101000100000100001010001
101101010010000100000011101000011001101010010100010010011100010011100100001100010101101011011011010010000101000100001011101000100010100001100011010011010000011010000001101001100100011000000000100010101100010010001000010001101001010000001010010011100001011011011010101010101011100100100011101000000001000001011100101000000001101100010101010000010000010001100100001000001011011001001101
100000001010010010001010001101101000011101000010011001100101101101100100101010011101001010011001010011001001010101101000100010010100001000001100101001000011001000001100100100010100010011100011100101010000100001010101000101000001000010010010000011100001011000000010101011100101001101001001001011011010011101100000011011100000001011100010100001101011001101011011101000000000010010011101
101100001100011011100010011100100100011001101001100101011101010010000100100011000001010000100010100010101010000100101001101100100011010011010000010001001001010101100010000011000101011010000000000001011100010010010000001101000101101101000011000010101100011000000000010000100101011101010011011101011010101011100010100010100011010001010001101101000100010101101001101011010100100000011000
010101100100011101100010001001101010100010000100001101010100000100001001101101010101100010100100000100100000000000000101000000011011001000000010100100100100100100101100010000001001011001011101101000010010011101101011010011001101000001010010101101100011010010101100000000010101010101000100100000011011100010011001101101000101011001101010100010101001000011101100000010010101100000011001
101011001100100100001100011001001011000001010100011000000101011001001101001011100100010000010011011100010010001011010011010000011010011000010010010011101010000010011011101011000011010000100010101001000010100100100011000010000001011000000000010011101001001001011011011000001101101001001101011000001000101001101000011101011011100010000000000011011011100011000001101010101101000000001100
000011010000000010010011000010011000101011011010100100101000010010000101001001101000010000101010100000101101101010000011001001100100101001011000000010000001001001000000000011000011010100011101000101001011100101100011011000011101011011100001100100100101101011010000011100101101101011010100010101000100011100010011000100000000000011101000001100101000101010001011011010000011001011001011
010000010000001010010000101000101010011100011001001010011011010011000011000011100101010101010101100011011010000000100000011010101000001101100001010100011011100100100101100100000010011001100010101100000100001011101101101101100101101100101000010001101010101001100100000011000101000000000101000100011010000100010000011100011010100101010101011001000101100011010100101000011000001101101000
011001001101011011100100010000101100010001101101100001010100001000011010010000011100101001001010011101010011000100000011011100001010001011100001101000011000001000011101011001001001101101001011001011000000001001001011000100001000100100001010100010001001101001100001100011000010001011011001001010100001101001101000000000100011100100011101010000000010000101011000000011001000001101000010
100001101000001101000101011010101001101011010011101000011100101101100001100000011001100010100100011101010010100000001001001000010011001101101101001100101011101011010001011000001010101001100010100011000101100001011101100001011101001101101010010011000100101100001001010011001010010010100100101101010100010000011001011100101101100001000010011011100011011000101010101000000011101000101100
001101000011011001011000010001000011010010001011101010000100100010010100100100100000011010101101100100100010001011101011000100100101000001010101011101001001100011010000101100000100010010010011100010010010100000001010001000010001011000000101011001001001000000000010011000101100001010011010100011010011001101001000001001100101011011101101010101010001010100100000101011000011010001000010
010101101001001101001011100000100101000011011011001100001100100010001001001100010010100000010001101101011010000001010101101000101010011010011101100010001000101011001011010100000010011101101010011000001011001001011100000011100001101010000011010000001001101010010010000010100101010011010001001011101000101011100010010011101101000010000010001101010001100001100001001010010100010011010011
001010011100100010001001101000010001010010001000000011010011100011000000010001011010000000001100001101010010010100011100010010011011100010001101011100000100100101010101100100000010010011011000100100101000001011000011011000011011000100001000010010001001000001100011100101100000010101001000100011010010010010010101011010001000011000001011001000010011001001100101010100011001011011011101
011000011000101011101010001010010001010101011010001001100011011000101001010011100101100101001011011011101001101101100011011001001010000101011001011100011011000000101000101100011000101100100100101011011101101011000011101000100000011000001100100010001011011000010011010011000001011100010100000001000001101011010010011100011101000010000100101101010001000010000011010010101011001100000100
000010000010010001001010001011011000101100001100001011101011101010100001101100001100001000000010000100000011001011100000100011001101100010001011011010001100010101100010101100101011100010101100000001010101100011011010101010001011001001011000010000100001100000010000101000100010000010010101101000001000101000001010000001000101010100000100100011101011101010011010101010000010101000100010
010011001001100001000101011011011001001011100001001100001010000101001000101100011010100001101011000000100100001001001000010100001011010101001001100100000001100010011000100100000011100000010011011101000011001000001000100101001101100100000100010010011011101000000010011001010101101010011000011101010101101101001000101101001010101000010101001000001011000000101001001000010101100001010010
101101011011100100100101000010010010011100011100011001001010011100010001101101011001100011100100101101001010000101000010100101010011011101001010100010010011101101100001010011010000001101000000101011001001010011100010010010011000101000100100101000100000100101010010100001101011011000010001100100001101010010000101000001100000000011100011010100001011010101011001100101000000001011100010
011011100000011001100101100011101100010001010010010011001001010101000011001010001101010000010100000000010100000001001010001101100000010100000010011000100000100101101100011100100101000011101000100100011100000000101011100001010011010000010000001000100100101010101100000000101000011001000010100100001010000101011001010100101100001010000011010100011010101000010011101011100011010100101011
100000101011001011100101000100010000011000010100001100010001010000011010100000000010000101001100101100000101101000001100011100010011101010001100101001001011000101001001000010001011000101000000010101100000010000001000000100011100101100000100101000101000101011000001101101000010100101000101100010100100001011101100101100000000000010100010000000100101011101000101001100000101101101101001
101010001100011010011100000010010101011000100101011000101000000000001001100101010101101000101100010011000011001011001011000011011100001000011100001011100011000001010011000101010010101011001011100101001001011010000001011100000001000011101010100001011010010101001001011100011001100001100000011011101011000001101101101000010010100100010010000101011000101010101000100100010010011010101100
100011000000001011010100001010010010010001001011101001001001010001100101100001000000001101010000010010100101011001011100011101011000001011101000011000011100101101000101011010000100100010010010010000011010011001011010000001100010001000010010101001010010100100000010010100001001000101010001010010101011000000101010101000010000000001001010010000011010101001100010100100010010100000100000
100000011001000000011011001001100011001011000000101011101011100000101010100001000100011001011101011001101100100010101101010101011001100000010101101100001011001011101011001010011001010011000001011010010100010010100001001101000010001011101001010101011011101100011011100001000000101100011101100001001000001001001011100011100011000101101101001101100000100101010000000010011011011011010010
011100100100001100100101010000000001011011010000100010000001001000001010010000000100101100011001001100101100010011010010101001011100100001010101100000000000101100100100011000011011010100100000100011000100100011000100011101000010011100100001000101011101000011000101011011011000100101100100000001010000100001001100100000001010101001010001000101000001101000101010001010010011000101000001
100100011000001101010101000100011010100001010101000000101101101001101101100000100101100001001100000100000101010100000010100000100100001101001000000001100010101101000000010011000000000011011010011010010101000011001000100011011000000010001101000101100011000001000001000101000101000001001001101001101101001100001100010010100101010001000011000011000100100011100101101001100001011001100011
000001010000000011011011101101101010000011100011101001010000100001100001011000001101100000101100011011101001001001010001000011010101011100101000011011000001000010000101100010100000100000000101101000101011001100010001010001001000001000010001001011000011100000010001011000000011011001001101010000011011001100001000100000010011011011101011011101101101010100001010011000100101000010011011
010010010101000101011101001010100101011001101010000101011000010000000000001001101001000101011010001000101001100010000001011000101000100000011010101101011010100001000001101100001000001001010011011000000011001100001011011100000101101100010100000000000010001000001100000001011001011011100000001101101011101010000101010001010100100100001000010000010001101010000100011010000011011010011010
100100011010100000010010001101101000100100001010001001100010001101000001010011101000000010101011011011011010010010011011101011000011011010001010100000100100000100100001011011100011000101010100010100011100100011000010011001000100011001101100100100001001001100100000100101100010001100000011101100000011000011011000100101101000010000011001101101100000010011011101001011001000100100101000
000100011010100001101001000101000011000100011011011010000101001001101001101010011100010010011010001100000011000011100101000010010000000101010011100000001000000010010101010101011001001011010000000000101101101101000001100011000000101010000100010001100010000101000000001001000010000101101000011010100010100101010011001100001100011001100001010100010000000100101000101001010010000010000010
101000011011010100011001011101101000001001001011001100011011101001000010100000011101011000001100011011101011100001101100101100011100000001101010000011001001101001011000101001101001001100011100100000100000010010101100100011011101001101010100011000000101011010001100100100011010001010001000101000001000011011011100100010010100011101011001101001000010001100100001011010000010010010001101
100001101010100100100101010010010000100101010101011010000100101000001011010011010010100101000100000000011011010001100000101011011011010101101001100010000000011001000010001011010011010000010100010011100001010100100100000011101001100100101011101101000001100101010011010001000010011100100101011001100100101000000001010001000100010001001100100101010010101101010000000001000101000010011100
101010010001101000000010100101011011000011000001000101001001101001100101001001001011010001100001101000001100011100101101101000100101011010001101101010011101001001000011001000101101011010101100011000000011011000101010011011001000101011011011101011011100001011100010000010000000101101101100010100011100010011001001101100001000011101011101100011000101101010000100001100101100000100010101
011000010011011101011010000001000010001100101000001011001101101100011100011101011011011100001001101010001000010100101010101001000000100101001000010101010010100100001010000011010101101100001001010000011101001000010001101010011010001011100001000001001100000000100001000000001001011100001001000010010100011001010011011010011001011000101010010000100000010010101101101011101101011100101011
010100011000001000001100001001010000010001100101101101010010011001101011101000101101101000001101101101100010101101000101001010001001010100100001011000100100010000010001101100001010101001101010011011011001101011100001001011101001001000001011100101101000101100011010010101000100001010101001000011101001101010011000010100101001011000100000011010000101100100000101100011000010100000101000
101011011001010001001010001011010101100101101101011001001100101100011010000000000101011010000010000010100001001101101101010000001100000100000010000011011001100100101001100000010100011000001000100000010011000010010011001010100011010001001000011100010001100100011011101010100010001010001000000011101101011001011100010100100101100010010101011011011101001000000100101000001000100000010011
011011010011100001100001000100011011000011010011000011101001101001000101101101100101001011001010101011100001011001100011011010101011001100011100001000001011101010000101001001001010000101101011101011101100000101100101001000101101101001100000011010100010001001010010010000001010100100000100010001010101100101101000001001011000010010100100011000100000101000001010001000100100101100010101
001000101100000010011001011011001011001101010101001000010010010011101010001010010011000000011101000000011101101001100100101001011011011010100010001000101100101100000000001100001011001011100010001101001000000000010100011101000001011011100101100000000000000101000001100000000001000001100000100100010100011010010001010011101000011001011101000001101000011101011011011000100011011001010000
000010100100101010100001000010001011001011001100101101001010011001000001011101001010100011001101011100000011101001001101100100010101000001001010010100001100001101101101000011000010010101011100010011011010000000000010001000010100001101000001000100101100011001001010001100101100011100011000001100010011100101101010000101001011101101000000011101101010000101010000100010010001101100101001
011101000011010010010011101010100011001010100011010000000100010100000101000101101000010101011000101000001101100000011010101000010011100000000010011000101001101011001010100011011101010000011011101000101000100010000100000011000000010011001011000010000001011100100010100001011001010100100100010000001010000001100001101001001011000011101100000100100000011100001010011100000101010100001100
001011101010010011001001011010100101000011001101101000011010100001101101100101101000001001011000010001010011011011001001001000100001101100001000100101101010100000010010101001010100010100010001011010101000001000011000011001100101001010101100101101100001011001101011101010001010010000011001010101100010000010001010011011011001000011000000001001001001101101100101000011101011101100101011
001101001101010100010011000100001100010001000100001101010000010101011000010101000000010011011000000011011011101010100000100101101100101001010010011100100010101011001100010100010001100100101100101010011011000100101000100001101011000101001100011001010101101100100000010010010001011101001010100000001000011100011000001101001101100010010001001001011000011101001001100010011010000010000010
000101100001100101101101100011100000011011100001100001011011011011101101100011011100001001100010011011000011000001010100001011011010100010100100101100100100101001001101011100011011000010011011011000010011100011101100100101100000001010000010001100010011000100001101010100101000000000001011100000101010010010001001100011000100011001011100101000100000101000101001000011001101010000100001
000101010010010011100101000011001100001001100011010010100011101010101101010101100101010101101001001011100001101010000001010010011100000001000010011000001010100001100001100011001010011011000101001000101100010011101000011101010101001011100101000101100100010101000100010000010010011011000011000010000100100101100011010000101000100001000011001101010000010011001101100010010100000101010100
100011001101010101011001010100001101100100001011011101101011001101001100100001101001001010101100100000101101100010001100010001100001001001101000000101011000100000001010101010101001000001011011010001101100010100100101101101010100011011100101010000000100000001100101100101001010000010000000000011010000011000001011011001001101101011011011011100011100011101011011000011101101001001101101
011011001011100100010100100101011100010001001000011101000001000001011100000000000000101001001101001001000100011001011010010101100001001011000100011001000100010001101000101101010101100011011100010001011100001010011001010101011011001100000101000010101010101000000000000100001100011000011010010100100011001010101101000011101101011100100000101101010101000000010101011000000000010100001100
101000001000001100101100001000011000100101010011011011101010101010010011000001001001000101010100000100011101101100000101100001001010100001100101011100000000011010010100011000011011100010011011100100100001011001001010010011101000001101010000011001100001010100101001100100101101011100010001010010000101010100101011100100011010011100100100011101010011001001000010101011011101100000100011
011001100000101000011100000011011001101010001101010010001001000100000101011000000001101001010011000101010010101011010100000001011101100010101000010000000000100010001010001100010101101010001001010000010010011001010011100001011101011010000100100011100001001100011101011010010010100011011000001000101101101100100000000101001001100101101010010010100101100001011101011011011011011001011001
101011001011101101100100011101101101001100001010001000001000100010000010000101101011100100011001000101010100011101101000101011101001000000100001010010101000001011000000101011101010011101011000000100001011011100101011011101101001000001010011000000001000101011011010100011101000010100000001000000011001010100010000101010010100010010011100000001001001000001000010100001011100011010010100
000100010001010100011010101100101011010101011101000000100100001010001001000100011101000001011010001000101101100011100010011000100010000000100011010000011001100101010001001101001101010001010010100011011101101101001011001010011010100001101000000001101001101010001100100000000000000010010010001000100101100100000010100001000100010010101011100011100100101100011000100010011010010000100001
000010101010011101010101010100001101011100011001101011101001000011101101011011101011000000100011011001011001001011011101001011100010010010000000100101001010011001010000011011101010010001101100000100001000100000011101101100001010001000010101101001100011000100101100001001100010010000100001010000010011011010010000001011000011011010010010010010100001100100000001011000010011000100011000
001101100010010000011010001101011000010100101000100000101011101001001101101011100001101000000000100001100000011000000101100101000001101011101100100010011000010000101011010100100101010010001010001001000011010100000011100100101011101100001001100101011101000010000101101000000001100101010101010000001011010010011100000100101100011100100000010011101101101101001010101000010100100000000100
001101100100011010011001000011010000100001010001101101011000100100100101001101001010000101010001010011100001000000000000010101000100001100101010011011000101011010100000011000010011100101001000011010001010000100000000010011000101100010000011100011100010000011011001010011000101001010100101011001000101101000001100001101011001011100011100000101010000011101000000000011100100011011010000
000101101101100010100011101011001100001001001010001000101101100100001011101101001010000011010010001001100010000001000001100000011101000001000000010001001100001001010011001000000000010010001000000100100001011001011000011010000100011100001100011001000011100001011010101000010010010000101010011100011100000000010010010100101100100010101001011101001000010011000001010011101010011100001001
010011011100000000100101001001001000011001011100001000011100101100010101011100011101101100000001011011000100100001100000001010000010001010011000100001001000001101001000100101010101011101010011011001101011000101010101010100100011100010001100010010000010100101010101010010001011000011100000010101011010100000000101100010010000001000011000001100011011001001101000001101100100101011101000
101100011010000010010100100101101000101010100100011011011000010001000010100010101001011100010010010000011010100100101010101011001001001011101010101010011011001100000101000001101011101000011000001000010001001100011000001010010011011100011100001011010101100001000101101100011101000000100010100100010011000001001000101011001011000100001000001001011100001010101010011010101000101010000101
001100100010000010001101000100011000001101101001010101100101011011100001001100100000100101001100010100010001000000101011010100101001010001011011100001001100101010100001010011011010010001011101101001100101010010010001001010001001010100000101011001011001000101100011101100010010010101010000011101011011100011101011101011010100011101011010011000100101000101011011011011100001000100000000
101000100101001010000000101001011011001000010100001001001100000001011101001010001000101101100100001001011000011010101001100011000101001101100010011100010010000100011101100010011010000001010000100011100101101000000101001011000001100010001011101000100010101001010010101001100100101101011010101010100001010100010001100000010100010101000011100100100001000001010000000100100000000101100100
100100100000100010010011001010001101101100001011011100101011011100000011010011101010001101001000000010011000011000101001011011001010100011011010000100001011001000010001000011100011010000000011000001101101000000010100000100011001100100100010010010010011011100100100100101011000101011100010100101000101000001100100001100001101010101010010101010011000101101101011011011000010011011000101
101000011100000000101010101001000101000010000011000000100100100011101101010000100011000001100011100001010100011010011011100000010100001100010010010000000011010001101010100010011101011011010011101010010010001011000001010100011001010000100100011000001101000101101101001011010010000101010100011101010100100011000000010010100101011101101001000101010011001000010100011000100000001011010101
000010101011000010000101010101100101100101101001010001000100101000010011010101000000010000000010011001010010001000010101100000000101101101100100100101101101000011001001000000011001100000101010101101010001100000101010101010001101001100010011001011011100101001100010000100000001011001101010100000010101010011001101001100000101001010011010010001101101101000001011100001011010011001010011
000101001000000000001010100101101100000011000001011000100001010100000101010000001010011101001011000001101101011100100011001100001011101100100000100010011101101001010001001001001010010000100010101011010000001001011010000010011101011000001011010000001001010101100010000011101101001001010101010001010000000100000011100010010000010011010101101001001001101010000101000101100001001010101101
001001101001001000000000100101101010000101101001000011010100101011101000010010011100100000011001001100001010011010000101000010000001101010001100101001001101001011001010000011011001010001101001011100001011010101010001000000000101100001100100010101100100000000010100000101011010100011001001101010100101100001100001001001101100001101000100101001011000011001100101000101101101100101101011
101010100101101101000000010001100101001010001101101011011101101010101100100011101000001011001011011011001101000100010011010010010011000000101100101010000000011100011000001000010011011001100010011100101100000101000000100000100101100001101101101010011101000101001010100100100101000000011011001101001100010010000000011001000010101001011011000011011101011000100100010001101001001101011101
011101100011010101010100100011000010011010000000101001011011011010011100101001011010011100011100011010000011001010011101101010010100001011011100011101101101010001101011011101010100001001001100101100000001000001010011001101100011010001011010101001000100010100001100100101010100001010010010010100100010010101001011101100010011010011010100001001100011011100010000011011001010101100001101
100001000011101011011011010010011101010010000000101010010100100101101010010010101100101001101100010000011001100010101010011010100010100011000001100000011010101000001001000011010101001100000001101000010001100101010011101011010000101100001000011100000001100011100000000100100010000011000010001010011001101011011000100000000001000101011011011010001011010011010101000011010010011000101001
100101101101010010010010101011011011010010011000101101001000010011101101100000001100101100000100000101000101000011000001100100101100000001010001000000101010011100000001101100001001101000011000010011001000101101000000100010011101101101100101000100100010001000001101100011001100000001100010100000010001101000101011001000011011001100011101000000011100101101010101101000010000010001100101
101101100010100011100101100000100101000010001100001100101000001010001001000101011000010100001010010000011010100100001000010010000010011011101001000011100001001011100101000000000010010011001000010100010100100101001001011100100011101011010100011100100011101011011000001010001101001011001000000101100010000000000001001011010011011101010001100100011101001010101010100101011001011011000100
000101100010000000100001011001001000000101100011000000011010001100101101001101001000001000001010101101101011100101101101011011011010010101100010101100010001100001001001011101011101101011011000101100011101000101101101101101011010100001100010010011000010001001100001011011101010011011001101001000000000101010101010010101100100100010011000000010011101000000001010010000001001000000100100
001000000000101011010001001010101001011010100001000011000101011000000101011010001100000011101100001000100010011010101000011101000001010010001001101100011001101010011001000010011011100011011100010001100100100010101011010001011101010100101011001001011101101101000010010011100101101001000000011011000011010000101011000100101100010000100100001001101100011100101001011000100000101010000010
000100000011101100101011100101001101011000000100011001011101100001001000101100100001010011000000010001001000010001100101011000000010011000011001010011011100100001001011101100010100010010011001000100000011101101100100010000000010010010001100011001011001010001100101011011010010101000001101000010100000001101011010101000011011000001011010010011000001010000100001000101001010001000001000
000010100010101001101100000100101100011001101101100100101010100101000000001011000010100100000001101001100001101010101010000100011010101011101010011101100011000001010001000101101000000100011100001100000000010011100100100010000100000001011001000010000000010001100100101011000000101010011000001101010011100010011010001001101000011101101010010001100010001000100011010100100010101100000010
000100101100010011001011100101100101101010101101011101101010011001101101011000101100011000101001100100010001101001011001100011000100100010001100100000001100001100000011011010000010001000011000001100101100100000100000000001001101100011001010100001010011100101010101101101010000101001011010000100000001100100011011100011011011010000010011101010011011001001011100011101001010100000000011
001011101011011000101000100101011100010101001000010101000100101011101100000100010010010001001010100011010010000100001000010010101101001010100001101001001011011010010000001000010000101000011011100000010100001011001000011000011100001101010001011000000011101100001100101001010010011100010100001001001100011001010101001010010001100000101100001100100100011010101000011001101001011001100001
101001011100100000000100011001000010011100101011010100010100011100101001010010000001010100100100011011011000000000000101001101100001101001010100011000000000011010010001001011000000011000010100100100100010010011000010001101000010100010011001001010001101011100010101011101011101010000011001001101000000000001011000000000010011011000101011101100010000010010101010101000000000010000011100
011000011101011011011001010101001101010100000010011011100010000101000100001010011000011011010101100000011010101011001011010101001101001101101011011101011011001000100001000001010101010000100000100000010100001100001101100000011001101010100001000101101100010100101101010101000000100100010000101010000011100011011010011100011100010101101010011000100001000001011101000101010000010101010010
000011001001100100100001001101100101101001100010000001000010011000011010011001000000011001101101100100000011011011101010101101101000001011100011011000101101100101100010101001100011101011001000000101011001101101011011011101011000000000100101000001010010001001000000100101011001000010000100010011010001100000100101101011100100100011001100011001101011000100100101000100000101000010001101
001001000010001001011101011100100101000101101010001100000011010100101000010000000101100011011011100011100101000101100010001100010001100010001100011010001010101100001001001101010101011000011010000100000101100011100011011011100001101101100100000010010100001001010100010100100101001101001011100101100000001000000101010001100001000010100001000001010000100010000010101101000010000000000000
101010000001100100011001001001001010000001100001100011010011000011010010000001010001001000000000010010000010010101011011010011000011011010101000011010000101000000011010001101100011010100101010000000100011000000101001001100100011010001010000001001010000101000011000001000011000101001000011100101000010010010011100000011100100000010010101100000001000100011101011010101011001000010101000
010101100001010100001010001101000100100011000000101011000101101100000011011011100001011000011000101000101100100100001101001100101100011010101000100011000011100011001100100010101000001011011010010101000001011011010011000100000101010011000101011100000100010000011001101001001100000011101100001011000101010100001010000101101010101001100001000010011011000000001010010011010001100010000001
001001001101010001011001101010100011000011101001010100001100101011000001010101010001000101001000001001101100000100011100100011100010000001010001010000000011001000001100101011010001000100010011010010001100101101100100010010101001101000000011010011010001001100001100011100101000011010010100011010000000000010010010101011000101000101011011100010001010010010010011011010100001010001101011
101001001000001011010010001001100011001010101000000011010011101011001000100000000000011010100101100010000101010000011000101011011011011101010011101000000000011000000001010101101010000100011010101010100101010010010011100100101001010100000101011011100011000100010101101001001101101001000101100000010100101001101101100101011011101000011010010000000100011000100011010010101100100001010001
101000001000001010010001100001001101101011001010001010100000101101001101100001011000100100100011101001001011011010101010001000011101010100010100011010100101010010000100101000100011101011000001001010001010100001010011000001100100101000010000010000001011000010010001100101000010011101011011101100010011011000101100101001101010000011011011101001011010001011101011001001001000100100010000
100001101010000001001100001000000011010011101001101100010101010001001010010100011001100100001000010000100100100101000001100001001001010000011000100001001001010010100010100100010101011101011010010001100011101001100011100011010001101010001010011101010000101000011010100100001101011010101001100100100001011001100010010000010001000100001010011000000011011010011010011000011011100001010000
011000000101100000010101010001010101000101100011011000001010000001000010001000100011001100010101101011011000100000101101001000101101001001101000011011101100101001011100001011000001011011000101001101010000011001001000000000001010011100000100011011000000101000001010011011000011011000010001101001101100100011010100001011001011101000100001011010011010010011001001000000011000101001010100
000001011000000011001000001101010010010010000000011101010000101010001010010010001100101010000011011000001001000011010100100101001001000100101000100100010010001100100101010100100011011101100011011001101010010000000000101000000001010001010011100100100100011010101011000000100100100101100011001000001100101000100100001011010011001100001010001000100010001100010100101101101100000100101100
010000000101001101010011010000000011010010000001011101101011011010011100001000011100101010101011100010010000001011100101101000101000100101100000010000001010001000011001010000011100001101011001011010100000101000000101001000011000101010100011001011010100101011011011001101000001101011001000001000100001000101000010101001010100101100011001100100001011101100101001010010011001011011100100
100001011100001001000100011101010000001101101010000100000100101011001100001100011000001100000011001100100001011100101100010010011101101010010100011001001001001010100100001011000011010101101010101001000100011000101100001001000011100001100100100101101101100101101001001011010101001000100000101101000001000010010010010011011000000000010010010001001001010010100001001001001011101000000010
100010000100011000010011101011100010011010010011010011001001010101100000100011000101101000101010001101100001100101010010101000010101011000000100001011101001010001011101101001001100010011101101100010001101001010000000010100000000000010010001000011001001100100001101011000010100101100101100011101011000100010000001000100001001011101010001001001101011011001101011101001101010011100001011
000010000101011001010100000100000100011011001011010100010101000001100101101010010000010000011101100000011011101011010100100100001100100101100100100100011001000011010100101001100011100000001011100101100010101001011010010100101100101100000010101011010000101100100100100011001011100100001000001000101001011001011011010100101001000011101001011101011011000000100100001000101011011001010101
001000100011000001100011100001000000011000010011101101010000100000100100101101001010011011010010011011000010100001101011101011100011101001010000101011010010100100001011101100011001000010001100100100101001010001000000001010100010010101101001000000001001010001011001000000100100011011100101010100101101011011001100101000000011101100101001011010011010101001101100010000101010100011011010
000101000001101000101100101010010000010101000101001010011100011100000011001101001000010010101101010001010000101100000001001100001100101001000010000011100100100001011011011011010000000100100010010010101011101100011011100000000011010001000100001100101100000100011101000010010011010001011101011100001001000101010011101000000101000100000100001101010011011011001010010101000101011010101011
000011001000100001100001000101001001001101011011101001010001000100010010011010000001010101100100100010100101100001010000101000001000100010001100011101100101000011100010010000010011011000010100011010001100101101101101001010001101001010101000100000000101001000100011010100001000010100001011011100001100100000101101001101000010101000100010011011010100000001100010000001000100010000100011
101100011011001011011000010000101010011101001101010011100010100101011001010100010100100000100010001101011101101011001000100011100101011010000001011101010100001101100101010011101011101101100000100001000000100001010101010001100010010001100010010010101011100000101011011001000000001001000100100010000101010011001010001101011100000101000100001010011100001100011100100011000100001100101101
000101100001011101101100101000100101010001011011100000011010010000100010000100011011001011000010101001100101000011000010001001000100000101001001100101000000001010101011000011011001000011010100101001000001011101000011010010001010010000101010010011001100101010100101000010011010101011001010001000010011010011010010100011100000101100001100000000001011011010010011001000101000011010000000
101011100010000001000011010100000101000000000010000001100100101100000011101010000100001101011000101011001010001011100001011010101010000100000001011000001000000100000001101101101101100000000011000101001000000000011011000000101001001011011100000010100100001000010001100001100100010000011101101011001011001010000001010010100101011100001100100101011100000100000100011000011011101001100001
000001101011000001011100000011011011010010101100100010101011000001100100000011101101100001001011010010011000010101001100000011000000100010011000001010100001010000100000000000010010011010100100010100000001011010100001000000100011100011010001000000101000011000001100101001001010010101001100001011101101001011100010011011010101100000001010000001010011100000001001000100100001100100001010
010011010011100101001011011101100001011001101010001100010100101101000010011011011101100101011001010001010101010101010010100100011010101001011100101000010000001101001001000001101000100100000000000000100101000011010000011001010000000011000100010101100010000010000010011001101101000001011101011011000001000011001000001010000011101010010010011010100001011101011010101001000101001000100100
011011000011101101000100010001101100010011100100010010101101010100000101001010000100011100100101010011001101010001100000100010010101000010000100011010100011001011001010011101011001010101101011101101101101010011001011010000011100001100101010100001101100011000010101011010001001000001010100101001101011010101000011011001100101100100000000010000001011000001010010100001101011010100010001
010101000100001010010000011000101101100000101010000001011000001001011000100101100010100101101000100101001001010010010101010100001101000100101001000100011101011000011010011001001101100100011010011001011011010001001011000101010010001000011101010101100001001100010010000000010010011101100000001001101011001010010101001011011001101011000010000101010101000100001100101101011000000010101011
001000101101010100010000011101001001010010011010000000100001011100001001010010011010001000000100010100001001011101000001000001011010001100101100001001011011000100000010101000101100100010001010010011010010011001101000010100000010000100000000001100000001000100100010101001000010101001011011101010101010010100010100100101010100101011011100100011100010101011001101010101000001000011011100
101000011100011100001000100000100010001011000001011010011000100010010000100100101100100100011000010100100101011001011000011010011010011011100100101010101010101011101000000010001000011011101100010001010101011000010011010000101100010001000011010010010100101100010100001001011011001100011101001010000100011101011010000100011101001001000100011011011101001000001000011100001100000001001011
101010010001101101100101000000000010010100000010011100010011001011000011011000001010011010101011011001010101001011011011011000100011000000101010010010001101000000011101101100101001001101001100100100001100010001010101101101100100010001000010101100101101101000010101010101001011011101011001001011101010101101011011001011000000011100100010101011100011001100101101011000101001101001011000
001000011000010100100010000100001000001010001010011011001010100000100010010000000010001010011101100011011010001011010011101010101000000101100001010000000001100010101001100011001000100010001011000101101101000001001100101000010100001011100011000101100000011100001100000001000011000100011011010010011001011101101000100101000101011000101011010100001100000001001100001001100010100101000100
100010011010010000000010001011001000001001001100000001101010101000011011100011011010101100001001010011011100001010101100100010000000011000000000011100010011100001010000000001100000010100000011101011101011000010101101000100001101101100000010000101011001101001001000000011000101010011011011010011000001100010100010101011100011010001100000000000011001101001100100100100011010011011011101
000011011001101100010101001011000100010000101101010100100011100011000000010100011000011101101000001010010101000010001000000100000100100100000101101001100001100010011101000011001001000001000011001000000011010100010010001101101011000011100100001000101011011001010010101001011100001011010000000100011001000001010101001010001010000101011011000001101010001000000001101010011100101100001001
010011000011101001010101010011000001011001000000001100101010001000000011010001100010001010001010101001011100011011001000001010011101001000001011100100011011101010000000100010011100000001001100000000101011000101011100011010010100100010011001011010011010011101000011000011100010001011010011011010101010100000101010000011011011101100000100101000101100010101001010100001001001100010001101
100001011000010001001010100010000100000001101101100000101100001101010101101100001010010101001011001001101101011101100100101101101011010001011010011011011100101101001101010001101000011000100001011000011001010010100011011100000001001100100000000101011100101001001001101000011000010101001001011001010100010101011010010010011100100100000011100100001011001101010100101000010011001100100000
010101100000100011001100101001001100001010000100000101000011100101011010101101011000101001000011000101100001000010100001100010001100100100000000001100101101000100010011100010000000000001001100100010010100100011011000101101100100001101101011100010011100100101001000100100101001100000000011000100101001000000011000011010101101001010010101101101011000000100000101011011010001011010000101
100001001011011011101010010100100100000000010001000101101010010010100101010010101100100001100011000000010100011011000101001100011011100011001100011000000010011100101000011101010011001011011100001100100011010010000010010001000011010000000101101100001001100011001101010001010101100010010011101011011000010011101001000000101101100101100100010001011000100100101000011100001100010100010001
000011101101000101100010100000001010000100100010011101011010000101010011010001010010001011010000011011011011011001000001100101010011011001001101000000001101000101101101011101101000001001101101100011011100100000001001001100101101100101011101000011010100011001010100101010101010100101001011001000011101001011001100011011011101000010010000100001101101101011000000101001011000010001100010
010001101010000000100100000001010000100011011001001101100011100011101100101000101000000010011100100100001011100001101010001000101000001101000100010100101001010011010011001011000011000100101000001001001100101001001010000000101000011011101010011101000001000011101101001011000011001101010011101100001000100101001011000011101100010010000000100001001101011100000101010100100010000000010000
011011000100100101011010101000001000100000101010100010001101010100001001010011011001011101010000100011001101100011001010010101010011100011101001000010100000011001000010000000011100100100010101100010100011001100000100100001010010011100101010101010001101000010100000011101000000010100001011101010101100000010010011010101101100100010100100001011011000010100101011000000101011011100000101
100000001101000000010010000000000001001001000000011100010011010001100100000011010101000101000010010010100000000100010100011000011001010100001011101101000010000101100001101000000101000101100011001101001001101010010011011100101100101000100000000101011001101000001101100000010001100000011000101001000000001100010000100011011010011011001100011101100100100100010100000010010011011001001011
100000100101000010101001000011010010000100000000101100010001000100010101010101010101100000000101101100101001100100101001011001101011011101000000000101000011010000010011000000000101101000100100000010000010000000010001000001100010101100011101011010100101001000100100011011100010001011001001010101011101100101010000000010100101001011010011000000011001000101101101101010101011010100101000
001100011101101011001011001101100011000011010010001011101001011101011101100001100011011011010100011010100100001000001011000011011010000101010011100010101000011010000001011000010001001000001010001100101001010000101101100011101100010000100010000000010000100101011000001000001101010011010011000010101100101000100011000010000000011101011101001010001101100001000101010001011100000100100101
101010000001101010011011000001101011101100100100010000011101001001001011000010100100100101101000011100011010000101011010011000000010010011000011000100010010010011001010100001010001010101011001001011100011000011000101001101000100011001101101011001101100100100101000000010011011010101011101011001100001000010100101000100000101001000010000001101100011100101011010101011001000000011011100
011101100100001000000000000000100001011001000101001101100101101001000000000010101000001100101010101100100100000001101001101001100101011011100011010100011000101010011011011010001100010100001010100100001100000000000011010001001010101101101010010001000011101000010011001011011001100010010010101011001101100010010011100000000100010000001011100011010011001000000011000000011101010001101100
100001011011001011001011010101000011010001100010011101001010100011100001000001011001100001001011100010000010011101001100010001001101000010010011001100010011000001011100011100010101101000011001001101011101000101011001100101101010101001011010011000000001000101000010011001101001101001010010010010010101100000010101001010100011010001010101001011001101100000001001100100101101000101101001
000001101001101100101101100000101011000101100000000101011001010000010101001100010101000101001100000011000000010011011100100010010100101001100000001011001101100001100101101101100011101010100011100010000001000000000011000011011100010100010001101101101000011100100101011100010011011001011100000010011011000001100011100100100000100011100000010001000001000101100011100000100000010001000101
101101100010001000010000001011001001011010011001000011000011011000001010011010100010011010101010100010100010011101011000010101001011010000000101100101011001101011101101011010100011011100001100011001000101001010010001000010000000101001001100100011010010010011011001100001010010001010001101000011101100000000000010010000011000000010010101101100010001011100000001000010000011000001100010
100000000101001000000011010101010100010100100101011101101011000001100000010011010001000001001000010010010011001010010100010001001000100100000010100101101011101001100100011100100010001001100001010011011010011010101100101101001001000001011011101100011100010101100011010011101010100101010100010001011100001011010101010011100101010100100100010011000101000101010101100011100000010000100010
000100010000010001101000011000101010010011100001101101100001001010000011101000000000001010101101101100011010100101001000100101100101000010100001101000010011011000001000001010011100001100001001010010011001010000000001011011101011011100001001100011010101000100000010100011011001100101000101101010100100100000010000000010010011011101001100010011001010000010001000100000011101001010001100
010010010000001010101101010100011101000011000010010000000011010101011011000100101011001011100101000101010011010010010000100101010011100000000100011011000101010100001000011010000011100011101101000100100010011000000101000011011100100001000100101101101000001001011101010001000001010101010000010011001001000000010100101010011011010000011100011011010010011100100001011001101101011001101010
010000101100100001010000101010101101001010001011010100100010101001101011011011010001000000011001101010010011000101100100101101010010000000010000001011000011000000010100011001100001011101001001101011000011001100010011001001100101101001101001101011011100000011100000010100100000011101101011010100101001100101100011001100000100001100011001101001100100011011001001101101101100010001000000
011010011100100001000011101001101000010000011101100001001101101000101011000100000001000011101100010010010000100101011101100101100010000001100100010100101001000100000001000100011101000011001100000001000011000100010100100001001010010001100011101001011011000000010100011010100001101100101000101011001010000101101100001000101011100100001011100000011100010000001011100001100100000101010100
001010000101100101000100011010100011000100000001101010011100001011001011011100000001011001011001100100101011011011010000101101001001011001100101101011100001000000101100011010010000010100101001000010011001011000101100011011100010100100011011100000100010010101001101010100001100100000000011001101101011011001010010100010001000101001001001011101100100101000101010001011100011011100011100
101100000001001010001100011101101101010011100011101000011000011100001011011101100000011101010011100101101000001011011101100000001000011000000011001100101011001101011101011101010011000101011010100000011001001101101000101100100000001100000011010011010000001101101001010001011100100000000000000101000011000011011011001000011011100101000000011001000100000101101100011001011010100100101000
010011000011100011000011001001000001100100011100100011010000100000000001001001101000101010101010000101100100100011010100010101000011001101010101100000010101011010000101011011100000011000010100001010010101000001010100010010001001010010000010011001000011001001100011001000010100100001100101010101101100001101001100001100010001100010011010000101101011100000010010100000011101000010000000
010001001001001001100010011010001000010100011101010101010011001000101100100101001101101000011011010001001010011010010101100100000010001101011001000001001010101001100011000000101001011011010010100000010011101100101000100010100101001100100011001101010100010011010100100100010000011001101100011001000000011001001100010100001001000101001011101000010001100000000011001100000100000010001010
011100001100100000011100001001101101101000010100000011100011101010011100001010000001100010000000010001000000101011001010010000101101010001011011100101100000011001010001001100101011101010100001101011101100011100001011011101100011100001001100010001011011010001010100011011010011010100010001010010010011001000001001000001101011101000001101000000000001011001010101000011101101001010100010
000001100101001101000001010000000011011011011100011100101001011001101100101001100000001001011011001101001101011001101010100010100000100101000000001001010001001101011100010101100101100010011011000100001001000000010001011011010101001100011001100100010100011000100001010010100011100100001010000101101011100010001101000101010001100000000010010011001010011001101011010011001010100001001100
100101100001100100011001001011100010100100101010010011010011011010100000011010101100101101101011011100011101001010100010011011101100101000011101011011010101100010101101010000010011010010010100100011011101011011001100101010011101000101011011000010101000001100101011101010101011100001100100011010101000011101011011011101011010101100100011011011000101101101001011000101000001000011101000
100011000001100100101101010100011000001001001101010100010101101011000001000101010000011001000010101101000011000001000001001001101010000101001001000011011001100010000010001100001101010011011101101000010011101010100001001000101100101010101100010010000101000101101000011010001000101100001001101101010010000000011011001101001000101011101000101010100100100011100010011101100100101011011000
010010101101101000101011011001010101101101101011101001101101001010000000011001011101010011010001000001010000100000001000011100010011000000000010011101011010001001100010001001001001000100100101011001001011101011010001011100011001010100100010001000001100101100100000000011100010011011010101000101001001000011010101010100100100001001000101001101000101000100000010101011000011000000100001
010100001010010010010101000001011010101000011000001000010010001100100101001100011000101001100011101101011011000101001100000011001001101100000101000100011100010101010000000101010101001010001011100101010101001011011101100010100011011101000011101010101010000010010000001101100001100100101000101011010100001010101001100010000000001000010010010001000011000001011101001010001010011101010011
000100011010100100001011100011101010000011000101001001101100101100101010100101101100100011000010011100100001001001101000011001010010010001101011011010011000011011001101100010011100100001000011001101011001100101000000101000100000000101100010101101010101100011000001011000101101100101001101010001101001101001011010101100101001101000010001011011010101001101001101101001010011000000000000
010001011100101011011011101010001001100001001001011101001011101011011100010000001010000000000001010010100101011011010010010010001100011101100100010011101010001001010010001101101100101101100011000011010001000001001011011011100101100100011010010100001101011000100001001001001101101100000100101011001100001100010101101000001011101011000011010011001101010100000101100100010010011010100000
010011001010001001101000100100101000101011011100011101010000011001000000000001000100000010001010011011011011000010100010100100101011000010100000100001001100000000100101010100000011101011100001011011000011001010000010000100001000011010000011000100011000001000101011010100100011000101100100100001010000010010010010010010100100001010101100001001100100100000010011010001000010101010000000
010101101001011000000001010001101000010010010001011011101000001000011011000010100100010001000001001011001010011001011101101010001011101001001011100000000100100010101011100101010000011001010010101100000001010010100100010000001001000100100001000101000100000101101001011010001010001100101010101100010011000010001100000101000010011011011000011101100101001011101010000011011011011000101001
011010100100000101010000100011011100101000100010000001000010010001010101010000010000101011100100100001101101011100010011010011011001100101011000101100100011101011010101010000001101001000010000011010101000001000010000100100100100000001001101100010101011000010011000001101000101100010010011000010100101001010000101010010001011010100000100101100011011100011100010100001101001010101000011
010101101010001010010001011101000011011010100100000001010000101100011100011101101101000100010100101001011001011010001010101011011011001011001011001011000011101001011101010001010011100010100000010100010100000000011100011010101011010101011100000001010000001000101000100000101011000011001010010010101010000100000011011010010100010011010010101011001101011011101011101101010101101010011010
000100100100101100000101010011100011000100010000010101000000101010001001000000101101001001001100101000011011100001100011000101010100000101000101101010000100001010101011000010100001000001011000010011101101011101001011100011011000101011000010010100011010000010000001101100010101001001001001010101011010101100101001100001010101000000101000000001001011001101000000010101001011011101011000
101011101100000101100000001000000011100001001001000100101011001100000101100100001011011010010010100101000010101010001010010010000011001101100100001000000001101100010011001100011010101101001001001000011001011001001011010000011100010010001011000101011101011100101010101000101011000100000100001011100001100000001001101010101000101001000011100001011000001010000001011101011101100000101101
001000100011011010000000101000010001100010011100100000100010011101000100000000000101011010011101001011101010000001100000100100000000100001001101011100100001011010010101010101010010010101010000011000000000100100011000010010001100011101000000001011000010000100001101000000100100001011011011100000000001000101010001011001010011011100001011011001100000011010010100101001011000011010011000
100000100011010000100011100011001010000011001001000001010100010010101001011100100101001010000010001100001100010010001010011011001000011000000101010010101001000101001010010101101000100001010001010000010101100011000100001101000010001100011011001001000000100101100000001010100011001000001010001101011010100011100101101000100101001000001011010011000001000001000010100000011001010001000011
011100011000001010101011001101101011000011101011001101000101100101101010001101101010100001001100101001011100010001001011101000010101011001011010000010010001100011011011010010101100001001010100010000010101010100010100101011001010011101100100010011011000000010010100101001000100001010101011100011100000010101001011101010001101101001000000011100101100011010000010011010011000010001101101
001011011010001011011011101010100000100001000100100101100001101010011100001101100101011101101010101001000000000010000100001000001011001101001010000100101101011011100000010010001000001101101011010011101010001000100001101101101001010101011101011001001000100001101101001000010000010000000100000011001011010001010100011010100000010001100101010101001000000101011011101011001101010001011000
000100011000010011011010000000001101101011010001011100011100100011101000001011010010100011010100010100000100001101000101000011010101101011010010011011001001101000011101010000100001101010001101011001001100010001100000100000101011101010010010101010001011000000010010100000000010100010001010000011100000011010000100101001011010010000001001011101100100101000010010011001001001010101011101
001001011001001000011011001001000011101001101101001010101001001001000101010001000100010100001101001010100001101100101101100001101000001000011001000010100101011000101010011011100101011100011010000010010101100101101000100010101101011011001010100010011011100011000011101100010100011001011010010010101101100001010101010001100100001000100010100100010011010100100011000101100010011000100001
001001011100101010001011011101011000010010000101101101101001100101000000010100100000011100001001001101100100010001010010100100010000010000100011000000010010000010000001000001000011011000011000100100001100101010100101100010001010010010000010101001101101010011000000100000101101001011001101011000101100010101001100010010100101101101001100101100100001101011010010010100000011001001101011
011101100100101101000011010010011100000000000001001000011001011101101100001101101100000101001010010101101101011011011001001011001011010101100000000010101010011000011001000001001011100011011101101001100101010010001001100001101001000001101011011001011011000001010011001010000011010011010101011000001101011011100010000001001010000101010000100100001010100011001000011011101101011000000000
101010100000001101101000000001000100101011011011100100101101011011001101000000011001011101010101101001101011000101011101100100011000011000011010010100010100100101101000001100101010100010100011100100010010101010011001100001000100101010100001011000000010000000010000100011101000001011001010001000001011010000101101100101100100100100101100100010000100000010011101000101101100011101100101
011010010001011011000010011000000011011001100011101001100001011101001001000011001000100100000000000000001100100000001101010001101101010101101101010000011011001000100000100101101000000000000100010000101000100011011011101000010100001001011011011011010000001011000000000001000000100000010101000000101001010010101010101101100001101011101011000011011000100011100010101000000001000000100101
011011000011001000101101011101010101011010010010010010010100000101001001101010101011011010101101101011010100101101101010101010100010001011011000101101011010010100100101100010000100011100000101101000001011001000000000101010101100101101010001000011001001000100011100001101101101000010001101010101000010101000000101011011000100011010100011101010100001010010000001101101000001011010010011
001011001001101101010101010000100010000010101001101001000000100010101101001010000001001100000000101101100101000100000000011101011101010011101000001000000000010101100001000011001001000000100101001011011001000000001000000101100001011100100011101011100010101100000001011011010010101100100101101100010100000101011011101010100001000100010001001010010101100010000001000100011001000001010000
010000000101010010100101100000011001100101101010100010001101010010001101001011000011011100100010000010010101101011011001001000010011010011000010000101010001000010010101010011101001100101001011000010100000001100100011101101011000011001001101000001100011001000001001101001001011000100100101000010011100010001100101001000011000011010011101101000011100001010101000011100010001000001101001
011010101101001101101001011001001010100100101011001100001010011010101001101000001101101100101101000010000000010100000001001100000010000011100011101101011010000001011101100010101011100001011000100101000101011011000001000010010010010001100000000010000000001000001101000100100100011100101101000001100001000001001100101100101011011001001100000001100000000010010000000000010011010011011010
100001100001000100000011101101000100001101000011001100000011001000001101010100011100100000011011010101011100100000101011001100001011001010000010010101010010100010010011100011011010101011100001010010101100101000000010001101011010000101100101010101000100100101001010101000011001011001010000001001101011101010010100011001010001101101011100001100001000100101100011100010011101100101010101
010011100001001001011000011011100010011000010011010001101100100001000100100010101001000010100000000000100001100010000000101011001100101010100101100000000011001001010001011100000100000000001011101100101000000010010101101000101010000100101101101100000000000011010011001010001101101001101010000000011100010101011000101000000100000101000101010000100011101100001000100000001011011011000101
101101001101011011000100101100100101100101010001010000001100010010101100101101100101001010100100001010010000001010100010010000011011100100000000001100001101100000101001010100001011011000001101100011011011000010000101100011100000000101000000100011000001000010000011001000010000000100101001100001011001000010011001010011001011010000010011100011100100100101010011101010100001101000101101
100011011001011000100000100010101000000101011101011100011011000001001100101101001011101011001000101011011000001011100011011010011100011001001011100000100000101011101001100001001010011011101010001100010001001000101011101010000010100100010101010011010001101001100100101101000000001001101101011011100000010001001010100011000010010001100100101100100001000101100010011010010001100001000100
000010010001001010001000011001010101011100001100010101101100001011100101000000100010010010010100101011100001000101011011100010010000011001011011100101100000000101000010011100100010000011011011001101011010011001000011100000100101100001010011000001000000000100011010101000000100101100011101100101101100101001001100001011100100000011101100010000001101000011010010000011010100011000001010
000000100010011011011001001010010101000001001010100100011011001011100001100101100000101001011011000100010100000010101000011100010100010010010001100100011001100011010101101100001010101010101011100010011101001001010100100011100010100000010000000010011010011100010010011101000011000011101100001010011100010011101101010100101101001011101010010001001001001001101000001101010100011011100010
001100011010100010011001101101000100011100000011101001100010101100100101000010011001011000000010100100100001000101000011100001010100000010100011001000001001000101000101101011100001010100000001001100010010010011010010100011100000010001100011010000000100100001101010011101001000101010001101001101000000010010101101001001000100001101101001001001000101100100010101000001100100100101100010
011011100101100000101101101011010010011000000011010000101101000010001010001011101100011100101001001000100101010100000001000100100001001101001000001101000010000000001010001101101101010101011101011000100101100011001011010000010001100000010001101001100011101101000010011100001011001010100100000011100100011001001001100101000101011001100010101011101010011011010000101101010101011010011100
101100010001001001001011001000001001000101100010000101010000010010011001010000100011100101100101001000011100001101000011101011001101000101101001001001011000000101001000000011011001010010011001000001100010011010100101001010001101000001000000000010100001010010101100011011100001100100001101100011101100100001010100010100101101010000100100011011010011101100101010100101010010000010101011
000010101000101010100100000001010001000001010100100000001010100100010001011001000000100000010100011100001010100011010001011010000101100100011010001100101011101000010001011100001001101000000011100001101001010000101000101010101100001101010010000101100010000101000001011000011010101000011011011011100001101010010000101011101001010011011000100101001010001011101101100101000100100011011011
000010010100001010101011010100001100010001001101011010011000100010010011101100011001100100101001100101000011100100100101010000001100011100001101011100000101010101011001000101001100010001001000001101101001100001101001010010000011000010000001000011101010100100100011101100101000010011101101000001001010010001010101011001100010010000011000000100010100001010001001100101011101010010001100
001001011101011011100100101000101000000100001100101000011010101101100001101010011000101011011100001101010001000100011100001011000011101100000011001000101010101001000000000010101011011101000001001000000100010000010001001000001000001011100100101001000000101100001010001000010001000011000010001000011001010011100001010011011101100011001000011010010100010100011000011101000100101001010011
011001000011100010101011101101000011001101011101000010101100100101100000000100001010000000101001000011000101011001001101100011000001000011010011011010011101100010000010000000010100010101011011100100010101000000100001100000100001001011100100100101100000100011011011010001010000010101000100001001001010101100101011100000101101011011000010011010000100100010011101001000000010100001011000
100100000001000100010010100011010010010011101100010011100101010001000011101000100001101000001011011010100011011001001010000011001011011100010010000011100101101001001001101010101010000010001010000011011011010100101011010000001101101001000001011101001100100101000011011100010011010000001000100010011100101000000011101101001100001100100100010000100010010100011010101100010001101000100100
100010001100101101100101010100000011001000000011100101010000100000100100000011101000101000000000000000011101011100100100010101011101000011011000010001010001100101010001101101010011000100001000101101011001011101011100100010011011100001100100010000011100011000010000000100100000100100010101101010010011101101100010001101010001100000000011011101101001010001001001100011010100101010011010
001011101010100011100010100100000010011000100011000000010101011100000001100010011101100100011010001100100010100011001011000011001101011100100100011000000000001010010010010001000000000011100000101000101001001001011101010001100101100101100000001101000011100000000011001011010100100000101010101011000101000100101101011010001100000011101011000001100100101011011001011000101010101011101100
001000101001001100100100010101010100001000100100001011011011100100011010011000001001011010010101101010011010001011100011001001001000100000010100101010100010101101100100011001010101000101101011100101101000001000100100011001101001100000001100011011101101100100000100000101010001010000011000101010011011000101001100101011100001001011100100000011011010101000101101101011011010101100010100
100010100100010001000010100001011101010100000001101000101010011100000101001001011101100011001101000011100101001100001001000000010010011100010011010000011100011011000000010101000011010101101100010100100100011010001001001100101100100011100010010000000001010010001000001011000000010001001001001011101000100011101011011001010100100000001010100100001011000100100010101001011000001010100010
010010011011000000001010010011010011101011001100011100000011100000010000011100100000101000100000101001010100100101001000000100001101100010100011000100000001000010010011001000000000001001010100011010010101011010010001000000100101101101011001100010100011001101000100101000011101100011011101010100001001000100101101011000011010010010001000011000000101011100011010000001101101000011001101
001001000010000100010011100010000001001010100101101010011011010010011010100011000100100011100100011000000000010101010010101100100100011000000100101000001000100011000101101101100000101100000000011100011000001100101000000011010001011101000100001101100100000100011010101010100011101000000011100101000100100011001101100001001100010001100100101011011000011001000011011010000000011000000101
000000011000101000000100100001001011010100100011001101001101000001001011101011001001100010010011011000011101101011011001000101010100000000000001001101001000101000010010101001000011010011011100011001001001100000101010101010011011000010101101010011010101010010100011010011010000100011010001100001001101010001100011100011101001010101000010001001100001101000001000000100100011001010000001
000100101010000010101000010001010101100011000101000010100101001100011100011001001101000001001011010100101011000011000101101010000100011001000011101000010011010001011001001000000101010000100010000000011000000100000001011011101010011010011011010100101010001100011101101001010101100010100000011101100100100000011001001100010100001101000000100101011101010011001011000000101100000000100100
100011100100011001100100011101011000001101001100011001101101000010010101011000100000010000010000010000000000011101010000010011101000101100011101001100000000101000010011001000011011101001101100011010001001010101000100000100001000011000011011001011000100100011001011010010000011011001001001101010011010100011100000011101011001000001010101001000010000001001001100101011100101000100000010
010011101100001000011001000010100010010101011010010100001100000101001010100001011001000101010011010100101011000000000101100000001100000010010001101010011100011010010100101010001001011001101000010101000011100010101001101001100101000000000011100100101100000100001010000100001101010100100010101101011001101101100101001001100010001010010100001101001010010010011001000010100010010100010011
000001000100101000100011011010011101001101000010010001011001011001011100100011001001000100011100000010100000100101100101011011100001011011000001101010101011001000000011100100101000011011100100010010011010101100000011101100100010101010010001010010000010010011001100100010000101101001100001011101010010011101010101001011100010101011001000000001000101011010011011001101010010001000001100
011101001001000100001010001001000001101001010100000000011101010001100010001001000010011011011101000010001100011010000101011011100001101101000011101101010011100101100010011100101001100011000010100000001100001101100000101101001011001010010010100000001101010000001011000101101101001100001100011100010000101001101001100100010100001011000010010000101000101010100100101101011101100011000100
010101010011000001001011001001010000010000011101100101001100010100010001100000011010001011001101010001010100001011000000101001011101010010000100000100100101011100100011100100100010011001011100001011010100101010100010011011011010100101101000010100101011011010011010101100100100001011011100100101011101011010000100001000010011100010101001001001011011100010000000100010001000001001101010
010011001000101001101101101010101011000010100000011000001100101001100101101100100011010000101001001001101010000100000100100011000010001101000000010010010001000011010010001101000000011100011010011101000100000011101101100101011011101101101100100000011100010010011100101101001100011100100001010010100010010100000011000001010011010000011101000011101101010100100010100011010001100000101010
001000100010001010100100011001100010100100100100010101001010011101100100011100001101010001011101001010011011001100011000011000010000001011101010000100101010000001101011010010001000100010010100011000011001100011001100010011000010011101000100001000000010001010011101000001010100101100101001011001000001100001100011010011100001000101001101101101001100100101100100001001100101010001010011
011000000010000010001000000000010001011010101000100011011011101000101010000000101011010010001010100100000000100000000101100010001010010010001101101000101101100101010010100000000001101101100101001010101101001011001000001010011011100010001100101010001001101011011101101101000010011010001001011101001001010000101001001100001101000011100010101100100001100100101100001100010000000100100000
000011010000011000100010100000010101100101101010001010000101001011010101010001010000011010101101100100000101011011101101101010011001010000000010000011101100011010010100001100100100001000000010011001000010100001101010011100001000011101011011101010101010101100001011100001010101010011001001000011001000001001010100100100100001100010101101000101000011100100001011100011010011011010011101
010001010011011001100001000000100001101010011000001001100011011101010101000100100101100000001000100011011100011001101101010001101000010010001100011100010010010000101010101100101001100101011101100010001010001101100011101011101101010100011001100100000000000101001011000011101100000001010101101001011000010001000011010010100001100011011011101011011011011101011101010101100001100000001100
001011000011010000001010010100000001101011000100011011010100010100100000011000011001011100011000010001101010001000101100000000001001010010011101010100000100010000100100010100100001100010011000100000010010011010101001001000010000010100010000001010100010101001000011101001010011011010010001000100010101100010000010010010001100001010000011100101101000001011101100001100100000000011100100
001000011010001000001010011101101000011001010100000011101000001011011011010001011101000100100101100010010011000100100101010001101100000001100101011101100010010100000010000011001001000010000001001100010000001001101100100101101001000000101000000101010011011100101010011010001010011100000000001001101010100011101011100001000000101010000000001001100100010000011000100001100101010010001101
001100000000100100001000010000011010010000010000000011001001101001101101010010101000011010100001010000011010100011100011010000000010000011101000100000001100101001010100100011100011101100101000000100101100101101011001011010100100101100000010011101001000000011000000001010000000010100000000100000000000001000010001010100001011001000000101001101101001001101011011100000100010101100001001
011000100010100100001010100010001001101101011000011000010101010000011100101001010001010001001010100000010100001010100101010100010001100010100101001001010001100010010010101011001011000011101011000000000001000000011101010100010010100000010001001001001011001011010011000011000011000001001101000101011100011101010010100101101011001101010100100000100100011001010011001100000001100001001100
101001010000100001011101101101100001001101000010001010100010100000001000101001001000011001100101011101101010101010101000011101010010000000000010001000101101000100011010001010000010011101000010001100011101011101001001101011100100100001001100100100011100011011010100010000000000100100011000011010100100101001001011001000001000100000010010100010001011101011010100000101000010001000000010
001010001000100100000000010000100000000010010001101100010010101001011101100101100001000001011011011101100001011001101010001001011010001100101100000010101001001000100000010101001001001011100101001101000001000010001100011000011010011010001101101100101000000101100000100010101000100010100011010101010011000011010101001000000001101011101011100001011001001010101011001010000101101010000101
000010100010100010000010100100010011000011000001000010010011010101001011101011000100101000100000100011100001010001011100000011010100001010101001001001101100011101001000011100101000000011001000010011000101101000100000100001100010011001101011000011011100101001100100011001000011100000100010100011100011011101100011010101000100100010011000011000010011011010001000100011010001010101010101
100101101001001000011001011010011010000011001100001010101000000100010010010101100011100011000010000011010000001101001100101000001001011001000100101100010010001000100101011010000011001101010000100010101000011100101000101011101100101101100011001001001001011010001101101010000001000011010010001100001000101100011011001100000001010101011101010101000011101100011101000001011100011001101001
010011101100101101100101011101100001011011000100100010101100011010000001010100010000101000011101011001100100100100001101001000001100010001011001001101001010100101001010010101010011011010100010101011001001011101011101101011010101101100100001100000001001101101001010011000010010000101101010000000011010010011010000100001000001100000100000001010001010101010000101101011011011000100000101
101011010100010100011000010010001011000100100000101000001101100000101011010100010100010100010001101100101010000001101001000100010011000000010011101011100011000101001010010001101100101010001101100010010010010011011101000000010011000010010000011100010010000010010100010001000010010010000010001000101010100000001101100101100100010011011000000101001010010101000000011100011001100001001001
011010000010010000010001100011010000011000010011101000011011101000011101001100011011011010010000001000000001001000010011011010100001011001101001100010001100011001010000000101011011000010001010101001101000000011101011010001010011011010101010001010000001101010001010001000011000001010010101000010010011000010001100011011001010101101100010000001101010100011010101001101011011100100010001
000001010101001001100000101100101011001011100101001100101011010010100101100010100011000101101000010101011000001100100100000011011001000001100010010101011000101001101010001000000010000101101010010100011100101010001011011101100011001101010100100011000011100011001011000000011101101001101001010101100000001000100001101100000011000010011001100000011100100100000101001101001001101010010101
000100001001010001010001000000100001101010101100000101000100001011010100010001011011011001101000000011100001101101101001010010101001101000001011001000011010001100100101010011010101011000010011010001101010010001101101001010101000011001100100101101101001010100011010100011100011000000001010011011101100101001100001101010000100100010001101101100011000100010001010001000011010001011001011
010010010011011000011011010010000010000001100010000010011101100010011010001001101101101101011011011000001100100011000010010010001000000101100101001100010101000000011010001010000000000101001101100101000010011011100101010000011011000011101001011010101101101001000101101000000010011101100101010011001011101010000100001000011000011011101101101101011011100000011010010001100001101100011101
011100001000010001010100101001010101101101010000100000010100001000010101000001001101101100011011000100100101010001000010010010101101101100100011101011010010010010100001000011010011010000011011001101010010011000100101000101000011001101001011100010010001010011101100001011000001101101001001010011101100100011101000001100010101100101010101001011011101101100000000011011001000000010011100
001100010100001100001000001101001101000101011011011010011010011101001000100001001000010100010010000101011010100011100010011000011011100000001000001010100010000010010100100101100010010000000001101001001100011000011101000000010100000101101100011000101001000000000000010010001101001000001101000000011100000010101100011101100000011011011101000101100000010001000000010100011011000101101011
101010011100101100010001011011011101001011101011011001101100100101011001000000001100100100100101011100011000100000010011100000001101100000000011011100001101100001101101100010010010010010011100100010011001000000000000101010010100101000100010011100011001101010001100101010101001000000100001101011010001101010001001101011011000011000000010001001010010000010001000010101010101100101000001
011001000001010100010101011001011100001010011100010010101000010101101011010010100000001001000001001010000100011001001011010100101010001010010010010011010000100011101001100011101101001001010011100010000001010010001101011101010100000001001101101011001101000001100001001000001001101100001011001000001101100010101000001010101010001011100011011000101001010100001001010101101000001101101010
001010010000100001001011100101100100011001100010101000001000010101010101000101011100001100101010101101001010011010010011011101101100011010001011000101100000011000101001100000011010101100010100001010010010101101001000001001010011101001101101001011011100101010010010101011011010010011011000000001101100010100000010001101011100001001001100101101100101010000100010101011000011100011010101
000011001000101010001001001010010100001101011011100011001001010010100010100001010011101100000011011011001011001011100010010101000001101101100011010000000011001100001101101000000100101000101011100101101011001011000011101001011011001010001011011011101011011010001101000011100100000001000011011100101011101001000000100001000010011010101010000010000010000100101011001010001101001001101101
100010101011101011101001001000001011011010010010001001010010101101101001101011001101010000011001000000011100010100011101010001100101010101101000100101001101100100100001010010100000100010001001101010101011001010100011101100100010100101100011000001100100000101010100010100001101101000001100000100000100100010100000101001010010100010010000000101001010001000001100001001010001001010010010
101101100000011000001010101010100010011101001010001010001011101000000011010100010001101011011010001010011100000011000011101101000100011001101100011010011011100001000101001010001011000001000000101100011011001010101100001010100100000010001000101101000001100101011000010011000100100010000010010010001101001010011100001010000011000000010000000010100101001010001001101100010101000001001000
101000010101001011101000100100001011011010000010000001010011101011001101010010011100001100101001011000000000011100001001011100000010000001000100010000010100001100001101100100100000101010000011000011011011000000011101101101001011000010000100010011011000101011001011001101001010010101100011100100000101000001100011001000000100010011000100000000010001100001011101001000000101101000100010
001000000010101000001001100100101001000100100000011011010100000011001010001010000101100010000101000000000011010100000000100010100100010001101100001001010101001011010001011010011001000101101000011100101000100011010101101100101001100001100010100001010100000100000000101100001100100011000101000000101101001101011101101100011101100011100001011011011001011010000010001001010010010010000100
001100011011010010001001010100011011011101000011100011100011101000101100010001011100100001011100011011011001010010011000100001100100101000000101000010000010011010101010001000100000100001001001100010010100101101011011100100000101100011101001010001010011100011010001010011010100100101101010101101000011000010101100001101010101101001010001101001011001010000011000001001011011001000011000
000101001100001000100000010101100100100011100010011101010101101010101001001010010010000100100001100001100101000100100000011001101100000010010101001101000100011010101101101100101010001011101100101001101100100001010001010001100000100100011011010001010100000100001000001100100010010001001101101101010000101100010011011010000010010100100010011001011010000100100001010000100011101001100001
000001100001100001000010010010011100010011001100100000100010100100000010101100000101000011010010100101011101001010100101101010001000101000010100100000010001000101101100100000011010011010101101001101000000100001010000100011001000001010010011001101001001101101101010001001101000011101101001011101100010001101010001100001101000001001101010011011010011011100100100000011100101000100010000
010000100101000011000010001001001000011001011000100010100001010101101101000101001001010100100010011101100100011101000100100001001000001001100001000101010010101001100101010100010100001000011000011000011010101100101000101001001100100010001001000010000010000001101100001101001001001101011001101100001101100011010001100000001101010001000001000010010010101101000011011001000001010011011011
001010100001011001001011001101010011011000011100000000011101101010100010010011001100001010011101000100000010011100011010000011010011011100010100000100000001000011101010001001101011010101000000010001100010000011000010100001001010001001001011001010101101011010100010011010011101011000010011000001101101000101001011011010010101100000000001010100001011011011001101100101100101100000101000
000011000100001001101011101001010101010000100011011101000101000010010100010101101101011011011101101010101101011000010101000100001001000001000100000100000010011001101000010101011011011011011001000010010001000100100010100010000011001010010100100000001000011100001100011101011011010001101011010000000011011101100101101101001001010100010101011100101000001010011001100100001101101000001001
011101000010001101000010010011010000010001011101001011000000001000010100000101000100010101010001011101000011100001000101100000001000101101100100100011101010100001000101001001011100011000101000010011001100100010000011001001001001101001001001101000100000101001011001101011000001101000010001101011001000000100101101011100011100101100101100101010101011100010101101101100101001000010010010
101100010011100001010100100011100011011011100101001001001011100010101101000010011100010011001010100101010100010101010010011011010011001101011010011011101101001010101011100101100100000000001100101001100100000001000000010001001011101100010100100000010010101011011001100100001001000101001011010001010010011101001011100101011000010000001100000101000000101001010101010010000011101011101100
001011001101010000011000000001100100100001100100011100011010010101010011011000011000010000000010101001000000001011101100101100010101011101001011000010100100100011011011001011000010011010001000101001000000101011011101011010011101100100101011001010101000101001011000011010000100000100001001001000101001101011100001101011001100100100010010001101010011001001011000000101000000010000001000
101010010001000000100101000011011000010011100100000000001100000000001101000000000010101101101101101100100000000000001101100100011100101011011010010011010001000011000000010000001011010010001100010001000011100011000011001010101001101101000101010011000010100000010011010011101010001101000010101100010011100000100000010100000011101010101011011101001000101101100101011000010010100011100011
100101000100010011101101100000010011010100100000010101101001011101010011011101100001011001000011010001000101100011010010010010000100010010011010010100011010000001100101100010010100001100101100000001000011000010000101001000000010001011101011101010011010001001001100010011100001101010000100001001011010011010011011101010001100101010100001010001100001000011001010101011010001000100000000
001101011100010001010101101000101101001001001000101000010100101101001100011001010010001100001001101001100100101101101010010000101101101011011000101001011000001011011011010100001000000001010011010001000100100100000101100001000100010010010000100001011000101000100100011000100000010010100011000001011001010010011100001011100010010100101001000011001001100101011011011101001011011101000101
000001000101001011000100000101010001101010011000011011001000011101001100101101100001100100101100010100100101000011101101100100101000011100011001101011101001001100100001101010010010101011101011100101010000001100000001001100001000100011011011100101001011000011100000010011100101101101000010010010101001001010011101000001011001000100001011101000010100010000000001101010101001010100011010
011011011010101101001100100011010101011101101100011000101000000001000010000000101101011010000101101001000011001011011001101100011010100001010011100001100000101011010100000011100101011011000010001100000011011101011000011100001000010000000011001101101100010000100100000100100100000000000010001010000000010001100011001100011101011010000100010001001100000011001010011000100011000100011010
010100101001011101011011011001101101100011011101101101001001010001001001101010101011010001000001000010101011010101101001011011100001001001001100001001101001101100101001101010000101001000100000011001000101101000011000011011001011000011010101011011000001010100100001101011001100100100000100000101000011001000101001001100011010001001010011011011010000000011011001010100010101001100100010
001001000001011000000000000100101001011011010011101100001100000011100100011001101011001101100011000100011000001011100010000100011010100000010001101001100100011010010000001000000101100101000000100001101000101010101011100010100001001000101100010010101000011011010000010010011011000010100101100001011100101010001100001010101100001100101011001101100000010010000101100000001000001000000000
000000100101010001100000001100101000000100011010000010001011100011011100010001101011010010001100010000010001101000101010000001011011001001101000101011101001001001010011100010001001001000000101011001000010100101001001011001101010100101010011000100001010010101001010001000001001001001001001001100001011000011011100011001101101001010000011000010101010101010011101011011000101010000001101
010011011100000011011100100011011100000010010000000001101010100100001011010101011101010000000001001101101010001010010001011001100000010101101010010010101100010011001001011001100001101101011010100100001010000010011010100101101100011010000101010100100001010101101000100101100011100001101000000100011000101100101010010000101100011000100010100011001010100101000011000100000000011001101000
101011101011001011100001100100101100100100100000100010100001010101010100001001000100011001011001101100101010010010001010100011001010100101000001000011011000010010100000010101011100001101010000000011010101000100001101011100100000001011100011000011010100000101001011010100010101011010010000100001011100101010010100000001011001000000011001011010010011101010010001000010011001011001101101
001011100100100010101000101100011000100000101101101001101001100000011010010010010011010001010101000001011010010011010000100100001100101011001000000010010101000101000100100000101011011001010000001101011001001011001101000000101100001001011011000000100001000100011011000011001010011101000100000101001010001011000100100101001000101011000011101101011101100000001011000100100010100000101001
000100000010011000101000101101011001000100011001101101011101001000000001100001101100011010101100100000011011100001011101100001100101011010101000010101010100010100000001100001011011100010011000011011001001001010001011100010100011101101010000100100011010010010101100100011101001100011001001010010000100011001101101100100011010011001011011000101010001010010010001011011011011000000001000
101000010101100101000011011010010010000100101100011010001011101001011100010011011000000001010010011001101001001101000101100000001000010000100001011001011011000100011000000100101000011001011011010101011100011011000010000010011010000000100101011010010001000000011010001000100100000010100100101000100010011011001001001001000100011011000000001001010010000011101000001000000011011101010001
101001011011010010001100010000101011011010100010010011001000010011100001101000011000010101000000101011010100011101001011101010101010100010011000001101101010011101000100000101100001100010010001001011011001100011101000000011001101011001001010100010100100101000011001100100011011101101000011000000011101101001100100000101011001011100010010000000010010000000001101000101101101100011010011
100011101001101100000001100000011000011001000100101011001000000001011000011101001001100101000010010010010101011101100101001010011000011000010010101100101100101001001100001001001101010000010101101001100000000001011001010010011011000100001000000101000010000011011100000001011011001101010000101101001101101000001100000011100101100001000011010000101000100101100000000011101011000001010011
000100010100001001001101011000100011101100010101010010100101010011101001001001010101001101100101100011010010101001010101011011100100000010000000011100011011011001010101011000001000101101101000101000000100000000011011101011011011010000010000100100011011010000011010011000011001001000100001000011100000000001011000100100100001101101000011001100101101100011010100011101000100011100001001
001001101100001101011101000010011000101010001010100001101001001000100011100001001001001101011100101101001010000000011000010010001010000011100010000010100010100011101000101100010011101001011000000101011001100001011001001011010010001010100100101101101001101100000000101101101011010011011001100101100011001101011101011001001011000010101100101000001101011100100011100000101001101010101011
100000100011001001010011000011000100010011101100010000011000010101010010001001010000000001000011001010000001011001011000001101101000100010100100100011000101011101010100011011100001101001001101100000010010010000011100101011001001011001101010101010010000101100100010100101010010101101010010001000100100001000100001000000001000010011100010010011101001011100010101011000011010100101011000
100001100011010100000011010101001001100100100101011101000001010000100101010000100101101100011101000000100011000101100010000100010000001101100100101000000010010010010101000100000100101010101011010000100010010001001010100001010101000100011101001010100100011011011100101100010011101000101000011011011010001000000100011001010101101100101000010101011001100100010100100101001011000101101000
011011001001000011101100011010000001101011101001010000100001001011001001001101100101101001000000011100100101000001000010000100101000011011101001010001010001101010001011000011011010010100101011001011010101000011011100011010100011100011100101000100010010100011000010010011100101011001000000011100001010001101000100011001101000100101011001100001011100000011011100011100100011011000101101
100101100001011001000101001010100101101100001101010101011101011000000011100010100100000101011011001000100100010000011011010011010000010001000100101000101100100001100001101010000000010000010010001001101011001011011001100000001101001011001100101011011000000010100100001000011011011001010010001011001001100101100101011101100011011000011011101001011101100100010001010001011001100100000001
101000100010000011001100011101100011000100000001001011001010101011101001100100010100001001100000100101000000010010001011011100011100011000000001101001011101001100011000101000000010011001011000011100011001101100100011100100100010000000101101100011100000011011001010010100011011010010011001100100100000010001011100000100011011000001000100101011100000010101101100011001100101100101000011
101011001101001001011010101000010000101010001101011101100000010101010011001001001001101010101011010100011010000010101101000010011100000011001100001010010001000010000001011001000001101101000101010100000010010010001000100001010011011010011101000011001011101010000000101100001101001011100011000001011100101101011100001101001100010011011101101001001011000100100101001011000100011010001101
011011100001000101001100000001011011001011011010001000000100100010010000011010000001001001001100101100100101001011010010100001101001011101011000000011100011010101000101101010000011011100010010100011100100010001101011011001100000100000011100001011101101101100000101011011001000100100010011011000011011000000000001000010001011100001010011011010010001010011010100100011000000001010010000
001101101101101100000010101000101001000011001000100100100100001100011001001100101001011010001011011010100011000000100101100101011100001001101101101001000011001100000011100000100011100101001000100000001011000100101000011100011100000100010001011001001001011000101101001001100001001001010001010101001001101100001010010101010000101011001010100000100101000101001011000100001011010001011101
101100101100101010010011100000100010000000010011010010101101101010101010000000010011100000100010000000010101000010001100101010010100011001001100100010000100000011001001011000010010010000011001011100100010011000001001001001010010000011100001001100000001010101010000000010010100011101101100011001000010010001101100010100011100100011000010000000000101101001100011010011101010000101001001
001100010011101010000001010000100001101010000100101001101001010000010000101010100011011101000001001000001101100011000000010100011101101011011101001011001000100001000001100011100010100101000101011001010100001101100001000101011001001000011001010000001100000010100001100001100100011010001101011101101010000100000001100000001000011101101010100100001101101001000010010011101011100010011011
011100010010101000101101011100000011001010101100001000011101011000001001011001011011010010001010000010100000100011011011010011100100000100011100001001000000000100010101010000000000100000011001011100011000101010010011011001100100010001100011001011000100001000001001101001000011101100000001100010000101100101000000010011000000010000011011011101001001010000100010101011001000000101011100
001001011101000011000001010101010100100000000001000101101100011011001101011100100000000011100001000001011101100101100100001010010010100100010101011101010011011000100001011100010011010000100100100101011010101101000100101010010001100010011100011001011011001000011001011000101010101101011101101001100000101011000101000011000100010011011000011000101001100011000010011000101100000100100101
100011001011011011000001000101100000010100001010101001101010101001010001001001000001011001100001100001010011011100010010101101000011001101011000010100010101010000100100010010001000101011010011100100101001100001011001011010100100000100011011100001000101000010000010000101010010101011000101001010001000010011100011001001010101100011010100011100100001000001100010011011101001100001010010
100011010001011001001010010000011000100010011001010001000101000001011101101000000000011011100001010100101100001001001010000001010101100101100101011011001011000101100010000100001011101011101100011010000010001011001001100001100011001001101001100101000011101001011011101000100010001001001000100000010101000010100001100101001010100011101001100011101010001000010000011010010010010001011100
101101001011100001000011010001101101100100000101101010000000001011000010000101010001100000001011011100100000101011100100101100100101011011100101000100101101011100010000001101011101101011100010000011100000101100101001001010101101000011011001100011000011010011000000000000011011000011001010001000001001010001000011001001011011100001001101011100001010010100101100101011000101101001101101
000011011010000011010001101011100001001101100100011000010101010001010100011010101101101001011010000010010001100100101011101101011101011010001000010000001101010001101010001011101010010010011001001011011010001100101001011000101101100001000010100001100001011011000000001000011011101101101011101101000010010101100100100011011101100101000000011100010010011011011101000101100100010001010101
001010000001000101100101101101100101010100001001010001000001010100101101101010000001010000001100001100100011101011010100011100100101011000001000011011101101100011011011101010100101010011101000100101000100101000000001011100001101101001000010101000011001101101101010010010011011010101010000000011001000000000011000100011101011101011011011100101100001101100010101010011101000001100000001
011100100010001000010001101000101011000101010010010001001101100101100001010010101100010101101100000001100101101011000100000100100100000000101001100001100101000000101000001101010100101000000011000100001010000011011101101011011011101101101101010001010010100101101001100011010000011001101010000000000101011101101001000100001001001100000100001001000000000010010101101011010100010101000010
100000011011001011011011010001001011010101010101000000001000001101001100101011011010010010010100000010100001100000010000011100001101000010101101011001000000010010001000101011100101100010001010101100011001000010001100101010001010010000011010101101001010000100011010101010001001010100001100001000101100100101001000000011101000100011101000000101001000000011101011100011100011010010101011
000100101101011010101101010000011011010011011101101100000100010101100011000010101001000100010100001010011011011001001100001101011001001001000011101011000001000010001100011100001101011001010000100001100010101000011000001010001100001100010100000101101011011000010011010000101101000000000000101010011010010011101010100000000010101100100100000011101101101000000001011001101010000011011101
101001000000101100001001011011011100011101001101001011001000011000011101100100100001100001100000010101001101011001100011101101011001100001001010101000100101001011000101010001000001010001001010101100100010011000001001010011011101101011001010001000010010001100100000011010100000011100100101000100100011000001000000001000010011000100010011011010000000011010011000011011001100000011010001
000000100100011010000101101011000001100101010000101010000011011100000000011000001001101011101101100011001010011101000001001001000100101010010000011100001000100001011101000000011000000001100100001001101101010001100100100000100001101100011101101011000000100000100100100010100100010100011100100001010100100000000000001100010100100011101101011100011100001001010001001011011010100100100011
010000000010010000001000101011001011100100000100000011100011101000010010010001010101000101000001100001010101100001010011011100100000001100010011100010010100000101010100011000101001010100011001000100010101010000100100101001101000011100011010001011010011101011000011010011100100010100011000010101010100101001011000001000101100011011001101100011101010101100000010000011100101100011001101
101000010000100101001010010001010000000011010001100000001001101011100010000001010101100001011011100000100011001101010000010100011101000100000101011000010000011000011001001011011000010101010010100010011011101101001001100101100101001101101100011000101011101000010100011011011000011010001100010010100101000100010000100000010011011100011010010001000010000101011101001101010100100011101011
101001011011000000101101011101000000100100100011010000000001010001001101000100011001100001010001011000010101100100000001000101101000011001000000011000001000010100100010010011101100010001000010001100100001001100101001011011000010010101000011000100001100101101100010011001000011010010010101001011000000100001000101010000101010101100001001000000000001011001000100001001000001000010000101
001001000101010001010000100101010100010010100001100001100001001010100011011100011011101101010010011011100010010010100100010101011100101011000010101001010010011100010001100010001000001000010000101000010101010100001101000000100000100010011001101000010011011101011000100101011010101010010000000011000000001010001100001000010010010011011011011001100010010011000100011000000001011101101010
100001100101000001010010010010010011100010000011011001101011100010101000001000100100001011000011001100001011011001010011100101000101011001101001100000001000000100001011100011101000000010010000011101011010101010001000000010101010001001001000001011100010000011101001011011011100011101010011010101101100001101001010100101001100001001011101000001101000001001101010000101011001001011100100
100010100010010101101100001011101100101010010010101100101001001000010000011101100001011101000000101000001100010001101001101101101001011001100100100001010011010011010000101000010000011000100010100011101011101101100011011101100010101101001101101011010010100000010101101101001100101011001010011101000001000000001000010100010001010001101000101011000101000101001010101101101011101011101001
010101010011000100100100101000100010101001101101101010101001101010101011001010001100101001001011000000010100101011100101101100100101100011000010011001100100010001011101101000001010100011100101100000010100100101001011010010010000011010000011010000011010101101011001000001000010001010001101011101000000101000000101100011011001100010011001010101011001010101000101010000100001010011010101
101101011010000010101000100001010100100100001000001001011100101011100101100010000100001010000010001010010000101010001010100100001101000101100010001011100100000100010011000000001000100010001100010101010101010000100101001100000011101101010001001101010000011000000011011101100011101000011011100100011001101001001001100001000011011011000001010101011000000010010001011101011001000011001011
100000001001100000011100010010011101010100000001100101010100011000011000011010100001101001010101100001010100101011000000001100100000001101011001000001011000000011010011010100011001000101100010100101011000010101011101010010011001101101010000000011000101010000000011001010010000010001000010100001010001000101000010001100001101010101011000101000010011100000010010000010001000010100011001
001011000001101011101011100000100100010001101100100001000001010011001000001000100001011001010011010000101000001010001000101000101100010011010011011101000001010001011011001100011001010011100010100000101010001101001000000010011100100010000001001101100100001011100100100011010100001011011101100010010100001001011000010000100100101100101001100011011011000100010001101001011011101010001001
101011000011000100011011101010001011001001100010011011010011101101101001000010011000010011001100011100001011010100000000101010010001010011010101100001010001011001100101011011011100001011000001000011010100011100011101100010001010101010000010100100010011001001011011000001101100101010010001000100000000001101011010000011000000100010101101001011010100000001011101011101001010101010011001
001011010000101000011101101011100001100000101100010010000001001011100010010100010101010000000100001000100100000001100010010011001011101011100100011011101011000101000010000011011010010011001101010000011100001010101101011011001000010100101001000100100011011000101010011001100010010001001101100100010101000010000001000100011101010100000010101001001001000101001010101101000101001101101011
011001101001000010101011000100010101010000000100100100100010100000011010100000011101100010011100010000001011011000001011001000010100101011001010010101000101011010000001011100101000101101100011010101101000000100001010101101001001011000010011011100101100001001101011101101001010100011010011101101001100101100010100000011010011000010101000010000010011000011100001011101010001011011000100
100000000001000010010000011101101000100011000001011001011001001000100001001010000001001001100011101101101010000101101011101010010011001100100011101001000011101001101100101011010000010100101100010011011101001010100100101001010011000011101001001100100000101001000010010001101011011001010101011000000100000101001010011011001101011101001011000101100011100101001011010001010011010010100100
101011000011010101101101101101001000001011001010000001100010100010010010101010001001011001100101100001011010001010100000000101001010001101010011001101001010001011100101010000000101101000011000011001010001100000000001010001101101100000100100101010011001001100001010000101010010011011101100100101101010000010100100001101000010011000000100001011000011000010001001101101000101101101001010
010101100001101011100000100011000100011001010001100100100011011011011001001100101100100011000000010101100010100010100101101010101011011001011001000100000011011001011001001001001001101011010000100101000000000101000001101101100000001100011000101011010100000100001011000010100001101100000001000010100001010101100100101011100000100000001011101000010001101011000000100010010000100010010100
001010100001100100011000101101001011011101000010001000101101100101010000001010100011010001100100001101011010000011100101011011010101100010001000010000101101011100001011011001001000000011001101100011011010100010010100010000000000100010101011000010000100101000101100000001100011101101000100000100010011000011001001010011001001001101010001001000010011001000001100100010001101011101001011
101011011101001001100011011000101010000011000001100010011001001000010101001100000000101010001000010010011011100010011000000011001010011010011011001100011011011100101100001101000101010011001001100011000001000011101000000011000010101000101100010010010101011100001000010101100000000001011101011100010101101100100000001101001010001010001101101001010100101101011100001011100100001011010011
000010101011000000011100001010000100011011001010100001001000101011000101101100101010011000001001010000000100000101101101011001011100101011001100101010100000001011101011100011001010101010011001010011000000011000010001001010011101100001001100011000011001001001100101000100000010101100101000101010101001010011101000001100010100100001010101000010001010000100011000101000000100001000011010
100011000010010001011010100001101001101001000010001001100001001010010001000100101100101011000100001101100101001001000001101101010101101000010000000000101101011000101100001100010010001000101000010011010000100101010001001001001001001011100001010101011101010101010100000011100100001001101010000011011010000001011000000001011001010000100011100011010011101101011000000101000001101000000001
000000000101100011101011011001001000010010101000000011000010101100101101010101101011000011001101001100001100010011001011100101101011101101100000010011101101010000100001000100100000101011010010000000001100011000001011010010011000101011011100100010011001010001101011011010100010000010101010011000100100001010000010011010101000001000100010000001101011101001100000100001001001101101000010
000101011100000001101010000101010101000100001011011010101101101101011101001010001000010100100010001000101100010010100101000101100100001100000101000010001011011000101001101001001100000000011000010010001000100100011001001001001100010100011000011101011011101100011010011000010101000000101100001001001001011100100101001101000000000001011101101101011010011100011001000001000010101101001011
010001100010010101100000001001001100100010000101010010011100001000011001001101101100011100010001010011011000000001011011001100101001000011011000001101010011010011100001100010101100101100101101100101000010100010000100101101101101001011011011101101101100010010001001100000101000000001011101011000011000010101010011000001011010100001011000100101010010001001100001000000001010100101010001
100001000001001010101101011001000010010001011010011101011000101000010001100010010100101001101101011100001011001011101101100100100001011000001101010100001100100001010011100101001100011101101100101101100001010001001001100010011011011001000010001010101100001000001000001010000001000010000011011101001000011101100100101001001100010010001011000100001000010011011011001001100011011011100011
101011000011010011010100000010011001011101100100001101100100000000101010100101000101100010101001010001011010001101100001000011100000001001001001001100001100101100000000000011101010001000100011000001011011010000000001100001011000100010000011000011000100010011100000000001001100101001000000101100101101000010001011100100011000000100000001010100001011101101011101011011101011010001011011
100001001010011100101100011101011000011000011000100000101101101001001000010101000000011010000001001001101011011000000010011000100100011100000101100101001101100011010010101000011101100010011000011000011000100001010100001010000011011010011100011100101000010000010101010010000011010010100101010011001101101101011010000100011001000011101100100001000010011001100011100011100001011010000100
100001001010010010000010000000000101011011001011011011010010010000101001001010010010101011000010000011100011001001010101011011101101011101001011010001101100001010101101011001101011000000011010001000000100000101101000011001100001011100000000101101101011001000000101011100011010011011011101101101100011010000101101011100000000000011011100001001101001010011010011101100000101010101101010
011011001011001010001101011100101001010100011001100001101000000101000100010000101000010010101001010010010010011001101001011001101101000100100001100011011100011101101001000001000101000100100100001001011100000100010001000101101101001101001100010010001011100011101000000101000011001011010001001101001100000011010011100010101100001011011001100010011100100010001101101001011101010000011010
011100010100010000011011101101100011011001100000001101001001000010000010010101000001000001011001100101000010101100001011010100010001101000001100011100000011010010100010101101100001000100101000001011001011001100101000011010010011101000010001011000000000001101000100000001001001010100101010011100101011010011000010001000101011000010000000010001010010000010100101101000000011100000010010
100100101100010011011000100000011000101011100010101101000100010010010010100100101100010001011001000011011100011101101100010010010101010100100001011100000001101001011010001010001010011100101010000101100011100010101101000101100001011010000001001101000011010100010011010001011100101011000101011101100100101011001100100000011000000000000001001101100000001010100011100000100011011001010100
101101011011100001001011000011011101101000100001101011101000001001000100101100001100001000010011001001000000101000000010010101000100100100100101100001011011010001000011001000101100000000010011100010101101001010011000011000100010101011010100010010011001101001011000010100101011001100000001000010011100000001011000011000000100010011001101000001011011101010011100011100101100001010100010
001100011010101101010100011010100001001100100101001000101001010011000000001001100100011100101101001101011011100001000101101100010001010010000100000100011001000100011101010100011101010100100100010101101010101010001010000010010100101100000011000101100010001000001010011011001000001101100101001011011010101010101010010010000000000101001100100101001101010011001100010010000100101001000010
101001001001000100010001001010101011101100101011010100001001100011101001000100001010011101011010100000011100001000100000001001100000101010101000000010100101001001101000100001001000010011100011000000010000010101011101000010011011010101000000101101101011001011001100000010010001101101100001001101010010001011101100000011100001010011010001101001100011001101101100010011010100010100000011
011010100001001011101001101000001001000101010100011010100010101100000001010100000011011010100011101011100000101010010000101101001101000010000000101010100010000001101000101100100000001100100010101000100001101000101011101010011100010010100000011010011101100000001000011011101001000001010001101010001011011001100010101100000001100010010100010010101011011101000010010011001101101000000100
000100001101100101001010000001011001101101100011000011011001001010001101000010000000101001011000001010010001100100011011000100000000011101011001101010001000011100011100001101101101011100001000100010100001100010011101100000001011000100100010011000000000100010010010010011001101101010011011011100010100000011100011000011101100000001000011000010000010001000001001011101011011011011010010
010000101000001010100010000010100011011100000101101000101010010100011001010011100100001000001101001010101010000010010001100100011100101100000010000011011000000000100000010100101001010011101101011010000000010100000011100010000000011100100010010010010000100101101000101100100000100100101100100000101010011011010100100011101100010001100101011100011101001001010000010000011000011000010100
000101011011010000000001100100000000101101000100100001001100011100010001101010101010100101100000101000010011010001100100010101101010000011011010001100001010101010010001101100010000000100001010101010001010010001011010010000001100100000001001000001011000011000001100010010101011010100101011001101010100101000011000001000101000011100100001000011000011010011011101100011101011000001010010
101001010010011100010000010000101011011100101001011010011101010001101011001101100011101000000000000001101100101101000101010000101100011000010000011000001011011101000000011001100101000101000011001010100000100100010011101000000101001100100010011101001000000101100001101000001101010011011101100010001011010010000100100101101010001010010101100001001011001100011101010100101010100100011000
101000010000000010011011000010010000001101001100000101100000001000100001001101101011100010011101011010000010100101000101011011010000000000000100100011001011000011001011000010100101101100010011011011001010001100011010011001100101010100100000010101100011010000101000101101100011101101010101011100001000011010101100000010001100011101100010000100001001001101100001101000001101010010100000
000011010101100001010101000010000100011101000011010101001000000011100100100010100000001011000101101100101010000010100101011101001100100010011100010011001001100100001010011011000000010010100011000000000101000011100000010001101100010011100001000011101011001101001000100011010001101100010010001000000011101011011000100010010001100101100100101101010101000011011100010011101001000101010100
101001101001011000100000011001101001000010010100100010010010101001010100011001010011001010001000101101010001011000011101010000010010001010000100101011000001001000100010100000010101010010010011001100100000011100011001010000001011010000101010001101010001100000100001101101000011010100010101010011101011011100101100010000010010000100001001011011100101010101011001101100011011010010100000
011100001100101000001100011100010100000001100000100101010010100000010100100000101101100011001000100010001011001011001010101011001000101011101100011010011010001010010001101101001000000000001101101010010010100010010011100001100000100011101000000100000010001001000100000000011101001101000101011001001000010011011101010000000011011011010100010010010010000011100010011101101101000101001011
100001010001000001001010100010101100010011000011100000000011000001100010000100010010010010101001000011100100100010011010010000010100001100100101001101101011100001100101010011001000010000001011010000011010010011000100011001011101101000000011100100010010011000010000011010101010011011000011100011001011001011100101001010100100101011101010000000000100100001001001011101100000100001101100
101001010001101011000010001101010010001000001100000010001100011011011011101010001000101011010010011011011101010010010011010101011010001100001000011010100010001010101000001000000000001010000100100000011011101000101010000010011101011100011010010101001101010101101001011011100001011101000010001100011100011011010101001101100010010000010000101001100011010101101000010100010100011101101011
101100001011101011101101010100100100101001001001011101010101011011101011001010101100001101001001011101001000011011010011010100000101001010001000001001000100100101011000001101100100100101100001001001010101011000001101001101100011001101000000101011001100001011001001101001011010100000001100010100101001010011001011100101000101101000010101000000010000101000100101011100001100101010011100
011001011101001011101000101101010011010000101100000100000001101010100001011100010101101101100100001100101011101000001001101011011011001011010100011100000100000011010010101100011011011000000010000100000001101000000001010000000100101100100010101010101000101001001000100010001010000100000010100001001011010010001100001011000001001011101100100010011010100101100011100100001010001100010101
101001000000101100011001101000011000001101000101100010000100000011010100100011100011001000100100001011011011010100100011000010101101001001101010101010100001010000010011101101010100101010100011011000010101010000001001011001000011001001011011011101000010000101010101001010100000010011010011010011010101000000010001001000001101101100011001001011001100011000000010010011100101011100101000
010000000010000000100100011010010100000001000010000000101100001001010100100000101010011001100010101100100100010000010010011011011010001001001001000000010101000010000000001100010001101001001011011101011000000101011001001101010011001101000010011010001001011100000100010100011011011101001010101001101011000000001100001000000010010001001000011011001001001000011010010000010011001011010100
100010100000101000011000001101000101100010011100000000010010001011000010100101101001100001011100011010101000011010000001101101001101001001100000011001000101001001000010101000100100000101000011000100100101100000010010001101010011011011100000100101010011011000000001101010100100101011011000100101000011101010101101001000101001011001101001000001101010010011000100011101000100101000000100
001010011100000001101000101010101011100101100101010000011101001010100101001000000001001001000011010010100011011000010000100011000100101000001000100101001101100000001101101100010101000010101011101001100001001011010010011000011100001011001100011001001100010101000011010011100001101100010100101100101000010010101010100010001000011000010101011101100001001010011010010010000100010011100010
100100000000000011001100011100011011010011011100010000011010100001000010010011000000011000010000011001001100000011101000101101101101100011100000010001001100100010100100001100010011101001000101101011101000100000010101001100000101010000001010101011000100001000101101001001101011000011000010001001010100101101010010101010000001010001011000100010001000101100011101100010000101100000001011
000100010001010010011010000100101001000010001001001101100010011100101001101010100101010100101011100010001100010101101101011001011101100000010000000001010000100001011000101000011100010011100011100010000000011101001101101010000000100101010011100001101010100101001001001101101011011011001000000001011000000000001000010100000001001101000101010000000101100000101001010000011010000000010101
100100010001101010001100001100001101011000000001011101001011101101000000101000001010101001000000000011101101100100100011010101001100001101011000100001010000011100101000010001001011000011100010000000001000100100001100011011001101010100011011101101001100100010000011000100011000011010001011001101001010101100101100101000100010101000011101001010100100011011010011000000010010000100000001
101000010101000001000010000011000101001101100001001101100011010001010101101000000100011101011001001001101101011010000101000000011011101101101000101011001100000000100011101011000100000011001101100000100000101000001100000011100101010100010100010001011001010000011010010101000011010001000011000000001000100000011011010010001001000011011011001011101100100011100000001100001100010010101011
100101100001100001010000011101101100010101011011000010100000000100100011011101100000100100100100100000100001100101000001001101101001000001010001001011010011000011101000001010010010101011101010011011100010101000010000101011001100011001000010001001101011001010101010000001001100000101001101000101000010000001101100000000101010001011100100010100100100101010011011100010101000000011101000
011011000101001100100101010100011100101011101010100100011011100000100101010000101100000000010000010001100100001011101001000001101001001000001000001000100001100100011000100100001001001011000001101000001010011000000000001000100001100010000000000000101010100011011001100101011101001011011001100101010100100000011010011000000000010001000100011101011011101010001101000010011010100010100100
101010100100100000001101011011001011010010011000000000010011011100011100100001001001000011100001010000001001100101010011001011010010000100100001011100010100100011100000101011100011100011011101010011011101100100010101010101011100010001000011100101010011101101101000100000001001100101001000011000100000101100011010011011011001100000100010011001001100000011100101010100000011100011101100
000010011000000001101000010001100001001011010100101100011010011011101000011001000000011010100011001010001010001001000010010101100101010001000100011001001011001101100001011001010100000011101100000000101011011101011010000010001101000001101000010010010100011001011011000101011001010001000000010010100000010101000101001010001101101101000100100101101100000101100011010101011100001010100010
100010101100101011000000001000001001011001100001101011001101100011010001100010011100101011010100001010000010101101100010100001011011100010101000101101010001011011001011011000101011000101011000101010101001100000100101000011001100011101011001100001001011010101100101001001100001011010011001011010101101011000001100010101000011011100101000011010101101101100001010000100101010010010101101
101010000010010001101011001000100100100001101001010101011011001011010000000001000100100101101001100011001100100101001000010100000101100010100011001011101011001011001011100000001010100001000011010001001000011010100011100101101100101101011101001100010001001010011010100001000101010101000001101100101011001101010011100010000000011010100101010000001001011101011000001001011011101101101010
000100001100100010000100001011101011001000010000000010101001011010000000000101101001001011001000100000100000011010010000001001010101001010100000100100000100000101011010101000001010011100101000100011001011100000100000001001000000101011001100010011010001100001101101000000100100001101100101000010101101011101001100100100011011011000000011000000101011011100001010100000101001100000010101
001001101011000000100001010101010010011011100000100011001000010001010001100011101101010000000000010011101100010101101001010000010010100011101000101101010011101101101010101000011010011011011001011101000000000100000010010100000001010100101010100000010011011000011010000101001011100000101000010101100000001010001011000100011101100000011100100100000000011000001000000101001011010001010100
100000010010101100101101001011010101011010010011011000010010001011010001011100001100101100100101000000010001001101101010010100010000011101010001010000010000100010100000100011101100101000011000011100010100001000100000011001101010000100010001010101001001010011100010101100100000001001000101100100100101001000101010101000000000100000001101010011100011100100011100000000001101001000011010
101100100011000010100100100101100001010100001101010101101000101010000100001100011101011011100001001011100001000000101010010000000011000101010101010100001011011100010101001101101101000011000011010001100100100001010011011010011011000001100011001101010000010011010010001001001100101011011100101011011101011101101011011101011000011100101001011100011011100101001010000101011101100011100011
101000101100001101011010010001100000010100000001010101000101010011000000001001101011101001011011100101001000010010011000011011100000011100011101000000100001100010000100011000010001101100000101011000011011100101011100000011010001101100001100100000001000011101010100001101001011000001101101100011001011001101001100001101100001101011101010010101001001001101101101101010010000101100000010
101100000001011100010011000011100001001001101101001011011000000010101010000101001001100001011101000011000001011001000001000011000000001100000010000000011011001000101100100100011000101011100101010001011011000000011011001011001011001010101101100001010100011001001011101000000100001010100101000011100011011010100010101001011101011010000100000001000010101101000001001011010010011000011011
011010100010100101101001101000010000101001000100010011011011000010101100001101101100010001100011001101010100011011001001001001001100101101101001100000100101000010001010100101101011011101010101010100100001011010011000001100000010010101101101011011010101101000101101010010101101001101010000101011100010010101010100101010010011000011101011101000100011001011010011101101101010011101101000
001101100010100100101001101011010011011010011100000010000011011010011100010010000001000000000011100000010000010101101000010001011011010011010000000101101010100101101001100001000010000010101011101011001100010011101010000000101000001001001101101000011000000011001001010100101010011010100101011010001101010101010010010001000100100000100010100101101010000011011101000100000000001100100101
000100011001000010011010011000011011001101101101101101000011000011101001100100010010101000000011101100100001100100011001101010011010101100100101101001100010011000010001011000101101010000011011010011001000001100011000101011100000101001000011011011001101100000101010000101001100010010010100010101011011101011100010011001101001011011010101010100000010101100100011010011001100010001100010
010100001000000001101101000011011000000100101010000000101011101101101011000100101100100011011011011010100000000001000010101011001001101000010100010010000001100001011001000010010100000001101010010101100100101001010100011100100100011011011101100101100101000000001000101001101101010000101011010101001100011101101100010011100000001011101001010011011001100101101101100100001011010011100001
101001101000101010010101001100101011100011010001000101001100000011010001000101000100001010010101010001010011010010010010010000000100100101101001001001010010011100100101001101011011101100000100011000101001011011010100101010011011000001011011101000010011011000100010010000010100010010010011100011100001101000101010100001010000100010010000001010100101100101010001101100010000011010101000
100100010001011000011011011011100010010101100011011010100010001001010011100011100010101011101100100101101001011101010010001000101010101011101001101011010001100100100001100011000001100101100011001001101001100000100000100000011000100001100100011101000100011000101010001011001101001000100101101101011010000100101011010010011000001100000101100010100100010011100000011101100000100010101001
000011100011100001010010100010011100100010101000011010000101010011101100011000001001000011001010010010011010001010000100100001001101000100010000100000100101011001100101010101011011100010000000010100001011100000001001100000000000101101011010000000001101000101000011101100000100101000101010011010010100011000011010011001001101001010010011001010011000100000010000000010100001010001001001
011101010001101000001001001101001001001000011101100011000001011011010001001000100100100101001010100010000101010010000000101001010101010000000011001000001001000100101000011001001010101011000001001011100100000011010000100001011010010011100000010010010001000001010000000001001001101010000010010000101001010001000001000001000000010101101010001001000000101101011011011001000000011001011011
101000011001101100100000101011100001011101101101010001101100000000001101100100001101001001010100100011011001100001010000000101101011011010010101010010001000011000010010000000001011100101100001001101101000000010000010010000100001101100010100100001011001100010010010011011101101100101000000101000100100011010100001000001001000001101101011101000000010010100000010001101100100100001101000
101010011010010010011000000011010100010101100010101011001001101101100001010010000011100000010101100001010100001000101000100010000000011100101000000010000100001000010100011000100010011011101010000000100001100100101101000011000100001100010100011101000101100100000010100101000011100010101100101100001010101100010101101000101100000010010100001001011000011000010011001011101100001010101001
000101010101100010010011011001101101010000010011101011000010101100100000010001011011010011100001101100100001010010001010011000011001101000100101100101000000001010001011000010000010000010010101011100011010100010100001011001000001000100011001010011010100000101001011011101101010010010100101001100010001101101101001101000001010010100001001101001000100100001010100010010100000101010100011
100100101000101010010001010000011101010001101001101000011001001001000010011001010101100000000011001010101001000000100010011001011001011000000001001000011101011101100100011001010010000100011011101101010011000101011101010101100001011001101010101000000101000100000011101001101011010010000000101010101011010010011010000100011101000011010011001001010010010011100100011011011010000101000101
011101011010100100101001010101000011100101101100000101010001010100101011000101011011101001000001010000101010000100100100011011001010001011101000100101001000000100000001001000101011010011100100000011010001001011101001101011101100001101011000011010001001101100001011101011011010101010000000011100100100011101000010101001001101100011001000010101011000011001101011100001000101011011011001
001010000100011001001011101010100100001100101101101001101101101101011101000000101101100001000011001011101011001101001011101010001010001001100011101100000010001100100010101011000000100101001100011000010000011101101101100101001011101101000011101000011001100010011001011011011100010001000001001010001000001011100100010010101000000101001100011011000010101101101101100011001000100100001100
011000101001100101011001011100001000101000011101010101000011010011010011001000010000000011100101101010101100101010010011010010001011011010001010010001011001101000010010100101101000001011100010010001101001101001001101011001001001011010010010101001001001100010100100000000000011011011010000011000101001100100000011001101011010100000011100101100010001010010101000100000001010010010100000
100011000010011000010001001100100001010101100000100001100001101100101101011001100001011001001001011011010011101010011001010011011001001101100100100001001010000001010000101011001101011010000100010100100001011100010000010011101100001001001100011000010011011101001011011001011101011100001011011011100011101100010010000001101011101100011000011000010011000010001000010001000010100101000011
000101011010010010011010100000100100000010011001011001100000011010001010100101000000010000000100101001100001010100010000010100100101100101000101101100001101011000010001101011000010100010011000011010000101011101101100011011100101001001100000100011001000000010100000000000011101000101101010010101101011001011001001010001100010010011000100000011000001001101101101010100000010011011000101
001001100001010100100000000000001100000011101011010000001000101100001100000001010001010000100000101001000010001101011100100100101100001000011011011010010001010100011001000001001001101100101000101001000100101011001001000000010010000101101011010010011010000001001010000011010000011101011100001100010101101100011101011001011010001000011101000001000000011011011000011001101101000011000001
100010001001101000101011011010010000101100100101010001010000100100011001010100100010101011001100010000010011000001101101101001000101100000001101011001001000001001100000100001011100001010011100011000101101100101000100101101100101011101000011000000001011101101100001000000101000101101000010101000101010011010010000100000011000000101011100001011000101001000001100010011000011011100010000
101101001011011100011101100011100100010001101010000010000010101001000101011000100011000100001100000010100000101000001010010010000010000000010010010001100001011010010001101101100000100010001000011000101011010100001011010010011000000011001011010011010000100010001000000100000010010101001100101001011001100010101000100101011001000000101001101001001010011001010001011101101011100011001101
010100101101100000100010010100001000011010100011000001010001010101001100011010001001100101001011000010101001001001010100011100011011011001000101100000010100100001100100000011100001100010000000001100100001011000100100000011010000100010000011000101000001100100001000001000100010010001011101101010100011101101100101001100100000010101101100011101101010101100001101101011000011101011101011
101011011011011001010010011010100001000001011000100101101101010100001001010010001100001100101011101000011001001000010010101011010011100000010000011011000011101011100101101001001101001001011100001100000001011101001101000001000100101010010001000011010100100101000101001010000000101100011011011100010101011001011101010100001101010101101000101100010001000010100100101100010100001000001101
100011100101101011000000100001010100101000100011010010000100101101011011000100011101000001101000100101011101011011101010001001100010101011101101010101000000011100001001001100011001100011010100001010010011101010001100011010011000011101001001100101010010101000001001011001100011101000010001101000010001001101011101011010100011101100000000101101010101101010101001101010100000010000101101
001010001010001001000000010010100000010100100001010100001010011000101001011011100011000101000000100010011100001010011001000100001101001000100001011010001101011010010010100100001101000100000011101001001101100001000010000001100000101001001011000101101010001001011010010001101000100011101101001010010001100011011101011010011101000011001100101010001101000011001100100010100100010011001101
010010010100011000010100001010010100101001001101011011001100010010011001010010010101010000001011100101100001101000011010000011010101001101010100000010100100101001000100000001100011000001001000000100100010001101000011010011010011100100010011000100000100000011101001011000000011001000000101001001001100011001100001101101011101100001001001011001011001101001001100010100101010001100010101
100011000010000101100010100100000000100100100100010011101001011000011001101000000011100100010101010101100100101100001010100101000011101100100100010100010101011000001010001100101000101011100100011100001101101000001010011011001100001101011101100000100101100001000000101010001100011100101011011010010001000001001100011100010101101011001100101000001011001010000100000011100001001001101011
101010010001011001100010001000011001001100001001001101001000010101100100100100100000100100101100011101000010000101010100100100001001010010011010001000101000100101000000011100101010100000000001101101100000000000100001000000011000011000011101000001011101011000010000011101100011000101100001001001001010101011100001010001001011101011010011100101010100000001001011001000100100000100010010
000001101000010001000000101100100000011000100000001100011101011001101011011001100101000011001101011001101100001101100000011010011001001100101001011010011101011001000011001000010100011001101001100100010011001100000000001100000010011101000100101011011011000010010000101001100000100010001010100000000100011010001000001000000100000100000000011011100011000010100010000010001100010100100011
000011100011010000101011011000001011011100010001001010100001100001000101000000100001001100010010100000011011001011011001101100011100000100101010100011100011000011100101000100101011000101101001000011010011001001010010011010011001001011011011000101100100101000011011001001001000100011010101100011011100010010010101100000001010011100001100011100000001101100010011011001001000000000010000
101010101101100011101100001011100011010011100010000010101000001001000100010100000011010001000101000001101000100000101100100011010101100010010100100000100101001101100011000101011011100100011000010001101100000001101001010100010101101100010010101100101010000010001100000010010101101010011010001000100011001001001001001010101001010010011101101011001010001010011001101100001011011000100001
011000100010010100010011011101011100100000001010010001001101001100011001010001010011001100100000001011000000001001010000000010000010010011001011100001011011001101101011011011010001011000011010010101001001010101010101101010001000001100001001011100100000001100101011100100011000100101001000101001101101100011011011011101100101000100100101000001001100101010100000101011100100101011100101
100010001000000101001001010011001101001001101100101000011101000101010001010100000000101101001010011010100100100101001100011001000011011010011010000010000100100011001000100001100000101000101010001000001010000011100000000001100011000010100000100011011100000000100001101000011011011001011010100101100001000010001101010101011100101011000000000011000010000000100001100011100100100100011010
000011011001001001000010000011001001011100011001010101011100001001101010100100001101100010000011001100101001000001100011010001011101100011000101011001011101001001010101010001100000011001101011101011010011001100001101011001001011100101101101010011000101000001011100011010001100011000001001000010000100101000000100000001101001011100001001101101010010001100100011001010010101100001000101
011000101010001010101101100001010011001011100100010001101011000001100011001011010001011001010010011100001000010100011100011101101101100000101100101100011100100010100100011000000100010100100101100000010001100100100011101100010011000011000000001001101001101101101010010001001010100101101011100011100100010101101010100101011001101000101001101001010010100101000000100101010001101001011100
001011000001100101101011000011000000010100100101100101100011011101010001011010101010100011001100000100011011100100001100101010101000100000101000011100010101001000010000100000001101000010010101010100011010010000100011101100010001001001001100000010100001000101010101100010000011010100000100100010000101000000000011101011101100101000010100000101010010100000001010101010100001000010011101
010101100101011001100010100100011011100011011010000011010100100100011010100010011100101010001101001001101001100001010000100001100011101011011010101010000001101001000001000100010101101011101010100101100000000101001100100000010010000101010101001010011101101010100011101001001001000101010010010010010100011100000100000011101010001000101100010010000011011101001101010001100000011011101011
001001010100100100011011010010010000011100101000011000001100011001100010010100011000101101011010100101011011000011001101010011010001011100001010101000011010011101000000101010000101011011011011011011001011101000000011101001100010101001101101000010001000100101101101010101001001010000000000100100001011000011011100011000100000100001010000101010101101001000100101011010011011001011100011
001101100010100011100101001101001000010011011101000000100001100000010010101001001010001100101001001010000101101000101101001001011000010010000100010010000010100001001101001101101011011000001100001101101011000100000101011001000101101101001000010001011001011010101011001101011001010001100011011000101011010011000001010010011010010100101101001101100001100100001101010100101011100101101011
010000101101000101101010001011101010000011011011011011010011011101000000010100011101010000100000011000010011000010010010011100100100011101010011001101100000100001000010001100011011011100100101010100011101001000011001001101101000001100011101000011101001101001010011100011100101001000101101100001011100000100100101010001100011010010101100100001100011010000100011011010010001000001100011
000010100101101011011101101100011001001101000101101011011100000101001101101010010001101001000001010000100011011100010101000101000001100010000010010010011001101000100001100001000000011101001100100101101100100100000011100000001010010001001001001001000010001000010000100100011011001100011101011100101100000000000101010001100000001011010001101101010100011010000010011001010101011010001000
101010010101101001001011011001100101001100101000100010011010100001000000001100010011000100101100011101101000101100000000100100011001011101001011010011101100010010101100101100011101011011001011010010010000001001011100000000001010000011101101101010101100101001001001101100101000011100101010011010101101011001000101001101001100100101000000010010011000101101100011001000010100011000010011
011100000101100001101010101101000010010100011000011001101001000101100000000101000101011001100000100011100011010100011101101100100001101001001011010001001001101000101010010000010100001000101011001000010100001011000011000000101010100010101001011001100101100010000011001000101011100101000001010000100001001001011001010000011010010101010000011010100001000101011100101001100011011100011101
100001100100001010101101101011011000101100011011010010100010001101001101010010100011100011010010011010010010100010010100011100010011100000100011001001010010001010010011010000011101101000010101001011101101011101000000011011101010100100000010000100100000000101010011010001000100011010010101011011101000001001011010101101100011101011010011011101100100001000101010010000100001010100100101
001011101010010100100010011101000000100010000101011001010011010000000101101011010011100100011011011000011011100010101100001010001011010000000011001100011000100100010100100001100011010001011100000000100001100100001010100000001100010101011011000011101001100010101011011100000101100100100011001000011000100011001000010011101000100011101000001010000100010000010001010010101100000000101001
010101101101001001010101000100100100011101001010000000100101001101010000010010011001001101101011100011100100101011010010011101011100000101011001101001101101001000010101010000000001000001010000011000010000001100011000101010100000100010001100100010010010001001011101011010000100010010000010001011011100010011010100000101100011010001001001010101011001001000011000100010101100011011010001
001100101100001001001011100001001001011001101011001011001100101101011000100001000100001010010001000101011011010001001101100101101011001001001011011010100010010000100000010101101010100011101101001101011000011011000001100101010010010010010001011100011011011001001011011101011101000000010100010011101100100001100011010100000010100101100010001101101100101000011011000010101011001101100000
011100001010011011001000000011011100010010010001010100001011101100010101101101001011010011101010000100001101011000010100010010011010011100011100010101011011101011011011001001000001011001101100000101011011001001001001001000000010101000000001101011100100100001001010001101001010011101010101101011100100010011101011010101101101001001010100100000100101001010001001010010101101001100101001
010000101010100010101101100011101001100101100100000101000101001101011000011000101101010101101100000010001011000010010100010010101101001101000011001001011011000010000011100011100100000011100010011010010001000000011010100100011001010000001101101011100010001000100001000000011011011010011001011000000100011011001011100010101011010010101010101000010011001001010011011100001010011001100010
101101011010011010101100101001101010011101010010001010100000011101011000010000000000100010001001000101010010000101000000101001100001001001010001001000010100011100011010000001000101100100000100101100001100011100100011001101101101100010000000011010011100101011000011010001010100001010010001000000001000000100010011100001011100011001001000011011101000001001100001010000010100011010101010
011101101011010011010001000011011011101101000000011100100100001010011100010100000011001001101101101101010000101000101011100000001011100001011010011101010000000010010000101100000011011011101101001100101000010001100010101101001100010001001010011010010011011001011001101001101100001001100001001100001011001001101001001000100101000001011001101001011101010101001011001010001100001011100100
010101010100101010100100101011101101010100100101101000011100011001100011101001001011001011101011101000000001000000010001010101101000010100000100001010001100001100001011100010011100100101011011010100010010010010011000000000100011001011000100000000010000000101100101000000101011011100011010101010101101000101010011000011010011010010000100011100101000101101011100001100011101011011011001
000001001101011100101000001101100100100100000100000001100100100001010101001011010001101010011011001101100000100000001100011100001100100011100010010100011100000100101011011011101000100001000100101101100000001000100101000010011010011000011101100000100010011011100101101001010011001101100000101101001001101000100101011000100001000000001000011011000100011010010000101100011011100100100011
010101000001001101001101000011100010011101001010000011010001100011000010011101001000000001001010010000011010100101100100010011001100100001100000011000001001010100011011001100100001000010000000101010010010000010101101010011001000011011010010100010011011100000001010000010010000010011101001011001000100001010000010101001011010010000010010001011001010011101100100100101010000010000101011
001010000101000001100100010010010011000011000001001001010101001010011010001011101000100100001001011100000000000010001000101101010101010000100010001010011000001001010010001011011010010011011010000000101001000010100011101001001101010000101100010011000100001011100001001010000001100101000011000101100000101001100000001011101100001010000001101011001100001100001010101100000010011001000001
100101010100000100001010010010010001001001001000010010011000011001000001000101001011100001011010010010100001101001000000010100100000100001001000100001100000001001101101101100001101000010001101000010101000100101010010000001000100000001001010100011100101000011011001101000011010100100001011000011010000001101000101011100010000010000010101001100100000101011010000000000000001010001011100
101011010101001100010101010001011101101010100000010101000101010000011101011001011000010101101010101001000001000010100011101100000100100101101100011101000101011100011001101010101100000101100101000101010001001100000001011011100101101000000011100000100001001000011011001010001001101011001000000000011011000010011010010101001101000001010100100011101100011000011000010011001001001000001000
010100000001001010010100101001011101011100010100100100001011011101010000001000000010011011011001011100100101001100001001000100001101001101011000000010010010010100100000011101011101000101010100000000010101001011001000100010001001011000011000001000011001101101000011101100010100101011010101101011010010010001011001100101010100010000001010100000010101010011011101011011011011100001000011
101000001001010001011001000000000101011100101000100101001100101001000100100100011100011011010001001011000101000101000101010101100101101011011011000001010010000100010101010011011101100100011010000100011101000000011001101001101010010011000100001010100011000011010101001000001100010100010101001100011001001101101011011011010010000001010010001011100010010011101011011101010010001100000101
100100101011001010101100100000100010100011100100000101011101011001010000001000101100000000010000100011001001011101100010010010010011000101000010001001100010011101100001100010000011000001011101011000001000010010010001000100100100010101011101010000001001000000011010010100011000000101100000011001000000100001011101011100101000001010011101101001100011100011000010010100011101001101001010
011000101101101011000001100011100000001001000000000000000000000010101001101001011100000011000101101001011100001010010000010001100011000100000011001001011010000011011101000000001011100001101100100000010010100100100101001011011000001011001101000100101000001100101001010100101011001000101010000011100001101100011000100001100011000011011001100100011011101010001000001100011100101101100011
010000000101101000100101011010011001100100001001100001100010001101010101100001101100101101100100101101011010100011000010010101010001011100010010100001010000001001100010010001100000010001011101001001000011100011000011010001100010010101011101100100100100011000010000100000101000010000100000100000010100001001101100011101000101001000001010101100000010000000000100001100001011001001100001
000011101000000000001000010000000100000101011011101000000000101011010101101101010101100001001011000100001100011001100101100101001001000100011011011011000100010101101010101100000100001010000011010100101001000011001000011010010011001100100011010011001010101011010100000101011011101100011001010001101011010000000001011011100101100001010011010100001001001000011100000001000101101010011000
000000000000000001001010100011010010010100101000100011101101001011101101011011100101101100010001101011100010000010010001001101001011010010000100100101001000000011010010101010001100001001011011000100011000100100101001101100101001010011010101011011011011001011100101000001001001010001000011100011000001101100000100101000010101100101000011011101001100010010100000000001011001011100010000
100001100100011001100011100011101100010001101000010010010001000101001010001011100101001000011011000010010101011101100011000010010101000000000001001001001010101100001000100001010010001010011101101001011010000101001011001000011010010000001001010011101011011100101101100011011100100011011101000011101001001010011001101000100100011010000001010101010000010001101011000000100101101100101011
101101000001001010101000101001000000101101011001011010001011100100101000101011001011101001010010000101010010000101010001001010001100101000001101001010011101101100101101101000001011001011101101010001011010000010000101101100011000000001011000010101011000101000101100100011100010100010100010011011101010101000001001011101001101100000011011100010010000101100000001101001000101101101000100
011000101011010001101010010001100101010001011100100101010001011000010100101001101001101011100101100010000010001101101000000000000010000100100010010010010100100100010100000001100100001010001100100011010011010011011001010010100001100010011101001010000000000100001000101000100010000000101101010001011101101000001010011000100010010100000001011001010011101101100000011000100010011100010010
101010010100100010000100100001101101101010100001100101000100010101010100100000100011100101011100100001101011000001010000000000001000001011100100011010100000000000000010010101100000001010101001100100101101011001000000100011000001100010010010001011000010100000100101001100011100000011101000010000001011000001010011101101010101101011001011100001000000101101101001001010001100010001001011
100101000101100011100101010101011011010100001000011101010011000011000011010010100100101010000000011101011001011001100010000010100011100011010000010101010000011000011101010011101100010100101000101100001011010100011100101011000100000100100010001000011001100010010011000000001011001001101000100010001100010011000100101010000101010010011100100010001101101100011011101100100000011011010000
001101100101010010001000100001010011011000001001011101010101100000101011001011011101101101101101010011101001001010001100101001011011000011101000010001000000001101011000101000001010011010010011100000001011100001101101100000011101001100000100010010000011000011101101010010101101000010010100011000000101001011000010100001000101100101001001010101100101000100101100100001010011011000100011
000011000011010000010011101100000010001000011010000101100101101011001101010000000100010000001100011010011011101100101000000001010001101011011011001000010000100000001011001010011000100101011000100101101001100001010010100000100000101101101011101010010001010010000000011100001101010100001011001001000101011001010000100100100001101010100000011010001000101001101010010000100000101101100010
100100000010010000010101001000011101000010101011010000010010010011011000000000001100100001101101001001011001101011101001000101011101001000010100101010011000001010011100011101000100010010000001011101001001011010100101100100010011010101100100010010001001101101001011101101010010000000001011100001001001000010011101001010101101001000000000011100011011101010001001001101000101000010000000
011101010100101001000001011001011011000001101101000010000011001001011100001000010011000001100001101100101001001000001010000000001101101100000000011010101001101100010000101010100000000001010101100011101101101100010101010011011010000100000101011000011001000101010011001011011010101010101010001010001000000001010100010011000010010010100000101001010001010001101100010000011011001011010011
100001100011011011010101101011000001011100101001001011011001101100001000001101100011101011010011000001100000100001010101010100011100101101011011011001000100011001011100100010010011011010100011011101100001001010011100101001000101010011000100100000001000000011010010011100001011010000000001001101010100010011101011001010010100000000100011001100011000000011001100000011011100010101101001
100010000001010011101100010010001101010000001000001000000011101100100100001100100010011100010001100011011100010101100101000101100000001011011000001000000010011100001010101100100001100001001000001011010010001100100010101100001101001100101000011101101100010000011011100011011100101100001010001010101000010001101001010100100001000001001010101101001001101101001101100101010000011101010001
000011010001011001100001100101010000001011001010011001101001010011000000011011011000001100100010010000000101010101100101011000001011000001000100100011001001010001001100101011011000100000010101101000001011000000010101010000100011001011000000100100101001101001101010011101101001000001010011001101011100010011000101000010000000000000100010010001010010101101101100001100000011010010000011
100001100000101010000000101001010100001010101100000011001010011010010011010100001000101011100000000010000100100010010010011010011100010101001001010100011000010010010101001010000011000001011010100001011010101010101001010011101000011010000101000100001011100100000100101010001001000101010011101000101001000011010101001011001011100001011011010011101000000000001010011010100100000101010010
010101000100001000010101101101100011101011001011001100100011011010101001100010001010001101010101100001000010100101011000100000101011000100010001101011101010011011011011000000001000100100000001100001100001101011011100011011101010011100000001011000011100001101000010010011101010000100101010011100100101001101000011010001100100000011101001011000000001000010101000100100101000010011000011
010101100010010100000011010001001100000001000001100010101100000010100000010000100010000101100000100000100101101100010000000000101001001010011100001011101000010001100001010000000101000011001010101001001101100100100010100100100001101100101100011000101011000001101010100001011001100001101101101011100011001011100100011000011001000100100101000101101001001011101000000100001011001001100101
011011000001001000000010100101001000011100100001101010011001100100000000001101010101000000011001010010011001000100101101011001011100100010000000100011011000101101101101101001001010101001011101010010010101000001001100001011011100100100010001100101101100010101000000010001010001010010001001100011100100000000010101001100000000011000001000100001101001101100100001010100001011010001011010
010011101011011010011000101100011011101101101001000011101101100101010011100001000101001101100101101001000001001010010101001000011100010000000010100010100010010100000010100001000011100010101011101001011100010100000010000100010101101101011001011010100001100100101001010101010000001101000100001101000001101001001100000000011101011100001010100100101101010001101000011000001100001011000101
101010101001000101010100011011100101000010100101101010010101001011000000000010101000000001101000001100001100101011011001100001000001000010011100100100101010100100000000100010101010100101010011010011011011000010100011011011001010101000001010010101101011011000000101001101011001011100001001100000000011011011000000010101000101001011101000010010010001000100100101100011011100001010000011
000100000100011000001101001010000001000010001101100010000010101101101011001100001011000100001001010101100011000001001011011100000000000000000100001011000100100101101000011001000100000101101010000100000001000011000100101001001011100101001000001100010100011100101101010000010101000000101000100001100100000001101000011100101010101100011100100010101001100000101101011100101010000000101001
000101001100010101001010011011010001010100100101100101100100001100000001100000100000101101100100010011001011010101101000101010100011010001000000000001010000001001001101001000000101101011101001010000011100000001001001000011001100001011001001000000010010000100011000011001100100100101101001011000000011010001001000100011000101101011011101010000001010100101100010001010000001010011101100
000010010010001001100001011011010010101010001000001100011001000101011001000010101011000001000100001001100000010011101101001000101010010101001000101101100000100010101010100101010001010011101000011000010001101101000000001011101001011101010010101011000010000100100101101101101001011001010001101011011000101011010001101100001011000000000011010001100011100011001001001010001100001100011011
010100000000000010101000000000001100101000011011001001001000101100000000101100011011100101100100100010100101010001100000000001000011001001100000010000101001101011011000100001000000101011100101101100001001101101000001100011101100100000010000010000101100100100010001000001101011001000100010011001101010100101101100000001010000000010000000101100000010100000010011100010100100010101101100
011001001000011000001101000001010000010101010000011101011100101010010100010101001011011001001101010001101010010010001010001000011001010100001011001001001001000010011101001010001001101001000011101011001010000100100000010001000001101010101011101001100000011000001000100001011100000101010100100010010100100100010000011001101100100010100011101101101000001101010100101010000000010011011010
011011101100000010011000011011011010010011010010010010011100100010101000101101001000101000010010000101010000010100100101011011101101101101001100100000100100000101001000000011100001100010011100100101001011011101000011100101000100001010011100100010000011001001011100010010011000101101011100011010010101011100011101010010011000100000001100011011000000101101100000000011100101001100011000
010010100011100001101011000101010011011001010001001010100100011011000000010011000000001101100001101100001010011011100101000001100101001011101001101010100011011010101101100100011010000000010100010001011001100000001011010000011001101011010000001011011010010100000000100011011011101000000100001001000100000011101101001011101001100000001001010010010011010101100011011000011000011010000011
011100011001001000000101001101100000101001101000010001100010101000000101100011010101010101001010010101001000101011011101101000001101001101001000000000001010010100010011011000101001010001011001101010001101101100101011001001100000001001011100011000011001100100000101011101000011010011000100000100010010101010000000101101011011011100011000000101101101100011101000001010100010011011101010
011100100000100100000010001010010010010011011100000101101010101001101011000101100100010101010001011001000000010010011000001100001001100100000101010100000000011011010010010000001001011101001000011100101101101001010011000010101101000011000000011011000001010101011000101011000011010011001101001011100101101011100011100001011101000000100101010101101101001001011100001010010010100100000001
100000101000010010000100101011011001011000100011010000101100001011011000011011001001010011011000011100011001101000001100100100010010101001010100101100001100100010011100010101101001100000010100100010001011011000001100101010010100001101011100010000010000100010101001000100100001100000101101101100100101100011100010000100001010000000011100100011100010101010010010011001101100100100001000
011001101001001101101000000101001100011000000001011011101100001001010100000000011010101101101101011000000101101000010100010011011100100010000001000011011101101000100010100000001100001011000000101100100101010010000001100011000101101100010100010010010011000001010101100001101101010100010101011010000101011011000100011001011011001100011011000011101000000101010010100010001101100011101000
101010100011101000010011001101101011001100011010100010100000011100011001101100011001000011011010001001100100100010000001001101010101000001011100100001100101100101011010100101011001100001001011001101011101011000010100010001011010101010001100101001010101000010000100101011100010101011001010100011000011010100000010101101101100011011100100000001000101011010001010100001010011001101100100
011010001001101010011101010011001001101011001100001010000001010011000010011000011001100000000100010101010001010011001100011001001101000101000001000001011101001000001010000011011011000101011011101000001000000001101010100010010100000001011000100010010001011001101100001010100101010011011001011100010001100100100101100011011011001011101011010101000100011100101000101011010000010100001100
010001010000100100100001000010011001100001000101000011011100001100100011101011001001010000101101101100001100100010000100101001100101010100100011011100000001011001101000001101010011010001101101101000100101000101100011000010001100001101100010000000101001100001000100001011101011000000001010001000001010000101010001011000011011000101100001000100000000000010010101101101101100011000010001
001000010010001011011100001010010101010100010101010011001100011001011101000100010100001011000101010001101100000101101011010100011001001001011001011011101000001000010010100101010100101011010000101101000100000100010001000011100100101001011100000001011001000011010000000010100100001101100000011100101000100100010010011101011000011101001011100100100001001100000011101100011011000000100000
011000101101000101011000011001001101000000000001000001010010101100011001010101000100010010101100010100000100001101010010010001011001100100101010011011000001010010000101010101100100101100000011001000000100001010101010000010011001011101100011000101011011011001101010000010010001010001011000100001101011100001010000001001000011010001000001011000001101101011010000010011101100101101101100
010101000100010101001010000100010010100001000101101000001010001011100100000000100011000000010100000001000010000001001101001100001000000010101000010001011011101010000011010100101000000000001010001001101000010101011001001010101100000101100010100100000010101000100101100010001011100000010100011100010011000100101011001101011010100100011100100010101010001011000101101100100101011101101100
101001010010000001000100000100011000100101010001101000101000010000011001101101000100010001101011010010001100000000001001001011101011000010010101100001011010001101011000000010010100000001100101001011100011010000100000001100010011101000101011000000101001100010100000011101101011000010001000011001001100000101010010011100010010101000001001101100010000101010101101000001011011101101001001
000010010011001010010101100101001101011010101001010000101001101010101000000100000001010000010010101010000011010010101001000101100000100011101001000100000001011100100100010100001011001001001010001000101011010000010000001100001000001101001101010100100010000001001101010101000010001101100101011010100011101011001011000000100000010001000000001100011010010011000010100101010001001101010101
011101000101000001101100000011101011001000011011010000001100011001001001010011010010000101000011101010101101010000011001000010011011011000100011000011101100001100010001100011001010010010000001010010101001100001100001010011101100011101011011001101100101000010001010101001101010011000001100010101011000100001100000100101001010000000010011011010100000000000000001101011101100011010100010
011011000100000010000100000011100000100011000101101010001010101011011101010010010101001011101101100000001101011100000000010000011011001011101101001011101010010000101000101100011001010010010101010000011010010010101101000001011010011001010011101010101010010010101011000101010011001010101101011001011000001011001000000010101011011100011100000101101001101101011000100001011011101000101000
000011011000000101010011001000101000101011011011101000011100000001100001001101000100001100000100100011010100000100101011000100011101011010000000101001010011101101001001011100100101100011000001010100011100100010100010011100001100011010011011011010001000010010100100010101100100001010101010101010011100101100000001000100010101101000101101101100001001100001100100100000001101001100011010
000100000100001101010001011010000000000010100000000010010011000100011011100100001010011100100001100011001101100001011101100101011101101000010011001001011011011010101000010010000010101000101001101100100010000100100001000100001001010011001010011100010100101101001011000011000000010001010101101011101011000100101100001010010011000101101010000100000010001010011100011001001011001100010011
010010000100101100000101100011000010001100100000011000000100100000010000011000010001010100010010010101100001011001001001101101000011000011011101011000011000010000011001000001011011011010011000101010101101100100011010011000001000011001100101001100100001101011010101001101001011010101011000100000010001011000011100101100100010010101010000001001011101010100100001100000010101011100010101
101010000000000000101010010011011001011000000100001000100001001100100000100011100000001011000101011011011011101000010101000101101101101011101101001000010000101010011000011000011010001011010001000011011101101000000101100101000100000001000000010100101010000101100001010001010100101100001000010010000001101000011000101000101000001010101101100001011101100000011101100100011100100100101011
011100011100010001010001011101011010001100011101000010100101000010000101001101011010011001100101001011000001000010100011010011100000001011101100101100101011011100000101011000101100101010100011000001000011011001010001001001001010011001100101001101000100001011100100010000010001000100010101101011100100000010010001100101100001001101001010011101000011010100010100010011101000010000001010
010100101100000100010001101010101011000010100001001011010100100010100100011101101000011001010010100000000011100011010010001001100011101100101010000100100100100001100000001001010000011000001001000101000100000010000101000010001001100000011010001001001101100000011011100010101010000000000000000011011011000001001001010001011011011101100000101011011001010000010010001010100010010000100101
011101001100000000011100001101101101101000101101001000000011101100100011001101100000101001101000000101000000010010101000000010100000010011011000100011001100100001100000101000101001001100001001000100101011101101010000001011000000001101001010001100011000101101000011010011000100101000000100100001011010000000010001000001101001001011011101100100000100101100011011000000010101100001101001
001100011000000011101101001100100000100100001000101001010010010011011001001100101101100100000101001000001100010100011010010011011100100011101101000011011001101000010000000000010010010100100001100101001001000100000000101101010100010101000010011101000001010010000011010101000010101100000010000010001000000100100000011100101000001100000010010010101011100010010001101010100101100011011101
001100101010101100000001100000001101011011101100100010001010011001011100011000000100000000011011011010100101101010010010100000011000011101000001010010010011100100000011100101101001100000000000101101010011000001011010001100001101010101011001010011010101010001010010100000001001010000100000101011001010000101100000101011101000010011001011100001000001100000010001001101001100010010010101
101000101010010011001000010101010010001010101011001101101100000001100101010100010101101011000000001101000011011011010100010100000010001101011100001010011001000100100100101000000011101000000100100100011100010101100011100010101010000100101100100011100100101001000100101101000000010101101010011001100101010000001011101101010101000100011100000011001010011011101101100101001101001010100100
000000000001000000011001001011011010010010100011101100001011101011100000010010010001001100100011101100011011101011000001010010011001010101100011000010010011100100001000001010000100010101001001100000101101100100011101100000101010100010001100011000011010100011011100011011001001001101100100010000010000010000011100011001000101000100000010101010001000001001000001101010100000101000000011
000000011101011001101000010100000100100100101010000011101100100011100001001011010100010010100101001011000001100000001100100101011101101001000011011011001001011101010000101010000001100100001101000011011010101100100001100010101000000001010001000101010000100101011000011000010010100001010100100010101000001011000011101101000101100101011011010001100101011000100000010011001011101000010001
001100000001010001010101100011100011101101010000010010100011100011000000101101011001001010011100100001100010010000101101101100010010001011100100011000011010101001001001010100000001010011001100010001100100010010001001010010001011011000001010010010101010000001000101001100011000000010101011011101001000010100010100011100000101001011101001100010011100001100001000010100000011101101011000
011001001010010010101000101100101010000011011010001010001000010001011100100011000000000000011010011000101001011101001000011100010000000010000011010100010010011001011000001001000100101000011101100011010001010010101010000011010000100011010010010100011011101010101000001000010011101001101000101010101001100101101001000011001010001000000011001101011001100101011100001010001010001011010101
010100100100001100100011101011001100101100100001101000010001101100100001011001010011001000001011010011101101010100100101000000010001101001101010101000101001010101100010100001000100010001011001100010000100100011001100100100011010100011011011011100010100101011011010001011101011001011011001010011100101100010001101011101000100011000010000101000101000010101011100100101010100001001101100
000100000100100001000101011001100001001011100001001010100101001001011001100101011010010101011011100011011000001100011100010010100101101000001101001001100000000001000010010100010000100010001001101011101100010011000000010010011100011101100101010101011000001010001011101011011010011010100011000100010010001010101001100010000011010001101010100001001010011100010001001010001010011101000011
000010011001010011011001001011000100001001100000010000011001100100101100011001100001011000000101001010000001011011010011000000011101011001000100001011101001000001001101100001101011010010011011001100101010010101100010000011000010010011011011001001100000101011001000000000101011101100001010001001000000001000011011000101010001000100101010001100100000011001100011000000001000101101100011
010101010001001100010101000011101011101100000101010011101011100000000010100011010010100001001010101100010101010100001101010011100001010101000000001100000100000010000100101011010001001100100100001010001100001000011000000011010100001010101010100001011011011101011011000101100000001011000000000010100100001000100101010011011011000000000100011011011011001010001100101100100001001011011000
010010010011001100011010001000101101011100001010100011001101101101101011010101011100101100101101000100101001101000001001101001011101101000011000100011010101011100100010001101010101010010010101101001101010000001100100010011101010010101001010000010010101011101011001100101101011001011010000010000100011010011100100011000101000000100011100100001001101001101000000101011001010000100101101
000010101101000100101011011000001101100001010001010011010100100010001001010001010011010010000000011001010000011000010001010010000100000001011101100100011011100100101001011011100000101011000100001100000000001000011101011011000101011000100000000010011000000100100100000011101011011101000000100011101001000100000010001100100100010010000010001000011100011001001101011000001000001001000000
001101001101000000100010001001000010100000100010011001010011101100001010000010101100001100100001011011011011101010100100000010101101011101101101000100101000100101001011100011001100011011001010011011000011101101001010000000001000001001010001000011100001101001011000100101100100100100101100101100100010001000001101011000011101011101010011001010100000001000000010100101001010100000101000
001000001001011001010001011000011011000101011001010100010001010010010101000101000000000101101001000010100001100010001010001100101001000100101010101000101011100010100010001010000010101101100100011100011001010011000101011010100001001011011010000010100101100001011011010000010100101010001101001101001000001000010001001010010000011101010001000000010001010101011001010001001000010011010011
010100001100000010000100101000100011000010100000001101010100010001001100010000010000010100011101010100100101010000100001101100010101001100000101000010001011010010011001100101010010100101010101001011010010001001010010100000011100011100000001100000100100001001011000000101010010010010001010101001100011100010001010011010011011001001011001101101000100100001100101101100101001011100000010
001011010010011101101101000101010101010100011001100010010010001011001010100100100011101100010101010100001010000100011100101000011000001000001001000000000010000101011000011000010101001000001101001011011100101001000010101011100100101011101101000001100011010011010101010001100001100010001001000011000101000000000010100001011100010000001001010001010101100101001010100100010011011011001100
011010011001011100101000010101011011000000010000101100010101000100100000100101010001011000101011010100100011010101101011010000011101010100011011001011010001100100010100000010010101100011010100010010100011000001001101100000001100101011001100010011011000011010001000001101100101010010010101011001000100000100001000010000011001011010100101101100010100010010101001101001001010000100000010
001011010010101100000011000100001100100000000000100000101100010010101101010011010001011010001010000011000010011000001101010000001010010001101000100000000001010101010100011101100001101100101000101001100100000011001011011100101101101011001101101011000010000001100010011100101001000100010011001011000001101011010011101001001011011100011011100001101101001101000010101011010001010100000000
000101001010011011100010001010011011100100011010001000101101011100011001000001101101011101011011010000000100000010100001100101011100001011010101010011100010010100100010100001001011011010011000100010011010000010100100010011100010100101101001000001101001101011010101000010011000000011100000011011101001000001001101010010101000000000010011000011101100001100100011011011010100101000010101
001001100010010100001101011100000101010100101010010001101011100101100010000000001101100011001001000001100001010010000101101010001100001011001100010100000100001100010100001101101001000000101100011001101000100000100000101000011100010101101010001101100001010010100000001001011000011100101011000101101011011010100101001000000001010011000100000010001100001101010011100000010100000011101000
000011001010011010100000100000000001011101011100000100100100001000101101000011100000101100001101011001000001100000100101100001011100010101011001000001011101000010000011100000000011011100000010101101101100100010011101000100001011011101001011010101101011100001011010100001001101100010101010100000101001101011010100001001011101100000001101011010001101101000101101001010010100001101011100
001001000100000011001101000000011010101101101001011001001000001101010011100011000001101100000010100001010000011000100011010011101001011011010011100100100101011100000010101011000001000100000001000000101001100011010101000101000010101101001100001000011101101010001101010011000101011101101011001100101100101011011101000011101000000001100011000100101000101001011001010000001010101100100100
010101001011001100100101011010010000001011000010101001101000011000101011011011101001011000001100101100001000000000011010010100101001001101011001001010001001010000000100010100011100011001011010000100010100001011100011100010011010100101000011100101010001101011001000100100100100000100101011001101011101010000001100001000100000101101001000001010101001010101001011011011010101000010011001
010001010010010010010000011101011101101001101000101011101010001010101000011010101011100001001001010001000000000100010010010000010101100100101000100011010101001001010001010010001010100011011000010000010010100001000001101000000011000011100010100000101100011000101011000001011100001100000001001001011010000000000011000011011001011000000011001100100001001100100000010101011000001001101011
011001010000010011101010101001000001010101000010101101000100000010010011100100001100011001001100001101010000101011010101001000011011101011011000000000101100100000011001001101001001010101001010011011101000101101001000010011001000011011000001001011011010000011010011100001101010100001010000001001001001010011010100001001101011000100010010011100100101000010001011000010100000100011011011
010101001011010000101101101000001010001100001001011011101100010011010010001100010011100000000101100000100101100011100000101010101000100001000001101010000100101011011010100001000000011100101100000101001000101001011100100101101100011010010011100001101000101011000011010100001011010011100101101100100010011101100101101100100000001100101101001100001011011101100100011001101011100101001011
011001011011010100011011000001011001001011000101001000001001001000000100000100001010000010100100010001001001010101100011011101101100000011101101100001101001101101010010100001000101101011010001100000001100101001000000011000100001100011011000100001001101010001011100000000011000010100100010011001100000011010011101010000011011101001101100101000100011010001100011101001000011101001001101
011101001101101001011001010010001101000000011000011010010101001000000101100011101000101001100010000000001010010010100101001101100010010100001100010010010011100101100010101101011010101011010001000000001100001100100101000000100100001010010000011000010011010101011001010010000100101000100010000101001010010100101010011000010000100010000100001101100011101011011010001000011001010001000001
001010101000000101100101001011010000011100101001010100100010010100101010000100011011000010010011101011011010100001001010101000101011101100010101100010001011010101011011001101100010000011010100100100101001000101000000100001101100001010000101000001010001100101001001101100000001001000011010000001011001011100011011010010001000100100100101011011010000010100000010101010101011100000100010
001100011100000101100010101001001001001010011100011101011000010001011100000100010011010011010000000010000000001001101101101101101010010001101011101000100100011100001010000010001000100000001011011010011011000010011101010101000100101100011000011101100000001101100000001011001001101000101000001101010000101011010000100010101101101000010010000100100101100010100101010010000001101101011001
010001101011011011001101010101010010011101101001000100000100000001010011000000011011001101011001011010100011010101000100100011000011001010000001100101001000100000001100100000101010010010001010011000100000101101000010100010100001011101100100011001101100000011010001001010101010001000100011000010010011000011010100011010000011101101100000101011100101000100000000000011101001100011011101
010000100100000010101100010011011100011010010101101011100001001100011101000101101011001100101001000000011010101011001001001011010001001100000100010101101011000101101101001100100011101100001000011010011001010101010101101001100011100001011011010010101000010001010000010001100000100101100001000101011010100011010001100001000000100001001010101000101101101000100010100100101100100100011011
011011100100011100011101011011000001000010101011101101010000010011001011101100000001000101011010101011100100100100100000011001001011101001101011000011100010101100001001001000100011100010011010001011010101010100010101101000000010001101011101011010101101010100100011000010011101011101010101101010001010101011011010000101010101011001011000011100010011001011011010101011001100001000010001
100100100101001001010001010011000011010000010001010101011101010101010101101011011000001101100101001001001101001011010001000010000010010011001011001100101100000011100010000010101001100000011001100001001011001101001011011011001100010010001011100000000010001011000011001010000010010010010100010101100101100011001101001000001010010011100100100010100100011011000001011001101011001000011011
010000100011001100101010100101000101000001100000001010100100001001011101001010100010001010000100011100101010001011010000001001001011001101101010101101011001011000001011001101010001001101100011010011011011001010001000000101011010001011101000101011001100010011001010011010011010011000000000000000011011101000010100100100010000011100011001000001101001011010001010011100101000101001101100
010101000011101000010001100000101000010101010011001001001001001101001011001001101000000001001001001101001001011101000010100001100001100100011011101101000100000100001001100010101001100101101011100001011000101010001001100101100001001010010101010000100001010101001100100000001101101000100010010001101000001011010010011010101010101000010101010100100000100011100010011100000100101010100100
101100001000101100011100011010100000010101100101000101001101011011001010100100011010011011000011001010011011100010001000101000011010000101001100100010000001001101000010001011011000011000100010011100100000101001000100001100010011001011010100101010100001000101100001100011010001010000101001010100101101100100010010100010101101010001101001100001010001010000011100000010100001010011011010
100000100011100010100000101011011010010011101000010100001100001100011001100000010011011100000010000011000000011101011100010101010011010011011000011001100000001101100100101011000100100011000011101101101010011001101010010001101100011010000101011100101101101101010101100100011010011100000100011011001011001000100000000001010011101010000011011100010100010001011100010000100000001001001001
001000010011100000010011011001001010011000000010011011001001001100100011011011100010100010000010101010010000011101100011011011000010001010000001000011010101100100000001010100101100001000010000011010101101100001000011010000010011001000000001000010101011010010001001000000001010000001011101001010001011011001101011100001010011100001000011011011101100011101000011001101010010101011011001
000000000000101011100000000000001101000000011000001000001001001101001000011100001100000000101000010000011101011101011101100011001100100010101001101101001101101001000000100000100100100010101100100010010101001011000010001000000000100100011011011101000000101011011001100100101101011010010101010001100101101011000001001010100011100101010101001010011011100011011100010011001011010101001101
011101101100100000010010011001100010011101011000011100100001100100100010100100001011001100000000000001001000010011101101010001011100001000101001011010001001011000010010100001001000001001010100010100000100101011101101000101000100000101101000100001100000100011010010011100101000000000000011101001000100101101100001000010011100100010000000000101101001010010001010000101100001011000001100
000000010000010101010001010000010010010101101010101000101000010100101000010011100100101100010101101000000100101010011100001001101100001100100001100101010001000100001010000100011100000101011011101001101001101101100000001101100101000101100001001100001011101101100010010100100001001011100010100000100101011000010011011010100100011000011000011101100101000101001000010001000011011000000100
011010000010011100100010100011011010100010001011101101101000001010000100010001101000100100010101010000011010101101000000010001001001000010101100100000100100001000010100011000000011000010101100010011010010100010100011000101010101001010100010101011011000011000101001011001011000011010001010001101100010010000001101001000011101000100010100000010101000010010100011001000100000001000001100
011011010100000101000000010011001001000010100000000010101000011000101000101011010001000001100011010001001010011000001010001101100000000001011000010000011001000000100101100001101100000100010101001000010011101011010000001100101000001000101011011011100011001100011101001010100100001001100001101010101011001011001011000000011011001000100001101100100010010011000010001000000001011100100000
101000001101100101000000010100100000011011101101100011011000011101010001100101000011010000101101011011011101010101010101011011010010010010010001011000100010101000001000100100010011011000101100010100000101100101100001100000010100100000011010100001000000001011011100011001001101010010000011000001001001000001000001100100000010001010101101011001010100010100011010100101101000010000000000
100011010100011010011100000101101000011011001101100000000010010101010000101000100010101011010011100100101011010010000010101000001101100101011011100011010101001000010000001010100001000011000001010010001010011001100010001011010000100000100101100101011001010011001010101101000000000101000101000100000011100000011000010100000011000000010100001011011011100000100010101010010011100101100101
000000101000011011001100010010000010010001011011101000101100010000001100010010011101000000010000101101000000001000100101010011010010001100101010011011100100011001010010001011001101001011100010011001100101101000011011100010010001101100010001101100001000001010001010011010101100100101100100000011011010000101011011001001101100101000011011100100100000100000001010011101010101001010011000
010100001101011100011100101101001100100100010011100011010101100000001101100001100011010000101000000011000011101011011000100011000011001101001010001011101000101001001001011010000010000001010100101010100101001010100010000010000010001011010100011101011001001000001010010011101010000000011100101000100000001000010100010000011101101101000000000011001001101000100010101001010010011100011101
011011100101100101010000000101000000101101010101010001001000011001000101010000000011001100000011101000101010101001000010100001101100000000001001100010010001011100010000000101000101000011011100011101000011101001011000100100011011010010011011100101011001000100101000001001001010100100000000001011000101001101010101101011100000100001011001101100000100000000100101101001100100101000010000
010010101011000000000011000101100011000010101011001010001000000101100010101010011100101011100001011101101100010011101001100010101101001011000011000001000001100000001100100000100010101100000000101101001010010100011100100000001011000011010000000100011010100001101101000010001000011101100101011100101101001100100001011100011000000100010011010100000000001101100100000100100100101011101010
001100101101100100101000011010100001000100001010101001100011100000001101001100100011011000100001011010000000000000010001000101001010000010010000001011010011010010000001100101000101101000101100000001001100101000101101101011010101101010100100000100101000010100010100100100100010010101100100010101010100101011010000010101100011000000100001011011011011011010010001100001101100101101010010
100011001101100001100001101001000101101010010000010000010011001011001101100001100000101010101010000100000101011101000010001001100001001010000011100011010001101100100101000101000011011101101100010000010101001100001100001011101100010001101101011011000100010100000011100101001011010001101001010011101101000101101100011010001001100011000000000011000001001010101001000011011101000100100011
001001011000101001000101000100011011101100100101100011101011100010011010010011100000001101001010101010101000001010001101010001001010000100101011010011001000000101001101101011011010100000101010101011100001100001011101001011100100001001010010010010101001000001011101001011001100001010000001101001100011010000000010101101101100010101000010000101000010000100000101100000001001000010011000
011000010101101100000001000101010100011010100101001000010101000001000011100001100100011000010011010000011000011011011000101101100010011000100000101001100000000101000001000100000010100010101001001000001101001011100011010011000011001101100101011010101100101010010101010010010011010000010011000011100000001000100011101101101000011000000001001000101011101011000011001001101000001001101000
010011011100100100100011101100010010010011100000100010001101010101000001101010000001010100010101010000101100101000100010100001100000001010100000010101010001000001001010101001010100100001001010011000011010011101000011100101010100000011001000100010101001101011101101100010011001100001010011001001000100000010011010010100001101001101101011011000101100011010001010001011011000010000100000
010011011101001100011010001010101001100001100100001101101100001010010101010100001011100011011101000001001010101001011010000000000000101010100100000001001100010010001011100011101001001001001010100010100100010001100010011010001001000100010101011100000100010100100011000000100000000001001011100001011100011011011011010010100010010100001100101100010011001101011010100001011011000011010000
100000001010010001010001101101010010011011101000011011000101001100011100011101010011101000101000100100010101000010001001101101101011010010100010011010000001010001010001101011100011011011011100000001010011000001001011101010010100101010010011101011101000000000011100010101000001101101100101000001011001010101100001001101000001101011010100101001000101000000000000011010001000100100000010
000011011100100010010000010000001011010011010000101001100000100101100101100000101011100010000100000011010011100000100100100011010001001001010010000011001000001100001011101011100001100010100010100011000011001100011101011101101010100001101001010100000100101001000101100000001101100000101010001011011001100011011100011000010001101100001011001011100010100010101100100011011101010101011000
101000001000000100000100001100000011101010100001001010100000011001000011010100101100101001100011100011010001000101101001010100000000010101000001011011000011100011100100011101100011000011010010011011101100011001101101010000101001001011011010001001010101101011010011010001011010000001001100011101100100000010001101100001010101101000011011001001000101001000101011000010001001100100000101
101000010011101001010001010100001101100100101001010010010101011100011100000100001010011011001000000100001000100101010000100101000001000001011010100100001100100000011001011011100011010010011011000000010100001011001100010000011010100001001011010100101000101101010101001000000101010001010001100101000001101100001000011001100000011101100000010100101000010001101100100100011101100101011001
010101000010000101100101000011100001001001000010101100011101011000101001001101010101101010010010100001100001100001010001001001000000010100100000010101001101011101001011101101001001101000010010010100001010001010001000101100011100011100000001010101101001011100101010000000001100000010011100000100000011100101010101000001000010100000001010000101101101011100011011101010011010000010100101
101101010100011100011100000010101011011011101011100100010101010010011100100010000011100001000100011001101011011101011100010000001011000001011000011101001001100010010000010001001010011010001001000100100101010101000001100100101100100011011000011101100101011100100010010100101010001101100101000011001010101000010011001010100100011011101000101001010001000000100101101011001000011001100011
001011101100001101000000010011000000001011100101001000001101000000000100100001011010101000000000101010101100000011001101101000000001001011101101011000001100101101001001011000011100000100100001001100011010011100001001001011000100001101001000000001000101010000001011101001100101001000100011011101000000010010101001101011001000010000000000001101100101010100011001100001101101000011101011
001011001100010010001011010000100101101010000101100001010001001100000010001000011100101100100100000000001000100100011001100101010011010010010010010001000011001001001100001000000000101100000101100000001000101001000101010001101010101100100000101010000100000001101011100101100001101001011100011101100000011010000101000101000100001000010011010001001101011010001000100011000100010011000001
010011100010101100010100000011010001101000011010000101101011100000101010000001010000000010011011010010010000100011000010010001101001001011001011011011010100010001001011000010100010101010000011010000000101100001000000001100000011010010000000000100100100011000011001010011011010100100100011101001011101100100010101010101000101011000000010101010101000001001101100000010001001011000101100
100101001001011011001010001011101001100001101100101100010101000100010100000010000000010011101000000001100000000100011100010001100001101010011000000001100100100101011000010001010010001101011101010101101100000001010011010101101010010101001100010001000101000001101010001001000101101011011011000101101101100000000011100000001100001011011000001011100100101000011000100010001010011010000101
010011011010101101100001001000011100001100000010000010100101010010010100101100100001001011011001011101101100010000100001010101101000101100000011101001101100011000000100101010010011011101010001101010101000011001001011100100010000011000011000101011010010100010010011011001000001010000000001001000000010001100101000100000011000010010000101010001001101011000101100011100101010011001001001
010101100001011000101101101100010001001100010001101000001100001001100000011100000100010100000100100101010000011100011101010100011100101001010010001010101010100101101011001011101011000101011001010100011100010101001010001011100010010100100101101000011101101001000011000001010100000101011010100010001000101100100101000011011100000000010011001000011001010001101010100010010011100011100000
011010100001100100010010101001010010001101010101100010001101001101101010101000011101011010100100010101011101100010010001101100100010000011011100101000100101000000101001000000011101001000101101101001010101010001010101011100011010011000010011011101011001100100010000101001101011000000101001010101000000100100101100101010001000000011010010100011101001101001001001101000000010010000101000
101100010010100010100010100000100100000011101100100000000011000011100011101010100011001000100101100101001101010011000010011001010011001100100010010010011101000101100011010010001001000011101101001001100011011100011101010011001001010010000101101100011101000010100101001011101000010101100100000101010101011010000010001001101001100001000100100101101101010001000101011010100001010010001001
001000100101101011010101101000011000000011001000100000010001011011011000011101001011001101010101101001010101000010010011001101011010001101011100011011100100000011010001000101100100100101001011000011010101000011100010001010100001010010010011100010000100100001101011000011100000001001011001100000000011101001101000001010001011000011001011000001000011011010000010011100010011000100001001
001011010100001100011001000100100011101100011011100001011001010100100101000100001011000000001001101000100011000101101011010011100001001000010001100011100011011001010101001100101101001000011100000011001010101001010101101101000010000100001100010000100010001101100000010000011011000100101000001011001100011010000100010100100100100101100011100011011001100000100001100010100010010011001010
011001100101010100000100010001101011011100101001101101101010010001000000000010010011100100100000011101001000000010001100000101000000011101010000101100101001101100001010000100001010000001001011100000010010010000000100100010011011010001010000100000100011100100100001011000001010001000011000010000000001001101100011010000011001101100000010011010001100001000000100001101010010100100001011
010100011100100011101000000100101100010011001101100000101010000011101001101011011100010000010011101010100010100000001001010101100001011101000000000100000011000001011000000100000010000011000000000101010011000010100011011000010010000011001100101011001100100011010011001101010010000010000000101100010011101011010100001011101001101101011000010000101011010010001101000011100100000000011100
001100100010100011010010001000101010101010000000010011101101001011001101000000001100100011010001011100000010011101011101011000001000100000101001001010101011101011011011000100001010100011101000001011010101100101000011101010100000011101101101010101011101011001001001010010000010010011010000000101001010010100000010010101010011011000001000010000001010101001001000000010101100101001010010
011011000000101000011001000000000011101010100010101000010001010100100100000100010101100010100010000100011000010011100011011010010010100100101011101100010011011101001000001011101101000101101101101010100101010001001011100010001101000000100000011000101100100011000010001010101010010101101000100001010011100011011011101000011001000011011011000011101101100011000000001001101001101000010101
100100001100010001001010001100010001000101101100011001001001000000001010000100101010001101100000100101000001010011101100101101010100010001000011011001000100101101010101001000001000011101000000010100000011010010010011100101001000011001000000011011000011011101001010100100000101101100010100011001100000101011000000001001001001011001001000101011000001000100010100000000001001100000001100
011001001000010001010100000010101001011000011000010010100000010100000011000100001011000100100101100010010010001010011011000011100000001010001001010100100010011010100010100100101101011001000011011100011011011000100010011011101101001011100001010011101000001000001101011100001000000010000101010000001000101010000000000010001000010001010100011000101011000000010100101011011010001001011001
000000001001010001001011001001101001011001011100101100001100010001101101000011100011010011010010001101101010100101100011010100011011011010010100011010011001100001100101101001001100001000000000001010100010010000101101011011001100001100101010001101010101010001000101001000100001011001000101100010010011101101001001101001000010001010000000001011101001000001100101011100011100011010100000
000101010001101010010100100101001100000101100000100011010001010011010100011100010000100101001101011101101010101011100011001000011011011100100100010001000010010010010011100011101000001010010010101100101000101011000100101101100000101011001001010001101100100010100001000101101011100011101011011101011000010001000011000001000011000011000000011100011100100100101000011001000101011001010100
001010100010100011000011100101011000101000001010001010100100010101011100010100001101011010011011001011000011100100011010101000000011011101001000010101101010001011000010100101001010010010010001101010000000000010001001010011101000101010010011010100011011101101010010100100010010010101011000101100100011101101010100100100101010000000001100010011100000010101100001011100100000100011011001
011010000001011000101010001101011001001000100100001101000010000011011001001001010100001100010010100100011101001000100001010001011011000101011010011101100000100001001000011100010000011011101100010100000000101011001000001011001001001011001101101000011011100100011100000000000100011101001000001101100100010000000001011010100101011101000011000000000011101100100011011010001000101101001010
100101011100011001001101011011100101000010010100001000011010010001011001000000101011100100100001010100010000101001100101001001000010000010000101001000100011101011001101000101101000101101010101000000011000001001001011010000011100001100011000000100011000000001000001001011101000101011011000100100101000100101000000010101000010101001000010001001100001000011101101010010100001001011000010
000011011000001001011100011101001000101101100000101000011100101000011001001010001000101001010100010001100000101101011101100011011010001000010011011001011000100101101101011010100100011101100101100010001001101101001101011000100010001000010011100101011010000010000101100100101000011101101000101011101001100100100101000011011000101101100011101011001001001101010001101100011101011000000000
010101000011100000100101011001010000000011101010100011100000100000010101001001010101101100100011001100000101010011100011011000100011010001011000000011010100010100100010011001011100010101101000011001010011000010000011011101100001101000001101001011100011001011100001001010101001010011100011001000001100000001000001101100010001010001100000000000000010001011010101101101011011010100101100
000011100000101001010101100101010001101000000011001000100101001011011010011001100000011010101000000011011011000000011101000001101010101100011101000001000010100010001011101010101100100010100001011101010001100101000010011001001101100101011010010101011010000000000001001001100100011010101010101010100101101100010010100101010100000010011001101101000101011001011100001001011001011010001101
011001010001001001100001100010101101010010010000011011001100011000000010011101001001001101100101101010010101001101010100011010100100010100011001101000001011010001101010011101100100010000001100011011100001101101101000011011011001001010001011001001010000001100000010101000101100100011010011000100010001001011001000010011101010101101000101011001000101101010100001100100001000010100101101
101001100101000100000101100010011100000011100100100101100001101000101000101010011101101011000100001011001100101011000001100010011010001011100000011011001010001100001011101011000101101101011001001101101100011001000101000010001001010000011101101101100100011010100001010010100101101001010010000100011101000001011101011011001001010100100000001001100011100001000011001001000101011010011100
101010011001000101000000101000010001100101100010000011011010100001000010101001011010000010000101000011011100001001100011100011001100001101000101000101000100011010000011010001011000001010010100001100011010010001011011010001001100101001000011010010101100011011000100010100010001100100000001010011010010011011000010100001000100101101000101001000100010000100000000100001010010010011011000
001001000000001010101010101011000010001000000010011100101001000000010101101010101010011100000000011011011101101010101001001101100010101100010000101011011001001001001000101001101000010011000001010011001100100100001001011101011100100011001001000000001100101100010100011000000101101011010001010101001010001011000001101100001010010001000001011100001100000101000011000001101010001000001000
000010101000101001011101101001100100010100001000011011011000011011100000100011100001101001001001011011100001100011000101011011101101010000010001001011000010011000001011000100100001000101001001010101010101000101011100100000101100001101001011100011100100011100001011001100010011100101000101100100011000000010010101100010100000000100000011001011011010100010011010100101100000010001000010
010000101000011101100011010100100010011100101010011001001000001011000011000011001010011001001011101000011001100010011100010010100001001011011100101011001001011010010101001100000001011000001100010001100101101010010001000001100101101001000010011011011010001100101001000010100000001000011001101100000010011100010001011010000000010101000100000011011100001100011100000101011000011000100100
010101100100010101101000101010101010100010100000001000101010001011101101100010100100000100011100101010101010100101000101100101000010011010100010100011100000010101011000001000001101100011100101100011000100000101011100010101011100011001011001101000010101000010011010100000011001100001010100000001100000100011011100000011001001100010000011100101010000001100010011100101001100101000011001
010100101011010001101011101000100010010000011011000100000001010101010011000101011011100011001101101001000011001000011100101010000001100000011011000011100001000101101001101000010001001100001010010101010001000101010000100100001101001010100100001011010001101000011001010001000001010100101101101001001100100100100001001100000101100100011101000100011011000000100000001100100101001001100010
011010101001100011101011011100011010001101100000001011001000010001101001011100011101001011000000100000101011101001101101010100011001011001101101000010100100001010100011001101101101011011001100101011101000011100100101100011001001010100001010100011001001100001000010101000100001101000100011101011101101101000000001000010011001000101101011001000010010000101011100001100010011010000001100
000100011011100001011000010101100010101011100100011011101100011101100011010000100000100010000100010001011001011000001100000000100011000000100000010100000011100100101000000001101011000001000011101101100100100100101011011011101101100010010010011100100001100011010001000011101101011001100001101001100010001010011001001000010000010011001010010101000000001001010001100001011010010010010010
100100011101001000011101101011100001101100100001000010010010010100000000001000101011010101011001001101011011011100010001100101101001001001100101101101011011001001100101101001011010101000010001000100101001011101000010101101011101000101100001001100100100101001000010011101010100101101101101101100001100010101101000010011101001101000000100000001010101010001001001100010010011100100100010
011001001000101011000010101001010010011010101000001000001001010101000000001011100011100000101010100010011000101101100000101000010010000101011001010000010011100100011100011011011100000010100000000010100011100100100011001101101100001101011010000010000011010000100100100001100011000010001000010010100011100101000011011010011010011010001000011100010101010100011001000011100011100101001010
000100000000101100100000000011010011100011000100001011000010100000000001100101011100000010101001011000011100000011101011000100101010101100101001000001010010010101011101000101000001001100011010010010000010001011010010011011000010000000000101101101010010100000101001100011100100001100010000000001011101101001010000011011001011010100000011000001011000011011001100001010000010010101000000
000100001100001001010000010100000011000000001000010101000010100100011000000000100011000101010101001100100101010000000010000101000001001101010011101011000010100011101100101101100100100011011010010000010001100001000100100100000101001001010100010000101000000100100001010010011011010011001100001000011010010010011000010011010101101010011101011101010000101011000101011000010001101010101011
000011101100100000000100000101000001100101100010100011100100000001100101001010011000101100100011011011100001010100100101011000101010000101010011001010000100010100101100001010000010011100010000100101101001010001010010100001000010000001010100011001011101100000000101100001011001011011100001011001010010101101011010011001011001000100000001011010011011001001000011010101000011101101000000
100011100001001000101011101000001001101100100101101011011001011101100001011101101001010100011011011101001011100010001101010100000100000010101011010100001100101001011100011101011001000011011101100101101001010101001010010100000101101011000011100011000101000101000100101011100100000001000000001100100011001100100101011001001011010100100010011011010001011000000001101011010000100011100011
000100000010100101100011011011101010100010010010011010101011100010011011101011010000011001100100000010011001001011100001100011000001101010101100011001101100010010011000010010011010100101100000010100000011101011010101101010101010100010011001010011010011011101001011000010010100101001011011010100101001001101001100001101000101001001001001001100001101101000101001100000000100001101000011
011011011000101100101100011101000001000001001001101001100010010000000011010010000011000001101100101101100100011001011011001001011000101010000000000000011001001011100001010010000011100010011001001010001000011100100011010000000000100000101011000010011101000001010100001001001010011100101000001101001011011010000100010010011000100011001010100000100010011101100100000100100000100010010011
000001001011001011001101100001010001010100000010010010100001010101001101100101001101011011100000101000100011011010011101101000011100000010010001011101100000011000010100100100100100000101101010001001000100010000101010100001011101010001011000000101100000000100101000000001010101101010100010100010100010000010101010001010001000100010000011011100000001100101101010001100010011100100011001
001000101000000011010011010011000010011000100010101011101100100011010101001010101000011100001100100100001001101010000011101001000011011011101011000001011011000001101000010000101000101100100000000001101101101101100100011001100100001000010100001100001101000001001000101001100000101011001001101011001000000100101101001100000101001010010010000001101010100001001101000000100011011000001001
101100011101011101100001100001011101100001100011001010010001100000011010011101100001010101000001011010010001010000011010011011000100001100101010010000101000000100000100001000100001100100010011000011000101100001101000101100010100000010001010011001100010011000000101000001000100011000011010101001000000000000100000010011001101010010001001100100100100101010010010101010010001101100100010
000001011010100001100011101101101101100011010101100101000010101100101001000101001101000000010011010001010100000101001100101011101101100000011100100010100011010100010001011100010101100001101100011101010011100011010000000100100011010100011000000000101101101101101101010010011100101001100001000010010001000101010100101000101010000010010001101000101001010011000001011000011011000001101101
101100010100000001010101001101100100010100100000000000011010100010010001100000100001100001001010000100101010100001010010001010101010101010011000100100101011100000010101010010011101000000101001000100000101100011000100101101001000011001010001101101001010101100100101100100100010000001000010100101010001100011100100010101100101100100101001011011101101000010001101100000001000100101000101
001010101101100011011001001101101000011101000101100010011010010001100101100011010011001101001001001000001011101100100010000100010011010010011010001011101101010101011001010101101101000101011000010001101010001001101001010101001101000011100100101000011100001010101100001010101001011001100100101001100011101001010010100000000000100101000011100011010011100100001011001011011001001000010010
010001000011101010101000101000011011010000000100100100101010000000001000010100101001100010000001011101001000011101001011011000010100101101001011000101011001010011100010010001011011000101011100011100011101000100101000101001010011010100001101101101101010100000000001010011100000011011100001001000001011100100010000101010001101000000000000101101100010010000000011011101010000010101001010
000000000000100000010101001010000000001100101101001001100000011011011001010000011100010000101010011000100010011101001101101000101001010100001000100000101011100100101100000001100101000010100000100101001010000100000001100000011001100011010100100001010001001010100011101010101011010100101100001011100011101010100101001011100101100101011000101000010100000001101100010000101000101001001101
100001101100101011000011100010100011010000011010001010000010001100100010101010100011100011011001000001100001101100011010101010000000010100101101010010010101001101001010010000100100010011001100101011010101010101011000100001101010100001001101010100101100011010010000001001010100101101011011011100010011100100001001000001010000001100100010101001101100101100001011101100010010001001101100
101010010101011001101010000011001001000101000010100010101000101100011010011101100101000001000010101101101000010100101011001001010001101010011011011011100011001010010000011011011011100010001011001010001101000100101101010100001100001010000100010000001011011011100001000000010100101011010101011010001001101011011101001001101101011100000010010011011100000001010010101101100101100000011001
101010100001001000100100100101010100010000011101101001001101100100001000001100010001001011000011011011010000001001011011001011101011001011100001100010101100100101000100101000000001001010000000100001000100001011000101000000010001011011101010001100101010000011001101000101001001000100101100101101100101001011100001101100011000010010010001010000010100011011000100101000101001101001000000
011010010010011010100010101011100010010000011011001101100100100000010001001101010010011101010100010010100100010010011001010011010100100101100001001001011100011000100011011000000011101100101001010000100000000101001100010101010001000000000011001011010101100010100010100011101101100001101011001100000000010010101011101011011000010011101011100101100101001010100010001100101010001000001101
001101001101010100010100000100101001000000011010000001001010011010101100000011101101000011011000001000101001000001001100100101011100000100001010100010010010001011011011010101101010000010000010001100010001011011000010100100101000010010001011011011101010100101100010001100100001100011011000010101001010100011000001001000101100000100100001011011100001101000000010011010100000001100000001
000001001001000101100011011000100010010101100000101010101010100011100101101100010001000011101001001100010101000001100100010011010011100000011010011100000010001101001011011011001010000011101001001010101000011000001010011000101101011100011001100000000001011000100101000101011001001001001010001000001011100100100101000010100101000100011000101000010011011100100001001000100000100000010011
100010101000100011010100100101011101010011101011100010010101001010010001010011000000001010100100100001100100100011101011011010001000011001010101010010011100101011010010011001001101001010010000000100000010000001000001010101001010101011000010100010101000000001101010011000100000010101000100010001101010000001101101100010101000101000001001100011100000100000000100001011000101101011011101
010000011010000101100100010011101011001101000001010011010010100100001100100001000100001000000010101100100100100000101000010001010100000101010011000100100101100100101001101000010000101001000011001101001000001011001100010001101000101000100011011001010001101000010101011001000101100101011001011010101000001000010010000101001001101011101100000100010100011100011011011011010101100010101101
011101101001001001100100001001000000101101011101100010011100100001010000010011011000011101010101011100000010100101000000011000001101001100011101011010100001011101000011100010010100011001000101101010000001001100011010101001000010100011101011000101000001000101100101010001001100100011000100001100000100001001000101011101100101001010001000101010100011001101100001101101001000000001101101
001000010100010101000010001011001001010000000000010010100101010000100011100100011011001001010011011000101100001000001101101000101011101001011100010100011101001001101001010101000101011000001100001010101100100000000001100001010000100011011011100000101100100011000000000001010000000010100100100000010101010001011011010001011000011100100010000101010100100001000011011011100000011011001001
100000011010100001100101100010010001100000011100101101010001010000000010001101011001011011000010001101001001010010001001001100011101101010001000101000011011000100001010011010011101010011100101001100001000101000011010011010101100101001101001001101000011001010011100011011101001010100001101000011101011100011100101011010001101001101010011100000010100001011010001100011101101100101010100
011010101001010011010011010010011010010101100001101000001001011011010011101101010001101101011010101101101011011001001101101000010000011000100000011001100010000010100100011100001000100000000011010101011101101010000001000100011101001010011100001001010100000000000001011101000101011001101101001101100001100010100010000000011001011010010011000001011000011001000010000100000011011010011000
000010001010001000011100010001101010000010101101011101010101101001001011011011100101011001100011001011001100010001100010010100000011101001010000010011100000011000001100100001010100011101101001010011000101011001100001000000100011000100100010001100100100001101100100000011001010000001100100000011010000000010001001100010011100101010100011011011000011100010001000011010101011011100000101
100000000100000001101010011011001011000011101001001011001101011011010100010001101011101001010100100010001010101011011000101101010000101001100001011001001010100011101010011011010001010000011101001000100010101001000010101001011100010011010000100011010010100011000010101001010100010001101001001101011100101101011100001011101100011001000001011000010011011100100000001000010101011001101100
001011101010011001011011100001101011000000000011001101101001000010010001011000010011011001010001011100010000100101001000101101000101101011100101100000010101101000010000001101010011010000101001100101001011010100010000011010000011010011101010011010001000001001000100101101011001011100001011000010001000000100101100101001101011010001100010001001101011000000010010101101010000101101101000
001100000001000000010010011011100001101000100000011010001100000100001010011011010100000101100100010011000011100000011000100011011001101100100100011101011001101001101010100100001101101000011100010101001100010100101010101000011000000010010010000101011000000010000011011000001011010011000101011101100100100000001010100100010001011010011001010101011011011010001010010100101101001100010011
100001100101010000001101000000000011001001100010100010000100011100001101000000011101011011100011010101000001100000001001001001001100101001000101001000011011000010001100000000011000100011101000011010011010011101010001011101010001101000010101001100001010010011100011011011011011001001001001101001011000001100101001001101101011010001001001010011100000100000011100011001011100101000000101
001011101101101101001000010100010101010010101001000001011011000010011101010011101001010001001001101001011000010101101100101010000010010010010101000000101101000010010000011101011101001001000010001000101001001100011101011001010011010100000101001011011010001000001001000011100100100000011100100001010011011101101100101100001101101000100001100010010010100010011000101000000000100100011000
101100010101101001000010100100100011100010101011100010100100101011000001011100010011101101011101001101000100101101001011000001000010010011101000011001101001001001000000000001000101101001011010100100010011000000100011101100010101001101011000011100000100000100101011101001010010011011010011000001101011010100011000101010100001010010000100000100010101101000011010011100100100010000101010
010010010100011101010101010001000100101001001011101010001001011011001011011100011101011101001100011001101010000010000000101001011010010101101010000011100100001000100011000000010100000001011101001100001000001100011100100101011100010101000000100101010001100010100101101011000011100001011011101101001000101000101000010011100000011001001100010001101101011011010001000000010011011000011011
011010101011000101010101010010001101000101011010101011000000001011000011101000100001011011011010000010010000000100101000100101000001101010101011100001010010100010011001101101101100101001101101010011001100000001001100000101010100001101100101000100001010011101100001000011101010010000010010011101001101000010011011001001011010000100100010011010011010001001001001010101100100001101010101
000101101010001100001011100101010101001010000100000000010101100011011100000010100100100000000011101010101001000100000101101100101001100100001101010011100010000000010100100100000101100100100101100011101001010010000011100011000101001001010100001001010001011101100001001011101001000011000000100001101100100010000001011001000000011011001010101101000011100000101000101010101100101000100000
010010010000000101010011011000011010011101000001100101100011101011010011101101100100010100000000101100011000000101100010100000011101001011001100100011101000101010011010101001000011010101101001100011000001101011010100001000010000010101000100100001001001001011001011100001101000100100100101100011000010011100011000000101011001000011101000001100000000101101010001000010010011100000100000
001101011010101001101000100010100000011100101101011101001000011001010010001100101010000011100010000011000101011101011010100001000101000000011010100001011011001001001101101001101001011000010100001010010011010101010100011101001101000001010100001000011101010011000010101100000011001100000001001101000100000011011010001011101010011011101000010010101101010001010010001100001001010011101001
101011100001011100000001011011011010100000100000010011000010011001001000010010010010001001011100010000101001001011001000011001100011001100000000100001100000011100010011101000000101101011000101000010100001101000010100100001000101101001100010000000100101101010000001000100000000000010100011000010100101000011010011001101010000101101011001011001011001100000101100010101101011000101100100
010101010000100101001101000000010000001100011010011001011001011000000011101010000000100100000001101010000001100000011001100001010010011101001010100000010011101011101101001011000001010011101011100101100101101100001101100100001100001100001011011101101010010101100101001101000010011010100010101011011001100000100000011101100001101011001100001000101010011101010001101101000011100000000101
101011010000011000001100000011101011101100101001011000101001000000101001000010011000010100011100101101010101001000011010010101001001001011001000001011010000011011101000011001000100100001000010011011100001101010010010000001010101101000101001100100000101010011100010101101001010001001011011100100000011010100101011010101001010001001100101100011011001010010101000100001010100011001001100
100001011101100100001011100011000101011101011000101010100010010101000011011000011101010011101000100100010101101101010100101101100100010001000000011010100000101011001101000000101011010000010000000011101101101001010100011000001000001100000101100011001011001100010101001100010010010101100010100100010101010000100101010011010100101011011100100011000100100010100101011010011101011000000001
000000000000100100011101000100101000100000100000101000011001000010001001001101010000010100100101010010011101011100100010011000000001010100000010011100010000010000001101010101101001100001011101010101101100010100101011101011100101101010101001000100000001000000011001010100011011100100011101010011010100101011011011101100101100011101000101011011100101101100000001100100000010000100010101
001100001001001010010001100001011000001010101010000100000100001000100000001010011001011101000010000101011001101100101001000011000100011001011011100100011000010100001011001101001001011011000000000101101001011101010101011011101011101010011011011101010001101101011001100000000001010011000011100011001101101010011010011100010011100001000011100000100101011010101010000001100100010101000101
100010011010100100101010001100000010001010000100010010100001100011100011010010100011011000101011000010101011010100010000100010101011010001010010000010101011100000101001010101011000101000000011100100010000101100001001101100011101101010001001000011000100000101000010011010100100000010011100001010001100100101100001000001011000010001001000101101010101001101001001100100000001000011010010
100010000001010011100100101011011000010001001101101100001010101101000010001001101101011001011100010000001100101010000100100010010100001100001011010010010000010101100100101011000100011000001100010101100001001010011000011011001011000101010001101001001100010011000010001000000010100011000011010100101010011100000011100100011011101101010011011010101010010010000011011101000100100001101000
010101000011101100011001101010001011010001101011010001101010101001011000000000101100010001101100100011100011101001011101101101100001001011001010000101010100100011001000010101100010100011011010001100101001010101000001010000100010001101010000100101100100000011100100101001100011100001101011001000000010100010010000001101101101001010101101101001001011010101001011101001010010010010011101
011000010100001000100000000101000011101101100101011100101011001010011001011010100011001010001100000011100100100000000101101011011100101101011011000011000000100011100000100100000100000001001000000011011001100001001010101011100010101001010100001001101011100100101001000001000011100001000101010101010010010100100100010101101000101011010000000001000000000001001001010100011001000001010010
011100010101010100101001010010010010010000000011100000010011000100011000100101000100000011011000001001100001101010011011001011101011010101001001100000000010000101010000101100000001101010101001100101011001010001100101010000000100000101001100001010101001010001101100010010000100000000100011100101001000101010100101010100100011011011101100011010000000100100010011010001001101000010011010
010100001100000100100100000010000001011001101101011010100001001000001010100010000010001101000100100010101000100000000101000100101000010011001100000001100001101001001000000010001011100000001101000000010101101101101000101000101001000000101101011011011010100011011001001011001101001001011000101001100010100101101011000101000011011100101001000000010101101010011010100011010100010100011101
001010010010011000101100001011011011000011001101101010010000011010000010000101101011010101000010101001001001000001101001011100001011100010000100000000101010101101101001000011100011010011100011000000010010100010100100000000011100010001001000101011101010100001000000001011000010011000010100010100000100010101100000101100101000100001101011101001101010010001011010100001100011011011101010
011101010101011100001010001101010000010100000000011001000000100001100010101000001011011000000001010001010001100100000000101001010000001000011101010011101001001010101010000010011011010010000000001010101011001001101010101101100101001011101100101101011001011000010010100000001000001011011001010001000011000000101011100010010010100000100101100010001101100101010010010010000001100000101100
100101010010000011011100100011010100010001001001011000000010001001100000100001010000101010100001100001000010000000011101100011010011010001000010000101100000000000000101011010011010101010000010010011000001010001100000010101010011011010100011010001010011100010010001010000010100000010000001011001011100101011000011001010001001101100001101000011001001101011001101010011011010100100000100
000010100011011010101000100011100001100000100000101001011000011001001011101100011100000000101001011100101001010001100101000100000010001000101000100010001010000011100101001001101100000010101010000001001011010011000011010001001001001100100010000101100000001100011011101001000010001011001010011100100100011001100101011000010101000100101000011000100100010100101000000011100100001011100000
010100010000000000100000000100010100100101101000011010101010011000000000100000000010010001101011100101100011100010101000100100010001000010000000101010100011011001000000000010011101001001001000010100101011100000001100000001001011001011010011001100010011011100001101101001100000000100101000001010101010100000001000010011010001101000001001010000001010000011011011010011010010000101101000
001011100100101101010011010000101100010000011010100100001011000010100010011000001000011011011001101101000101010001101010010000001100011101100000000000011100011100011011000010001101000100001100101010000011010011001010010011101011010000101011001101001100011011000010001101101001101100100000010001100001011001001001010010000100000000010000101001100011000101101011101101000010000100000001
011001101001010011000100000010001010101100011000011100010011101001000011010001000100100001100000011000010001100100101000101100001101101101100100011001001011000010011011011011011100001101011100001101101000100010010101011011000101000000101101100100001001000011101100000101010010010101101011100011001011000000100001000011001001101100000100100000001000001101100010001100101001001100010011
000001101001101011101011010011101101001000000000101011101100001010011001011100001011001001100010010100010100100000010000001011011100000011100000101001001101101000100010011100000010010000100010101001011010001001000000101100101100100010010010010101010101011011001001011010100011001011011101000011101010001000000010001101101001001000011011001000010000010000001100100001010101100011100001
001001101101100000100011000001100100001101100000100011011101011001100101101100001100101010001000011000000001100010100001101010010100001001001010000001100010010010010001001101100001010101101010011011001101011100100100011000010101010101101101000010101000001101001011010101010010001100001010100011000000001011000100001101011100011010100011001011100001010001000100000011101000010100100100
100011011011010010001011100010001000000101101000011100001000011101011010001100011001001011010000011100000001011011001101101100100100100001001000010100101010010010101101001000001101101100100011001011001011101000001011011010001100011101100011100000001010100101011101000000000000101101101010101000011011000001101000011011010100011001000100001000000000101011010000101001101001011000001100
101010011000011011000000001100001011100010101010000100011100010000101011000100101000000011100100001001010010000101011010100100101101000011001001101100011100010000000101100011001001001000101000001010100011001000100100010011101101010101010001100101100000011101000011010010100101010010011001000000011010010101001010000011001011000001101101100010001001101100101010011000101001010100011011
101101101001000101101101001010010001101010011001011101100101101000001101011000001011100101100001010011011011100010010101101001011001000100011101001011000011001001011101010101011011100101011001010001001100011011011001100101000001101010010101000101101000001100100001100011010000001011100010000000101100101011010000001101000010000100010100010100100101010010011000100011010011100100001100
001000100011010100000101000000100100001010001100011001100100010100100001011011001000001011000010100011011010001100001101101100101100011001000010011101001000000001000101001100010001010000101011010101001011100100010101000100100001010100101000010100100011011000100101101011100100001011101010000011101000000010001011011000011011010000011100000001100011001101000101101000010101011100101100
001001101011100011101100010101011000010010101001011101000000101011101011001101100010001000011000000001011010011001101010101101000010101011001100001000001101000010010011011010011100101000100001101100101010000001000101000001010000100010011000010101011001001010000100101101011001010100011010011011001100001100010000001101101100100000011010001000011010000011000100011001000011011101010101
010000011000101011100010010100011011101101000001010001001101000100101101011010101101011000000100100100100011100100101010001000000011101000000100000000010010010000101000011011010001011101000101101011000100101011001000001101010011010100000101010001001000000010100000011101000000011100010100101000010011100101000101000100001100011101011101000100000011101101010011010101001100000000101000
000001010001101001101001011100010010100010101101001100010011011001000010011101011010011000001101010100011011011100100010000101000100011011000000001101000000010101000100001000000001101011101000001100011001100010100101010011100000000100001100100101011000101001010011001100000101011011000001001101001001000001100000101101000000001000000001000101101100101101100010100011101000000011000100
010101011000010001001000001101100000000100010101000000010000001011100000010101010101010101100011100000100101011101100010000001100101101010000100100011000001011000001011101000010000000101000011011101000010000011100011001100100011000100000101010001011001000101010100001001100100100011011010100010011010010011011010010100001100010011011001100010101001000101001010010001010000001011000011
101000100010101010101011011010000101000000001100000001000001100100100011101100101010100100010101101000010000100001001000011100010001100010001100100010100011000100100000011000001001000101000010000011100011010000000010010100011011001101100001001001100101100000000100001100001101010100100101011101100001010000101010100001011011001010010011100101000001011010011000001101100010000101100000
011011010001101001010011001001101001001010001001011100001101101101000101011011100101101001011011101001001010011101010000001001000101101010001010100000101011010011101000100101011001010011100101000001000100010100011001011011001010001011010100010011010100100010010100011011000100000100011001100101011001001100101001100101011000011100101010010101100011001001010010000001011010100101001001
010000101010010001001010011000001001001001001000000100100100000101010000011100001011001011001100010011000010001100100011001010010001011000010001010101000001000100011000101100101100010100100101001001011101011000100100011101101011101000000100000001011100001000011001100101010000101010000010100001001010000100101010011101010100101001101010100001000100100100001011011100010000000001101001
000011100100011000001011100001001100010000011101010101100000000001101001101100001000001010000101000001011001001000101101100001010100010101000000101001000001010100000001100000000000011000000010100011011100000000010010011011101100101101000001100000000011000100000011010011001000101010100010100101000010100000010011011011101010010011000010010001010001101010011001101100000101010101000000
001101100001100011001000010010001011011101011010011100010010101011001100001101001011011011101101000101101010000101100011011001010100100101001011100011101011001001100011011000010100011011011001000010000000000011011000101011000000010100011000100001000011101000010101000100011011001001001100001100011010101101100011101001100000101001000100001001001011101010011101100100001100000101101001
100000000000010001100101000001000010001101100001000101011000011011100010001010000100100011001101100100000100100010100010001000100011010100011101001101010010001001100001001011100101100100100101100101001100001011010010000100011011000000011000100001100001100001000000101001001101000011100000011000101101010101011100100001001101100001101001100010101001100001100101011001010001100011010001
001000011001011001001011100100000101100101101010011101010001010011010101011001000100011011010000011010010010011001011011000100011000010000000000001100100101001001000010000001001100001100100100001001011100000001011001010010101011000010001101001001000011000100010101010000001100011001011100101001011100000100000100001001101011010011010100000000100100100001010000100100011010000011101101
100010100001100001101000100000100000001011010011100000011101010011011000011100011011001010000101010000100000001011010100011000100101001101010001100001010000101101100001001000100011001000000010000010011010010010101010101000000101010010100010100101010101000001010001001100101101001101000101100010010000100010001100011001011011001100000100011000001101001000100010011101000101100100101100
010001100101011000001001100010000101000010101001100001100101011000001011010011001010100010001011100010011101100001101000011011010000000011100101100100000010001011010011001101101000011011001011001101010000101100010100100101001001011011000011100011001000000011100101100101010011000011101100010101000100101100001100100000001011101001010100000001011100100011000011010100001010000010001001
100000100001011100101001011000000000010001100010101100100000000100101000010101011100001001010000100011100011010001000001000101100001000101011011000100011000001001011100010011101000000100100010000100001011101100101000011101011010001011100011011000010011011101001100000001011000001001000000001000100101101011010000011001010011011001001010100011100001100001001000100101000001010000011000
101010100011011010010001100011101100101001101000101011101011010000001010101101010101100001000100100010000101010101000011001101101000010000000100000001000010001011000100001011000011101101001001011101001100011101100101010010011101000101100011000011000101101000011100100010011011100000001101100000011100100100011011101011010011001011011000010010100010001001011101000011000011101011101010
011001000100010101010100100100001100011100000000100000011001101010000010001001011101001100010001001101010011011010100000000101101001000001010010001000101101101001011100010011000101101010010000100011101100011011011010011001000001101100101000011101101001100000101001010011100001100010100100011000101000010011011011011011100010001100001001101000011011101011100100000100100001000100001001
100101000001001101100010101101101011010001001101100001011010011101011000011101101011000100001011011001000010100101011000100000000101010101011010100001100001101101101001011011000001001000000101101011101100001011011101100011010000101100010101000101101101000000100011100000011000011100100001101100001100001101100101011010101100010000000001100011000000010010010001101010000001000100011101
101011100010010010000100100011010101001000100001100000000011001011100000010010000001001010011011011101001011011000101001010001011001101010101100010100000011101101000001100101010010101100100001001011010101011010001000100010011101010010001001010101010011001011001101100010001001010100000101010101001001010000100010000011010011101010000000101100010011001011011011011001101101001000011000
011010101001101011001000100010100100001010101101000000000100011001100011100001010000010011101101000100101100101100100010010010011010101011011010011001011000101011001001011000100011010100001100100011011100000010100010100101011011000000100011011010001010010101010000101001001000010101010100001101001100100000010000100000001101011000100010010100010011100001000101101000100011011010101100
100000010011001001010001001101000100100001001010011100101101101101100100001001001100101001101010010101010100001010011100010011000010010010010000100101011100010100011011010100001011001001001000001000001010001101101101000001010000000010010100101101100010011101010100100010010001000001010100011001011010100010011000100011101011001000100101001000001001000000000001000011010011010000011101
000000010001101000000011010001100011000011010000000100011001101010010100010000101011101101001000001010001000101001100010011000001001100010011010001011011000101000001101010011101010011001001001100101010101000101010101101011011011010100101101001101011011010010001010011100100101100101100101000000000011101011010011101000010011011010010101001101000001010000000011011001101100010010000010
101000011000100010100000100011010100011010001011000000010010101100001100000011000011001000101011101011100000100010101011000101001100100001010100101000001011010010000010011001101000011001101000101100101101101101010010100000010100100001010101011001010010101011010000011011001100100101010010001010011000001001100101100011001010000101001001100101100011001100010100010000101000010101100010
000010100100101101100011101101011011011100010001100101101100100100100011100011100100011011001011000011001001011011010100101101000011001010101001100001000001011100011000000101000000000101100010001011001000101100101100011010010100011101101001100000010011100000010100001011011001101000001011101010100101001010101010000001000101000001100100101000000010010101100101011010010011000010100100
010000001100010010011001101011001101101011011010011100101001000100100011101100000101100100000001101101010001000000010000011010010000010010101001001100010101001000100010010010101001100010101001010010000101100101011011011101011100101001010001001000100010001011101011001010000001000000000101101011001100101100010000000100101001101000101010100001100011001010000001011101001000101011101000
001001000001100011000000101101011101101001101011001011101010000101100100001101100100000100000000001000001011010001101010000100100101001010010011101000100001101001000010010101001100101010001000100100011001001010010001010100101010101000000001010100010001100000101000011100011001100101101100011010100101010011100011010101101100100011011010101101000001000010101101010001000100010000010100
001001000100001101011010100001101001101010010011000000000001100101000001101101010001010010100000001100010100000000010001001100000001001011011011101101011100001001010000101000000001100000000011000101001101010011001000000010100011100010010011100010001000100001011100100001101101011011101101010011101101101101101001100001010011101000001001001010101010000010010010100000100010001011101001
101011010101100010011010011010001011100011000011010001100001001100010000011101011000000010011011000010010000010001011100011011100100101101000101001011010010100100010000000100101100100001011101001100001001100001010001101101101011101101101010010001100001011010010000100010001000011100000101011011001011001011011000100000000101100000101001100000000011010001010100011101101100001001101101
011011011001101010000011011011010000000000100000010011100001001000100000000101011101000001011011011101000000011100010011000101001001010010010010000011101000000010011101100101010001001101010010100101000000011001010001010000100011010001011001010000011001001000011001000011011100011000010010011101001000101001011100001000001101000101001101010100011010001000010010000000101011001010100100
010010100011001000011010001011001010101000010100011000001011000011011100100000101001101101101000000011010010000010001010011000001010001001010011001101000101100010010001100010011001001101100001101000000100010001101011010101000100010100010011011100010100011101001010010001011100101010001011000001011100101001011010010010000001000100001010010010010101010011011000011011010101011100101010
011101001001101011101101001100011000000011001011000100101100100100000000101011000100101011011101100001100001000100000010010101010010000100101101010001100001000001000101001010100011010001100010010011000001101000000001011011001100001011001100100101100100100011100001000001100101010101011001100010010010101100010010010010011001011010100101001001010011100001011011001000100101011100001101
001010011000001000101011001010000101100010011010001001011011010011101000010000101010001101011000000100000010011010001011101010000010000011011010010001011100010011000011100001100011101100101010001100010010010011001101011100001011011001001010000010100010010001001101101011101100011100001010000000001100001001000001000011001100101100101011000101100011011001011101010001010100010001011000
100101011010000101100011010100001001101001000011101000011000010100010010011011001011011000010101000100001000010011000000001001000010100001101101001011010010000101011011100010000001000001101010010101001010000000100010000101101001001001101000000011000011011011100001101101100100010001011010001000001010000101001101011101011000101001101011011011000000011000101000011101100101100011011010
001101101000001011000000010011001010100100011100010101010001000000001001101000001100011010010100001011001011000100101011000010001000001000001100011001101011010011100000000000010001100100010100000010010010011000001100101101101011101001001101100101101011000100010010101101100101000101000001000101100001100100101001010100101100000101101100100010010100001000100011011100010010101010100001
100011011001100010010011000010101011100010100001000101100001000100001011101000000011101001001010000011010100010000101001100011100101001101000101101011011100010010001000100011000010100011100010100011100010100001010010010001001100100100101100101010011011011000101101101010100000100010010001011100010101011010001010101000100100100101000010101011001010010000100011001101000100011011101001
011101011100100100000101001010100101101010001101001011011100000001011001100011101100001101101000101011101101100100100000001000000000000101000011011000010100001001001010100000001011001011010001011011001100100011101100101011000000101010001100010000000000101101011001010100101010100010100101001011010101010011100000001000101010101011010011001000011011010001000011011000100011101010001100
001001011100101011101101000011000000000010101101101100000011001011011011000100011100100100000101101011010010000101101001001001100010011001010000000010010101000100000100101010101000101100010001001011010011001101101100100101000000100010000011010000011011101011101001011001100000000100101101011101101101100000010011001000000010101011011100010100011000100100100010101100001011101001010101
001100001001011101001011101001001101101010011000001101010001100001010100100100100000011101000101001011011101101010101100100101000010000000010000011000101100101001001000100101001100001100011100011000100010100101001001101001011011001001011011011000100011010000011010010100000001011001101000000011011001000100011010101001011001001000011011101000010101010011001011100010101101101101000101
100100010000100001001101000101001100011001000010010011101011100011000011100101011100011101011011101011001101100011010001000010101101001010010101101101101101011011100010010001100101100000010000011101101001011011100100100010011011010011101011100100011011010100100101001011010100101010010011011001000101011011001010000001011101101011011010011001101001010010011101001001011000000010101010
101011100010010000100000010100001010101000100001010000100010101011001101010101010011000000000100011011010101001001010100010000001000101100011101100010001011000011000011011001010010011001011001010011001100011101100001101010001010101100101011011010001000101011001011100011010101100100101001100101100100001000101101100001001100101011011000001001000000011001000010001101001001001000000011
001100000000101010011101000101101000011000010001010001011011010001001101100000001101001001001100101010001010101000000011100010100101001000101011010100011000001011010010010101000001010100001100100000000000100000101100101001010011000011101001000010011010011011010100010010101001010011100101001011101101001100101000000010101000100101011001101101100100011011011101101100010011011011100011
100000010101010001010100001000101100100001101010000010011011100000001000101001011101000100011100010001011011100001011000010010010001100010011100000100010001101001010001100000001011001000011011001100000001000011001000001011100100000000100100101100011011101000011100010100101100010000000101000000000001100101001000010001010011001001001100011010100101100101100011000011101101101101000101
001001101100010001010000010010000010000010100011011100101010000100100000011001011100010101010100100011011000010010010001010001001100011100011010011001010011000010001001100000101010000011000011010000001001010101001011000010011000010010000100011100011100010101001001101101001011000001000011010100000011100000010001000010010010000000101100001001100000100100011001011010010000011011000000
011010100000101011010101010010001001000100010100011011100000011010100011101001100100001100100000011001001011000101101000100000000000010011010000010100011001010011011010001011010001001100100001010100101001010000100100000001000101001101001101010000011100001010101000010101000100011011000100001000100010100001101011100101000000010000011000010000101000011101101010100010100010011000000000
011010011001010101000100001010001010001001101011000010101001011011000100101001010000000100010001010001000000011011011011001101001000011010000001101000000100010010101010101011000000001011001101100000100010100101011011101100000101011000101101100101001001100101010100000000100011010100101100100011011010010011000011101010010101100101000010000001100010000011101011010010101100010000011101
000100100100001100010010100001011010100101001000100100000101101101101010101011001010011101001010100100011010001011011011101101000000001011100000101000010100101001011100100101100001100011010101010011010101011000101100101011011101100010000011000000011000010010011101000010101101101010011100011001010011001010010000001011010100000001000001010010010101100100100011101010010011001101010100
100010101100101101101000010101011100010001101101100001011010000000010100001001010010010010000011001100000100101010000101010011011010101100001010101001001101100000011101001010000011000000000010011010000100101010000000000011000011100100101001010010011001000000001101101010101100101001000000100011000010000101011100100000000001010000011011101101011100000101100101001101001000101001011100
001100101001011101010100010100100011001010100010100001001011011101001011010011100001000101001010000000010001011011101100010001000010000011000001001100011000010000000010011000101001000010101101011001101100001010010011100100000101010011101101011000101010101100011011010101010001101001100101101011101101011000010101100100010010101000000011000101100010011000001101001011011011010100011010
011101100011001001000001010100001011011100101001100011010101100101100001011100000101000101101100011010000010100101100001100010000000001010100001101101000001001011101100001011010000101100001010101010000100000000001000100100100101010100100001100011001011001011000101000001001001010100000011000001000001001001011100000100000000011010011000010001000100010011100011100010101011011101101000
000010100011001010001011000010100010000000001001010010101011000010010001100010010100010101010001100101100100100011101101011001101100001100101000011100100001010101010011000011010100010001100000100100010011000101011011010001011001010011101001000011000100100001101001001011010000101010100011001101001010100100000010101001001000000001101010000101101010101010100010000000101001011001010001
101011100010100001100000000011010001011010101001001001001010011001101010010001100101101100100011011101101010000010001000010001000001010010000001100100101000101011010011000100011100011000000011011100100100000001100100010100000100001010000101000101000000011001011100001001010101001011001100100010010001000010010000000011000100000010001100100011100100100100010001000101010100010011000010
011000100101011100011100000011100010100101010000000101010001010101000101010101010000011001001101101000101000011100101010010011101011000011000101000011010001011100001010011101000001101001011011011000100101101011011011101001000011000100011011000000100000001011001000101100000010001000001010101001101010000001101000100100011101001000000010001000001101100100101010101100101101001001000000
010100100001010101011001010011000101001001100010000100011000001001010101010000000101000100001011101010010100010010101000001001000100010010100001010100011000001001000011011100101011010101011001101100000001000101101011000001011100010000000010000101101001100101010001100010011011101100011001001011101100100011101011000011000101000101100011001001100101000000011011000011001100000101000000
100000000000000001100011000000100101100101001101001000011010001100001100101000001000100000000100101001100010011000010101001001101011010100001010100100011100001011010101000101100000001000011000101001001001010000000011001100000010001101011000000101000011101100011000000100000001001101101010011001011010001010101100001101011100000011011101001010100100000010010100000010011000001101011011
010100010011010011010101000000011101100000100100000001010101101011011001101001010100010000001010001011101011001011100101011001101000001010000101011011100000100010100000011100000000101101010010101100000100011100000011001000010101101000100100100100011001000011100010011100011001001011011011011011100000001100100010010001011010000000010011000010001100100001011010000011100101001000011101
101001100100101100010011000010011100000000001010011011101100011100010100000000000001010001001100001101001011000101101100011100011101001001001000001100101101010011000000001011101011000000001000010011100000100001010101010100000101010100101010011011100010100001011100001101011010101010101101000101100011010101000000011011101000100011101100101011011011010001011000010011100000010000001100
011010010001010100100010100000011101101001101001010011101010011100000001101100100010011101001000001011100100100010100011000101000001000001101100001010100100010010001001000001000011011101011100011001011011010100001001100011011101011001011011011001000100011100011011000100101011000001010000101001001011101011101001101101000011100101011000100000000100100101010000010001101011011101011000
101010000000011011000001101011010000011010100011101001000011011100101010010100000001101001000000011010010001101101001001100001010000010001101100101001010011010100011101101100011101010100010000010010000000010000010101000000101010100001101001100011101100100101010011100101001010010101100001010011010011011011101001101100000000001011001010010001100010011100101000000101011101100001000001
000011011011000101011001100001011101101011000001001101101000010100011100100101011010001101100011001010001011100000101100001000100101101001001010101000100000001000101000010010001011011001000100001101001011100011000000100101001100000101100001101011100101000010101000010001011001100001010100000001001000010100000001010010100100011000010100001010101100010000001001011010010001101101101100
101101011011100011101100001100101001000001010000000101101000011010001011010010100001001100010011001001001001101011101011010010010001010100000100011010011100011100101101001101000001010010011100101011001101101001101100101010100101001010011011010001000001100100001101001010001011000100101010001000101011010011000101010101011011101000011100011011100001101001010011100001011010001101011011
001011011001001010101000011101001101011000001001000100001010010011011101001000000010001011010000001000010001100001010001011001001000001010100011100100101100000101101010010000001011000010001000001000000011000010000011001010100100101101000000101000010100011101000010101100001100101001010001101101101100000000011011000010001010011100010011000000001100010101100001100101101010011100001010
001100011000000000000101011101000100010101010100101000000000001011001000010000010100011101010100100010011100010000100011001101001000010101100000001001101000000100011100100010000000010001100100001010100010000001011011011100000101010010100001000100010100011101000000011101101000010011010101101011010010101000001011011000001010011010000100001011001001101101101011100001011010010001100001
100000101011000001100001101100000100000100000010011000001001100001010010000010010100011001000100100001011011011000101100011001011000010101000011011001001100001011011011000100100101101100001101011001001101010101000000010100001101001000100010101001001011101010001101001101000000100100100001000011000010000010000011001101100001000001000011001010011011101101001100001001000100010011100100
001000100010001010001100101011010000000011000100100101000000010011010000011100001100001100101100001101101100010101101000101011100001001011101011000000100101100000010100001101100001101011000011010011000000000101011100100011101010101000010011000101101001000100011000011000101000001001011011001010100011001010100010011100010011010001101100101000000010101011001011010000100011010000101001
101001011100010011101101001001100011001001101010011011100001010010011100011101000100011010001001000001011100000011100100001101001010000100010100001010000100100010010000100001010010010100101100011010011000001101010011011000001001100001000011000010100010000011011001011010001101011001011101101100001011001011101001010010011000000001101000001000101010101101000011001100011101000101101010
011101100101101101000010001011000100101101101011100100100000010011100000000101100011101011011101010101101101101010100100010011100010001000100001010001011010010101100100010011011011011010000100010001010011011000100100100000100010101010101010001011100100000000100101001011001000100100010101001001001001101101000010010101011100011010000010000100101100000001001100011001101001000011010101
101100001101001010011001100101010001000010011010011101010000011101101011100001001101001001001011011000011010001011010101101100011101100001001010010010100000001000000001000000100011010101101001010011010011000101001001001010100100100101011100100011100001000101100100101010001001101011011000001001000010101100101000011101010100001000010011101010100001001011101101101000000011010000100100
100010100100000010000010001001001000000011010010101010011000011001100010100101101010011011101101011011100001011000100100001101100010001000000000011100010100101100000011011011100000001100001100100001011011101101100100000101010101010010011101001011001010010100010001101101010100100011100101000101010101100100001011100011100000101000010101010011011010000000011001010011010001001101010001
001001000011010101011010001010100001000100011000011101101101000011001000100010101101101101000000000001000100101001010000010010101001000001010100001010101000001000010101010101011001101000000000001001100100000010001010101011000011011001010100100100000011010101000000001010011010100010101001010100100010100000011001000101100001010100011000101001010101010001000000010001000001000011000101
000010010011011000011000100011100011100000001010011101000010011000001000001000101010011101100011100101101011100001100101000000001101000000100100011101100011100100100011100101010011000011101100011011101001001011100011001101011001000001100000011010011000000011010100001001000010010011101010100001101000100000000100101011001100100101010100101100011000010000011011100001100010011010000001
010011011100100101000001101000010100000000100100010100101011010100000001101001001011100000001000010100101010010010100011101011100100000010011001011010000101010011101101000101000100011100001000011011011101010010000011101101001101001011100001011000001001101101000000011101101011010100000010101011011100010101010010011010000011000011101000100001100001001000101011010101101100000011000001
000011011011010101010100000011000010000011001010010101000011100001000101101000100101100101101100100101001011000101100011001101010000000011001010011101010100011101010100101011000010010100100010100001101101101011001101000101011100010001011011100001010000011001100010001101100011101101010010011001101011010001000100100011101011101000011000000010011010011001000100000100010001100101011101
100000011000101010101010101011100011000001001000001010000000100101010000101100001000001001101100001100001001101101001100000000000100010001101101011001100011000101000101001010000101010101001011101011011010100100101011000010101011101010101101100010001100001001101010000101011001100100010001100101010101011011001100000010101000000001011101010101010100100010000100000100100000101010000010
010101010010001010011010011101010100010101001000011011000100101010000101000001001010000100011010100101001001000101000100000011000101101000000001000011100011101100001010001101000100101100101101010011100100100010010010001101000011000001001001100010000000000011011011101000101010000011011000101100101001001001011001000000001010010000010101011101011010100000000100011101011000001100100100
000011001011000101011001101010011010010100011000100101100101011101011011000101000000000101000101100000100001010100000000001000011011011101101000101100010100100000010010011101000011000000100010001001101100011000010101100101100001010101000011000010000101000001101000100011010000101100010010010001010100011010010001101100000010101101000001010100001101001100011011100010010000001000100101
100010101100011100011010000000101101000011000001100100011101001101010101000001101010001000010100010001010011000000101100010101000100100011000001011101000000010100011001010011101010101011011011101000010100101000001011010100010000011001011010010011000101101101011001101011101001010100001101000100000101001100000100011101100100000000101001100100000000100000100001010010011011100001001101
101100000101010011010011000101011000000100010100010011011011001001100100100001011010100001011011101001100000100100100011000010001101001101000011100011010100001000000101001101101010100101101000010010101000101000001000001100000001000011010001100011101100101000001101101100011010101100011000000011010001010100100011000101000011010010100010001000010101000101010000010011010010101011001011
100001100100001011100011011101100100100100101101101101101100100011101100101001010001000001100010001001010100101001001000000001001010001000011000001101000010011001101101011101101101101101100100101001011100001000011100010000000011101100010011001010101100011011101101100000100011100101001010011001001001001100010001011001100010011001100011100011101000001100011100100010000100001101001100
011011101000010001001100011001011000010100100010000000101001000100010011011010000100101010100100000000101001010001100101010100011000000010100101100001000011010101100011010100010000001100000101001011011101100010101100011001001011011000001101011100011001001100101101001100010100010010001010011010001101000001100000001101011011101100100011100001100101100000010000100100000001100100011010
010010100000011010011000001010000000000000001011101010101011010001010001011101010000100010100000011000101000001010101011011100001000100101101010000001100001011100001101010100001010010101101010000101100001101000100001001011000000000000011000000000100011101010001001100100001001101100101101010011101001000101001100001001101010101000011010010101101011101100001100100001101101011000011100
010100001101000010011011000001101010101011100101011101011001000001101101101011100001000010010101101010101000000010001101010011000011000010100011001100001011000101000011100001001011101101010100001100000101000000000100100000100101000001000011101100101001100100101011001001011101010011000010010101010101001101001010010000100101101101000101001010010000011001010000101001000001100000010000
010101100101010101011001100010100100001011011101010000001010011101010011001100100101000000101100100100101101000010001010010000101000100011001000010100010001100010100100100011010000010001011100011100010011011001000101100010000011010100001000011100011101001010010000101101100000100000010010101011100001101010011010001100001010010011011001001001011100001011011010011001001100000010011001
001100100000010000011010000101000101011011101010000001011101010101100011001010000011100000011100001010101100011010001000010001010001010101010100010000000001000100001011010000010000001011001001010010010100010000101100010000100011100000000001101100100010011000100001100000010100101100011000000000010001100100101011010000100101001011101011101011010101011001010101001100001100011000101000
011011101000000000100000100001011100000001100101101100010100001100001100011000000011010101010011101101100100010010100100001101000001001011010010011010100010100000101100000001001101100001011101001001101010100001100100001011010100101001101100001100010101101001001101000100001101000001100011001000000010101100001010001010001010100001001000101101011100010000011000100011001101000100101001
100011100011001011100000100000010010001010000010000011011100010100000011011100001001011100101001100101000100101010000001100100000010011101000010000001001011000011101101001010100010101010100011011100011100001011101011011001100011010101001010100010001100000001011010101101100010101011010101011101101000000001000000001000010011010011001011000001100100001000011101101101101101000101001101
101010000000101101000001011101000000011000010001000100000001011001000101101010001100000100000011100101010011101011000100001001101101001011001001001011000001100000010010100101000100011100010000101001011100001101101011001101010000011000010001001010011000011011000010101001011001000101101100011001001000101100011001000010010000010000001101100010101011010001000000101101101100011000011101
000000101011001010000101100100011000010010010000011100010001011101101000101101001001000001001101000000001101010101010010000011000100000011010100000011100100000001100010000000100001000000011101001001101011001011010011000011100101000010001011011000101100011001001101101000010010001101010001010101001011001011100100100100000000100001101000000101100011011011001000100100101010010010011000
011011010001011100000010101011101001011010011010010011011101000011011001010100100011010000010001011100100011010001010011011101001001100000010101010100010001011001101101011000000101010010011101100011011010011011100000100001001011100010000000011101010101000010001001000101001010100100000000001000100010100101001010001001100001010100010010100000000101000101010010000101011101001000010011
010000011011100101101101011011101010001101101010000011011101001100010010011001000100101100000011010100000001100010011101100001100100101000010000100101010101001001000000101000100001101100101101101101010001000000000101001101001100010000010000001011000000010100011100011100011101010100100011011010100011100100101100100010011011010100101001010000010011100010010101001101011001011101010010
101000010100010011010101101011100101011101100010011001010100101001010101000000001100101011000101100000000011101011100001101100011001001011100100001101101010100101001001100000001001010101011000100001011001001001100010001101011010100010101010100001100010000101001011100010101011100001100010001100101001011100001011101001000001010000101001011010011001010011011100101011000010000100000010
011011000001011000100010100010010011100101101100100001000101001100100010101000001101010011000100001001011000000000000100010101011100101101000001101100101011100100011001000000100001010000000000100010010001010011101100101100010100000001010001010000010010101101101001001101010010000011010100010100010101001011011000010001100001011100001010101001001101011010100001001000101010011101011101
100000010011101001000011011000011000101101001100100100100100010100011001000001100001100011010000011011101011101001011101000101101101100011001011100011011010001100101011001010100000100101101010100000101101001001010011000000011011000101001011000011011010010011011000001100001000011001000100001000100001010100001011000101011011101000000010101011010100011000001001010100100011000011000000
101010010001011100100010001100011001100000100100010001100000101000010001101100010010001011010010000010100011010001100000101011101011010011011011000000010101100011010100101010101011100000011000000001001100011100001001010011101011011010001011101100100011100101000010010101011100001000011010001101000000001001011100100101011101100001101011101101001011001101000100100010101011010001100000
101001010100101000001100010000001011000001000101000010000000010011010011001010010101100100101010100100101000000000011011000000101010010100011100100001011011000000001011100000010101000101100000001011101011001101010000100010101101101101010001001000010010011101010000100011100101000001101011010101100011100100000100010100101101000010000011101000010100001011010101001100001010010011101011
010010000010101011011000010101101010101000001100001101100101010010011000000010100100001001101011100011010001011100101101011001001011010100010010011011001011101001001000100010101000001011100100101010011000101000100000101100101000100010010011000100010010100001001000001000001101001011011011010101000001010100011001101001100001011010010000101101011101000011010001011000100100100101011001
101000011101001100011101100101000000011100100101011000001011100100001011000010100010100101010010001101010001001010000001011101011011100001001100000101001100001011101011010100100010010010010100011001101011000000011101001001100101000100011000010010000010001101101000101010011010100000011000010011001101010101100000100011101100010100001101100000000001001101010010100100010011000100001101
000001101100010000011001011010001010100011000011000100001011001101000001010011101011001101000000011100100010011101101011101000011100101010100100011011000010001101010101101000100100100011000100000101101011000100101100011010101010001010010101101101000001010011001010001010001011101100001000101100011101011101101101010000010100000101011100001001100011100011011100101101000001001101100000
010001010010010010000000011100101001101010100101010100101001001000100000100100010001101001000100001010010001101010000001011000001000000011010000011101001101101100101001011000000011000001000001001011001011000010101000101010000000100000011101011001011100010010010100101100100100000000000100100010101000101010101010101011000000100000101000001011010001101000000010001010001100010001010100
101001001000000010011010101000011001100011000100001001001000001000010010010011100011000101011001011101101000000011000100101101010001000001100100001010100000010011010100010100011000010010000101010010001001100100000000001101011001100100101000100000100101001100011101001000101011011010101011001100010100000001100000010011010000000100010010011000001011100100000001001101001101010010101101
101100001000011011010010011101101011001001000000100010011000011100100001010011000000101001010101000000011010101100001001101101000101010101101101100011100001000100001101000000011100001011001000101001001100001101011001001011100001100011100000011101101100000010000001010001010101100101011100000000001000010101011010010100001100000001100000010010101010000001100011001100011101010011100010
001000010100100100100101101101001001101001100101101100000010011010010001101001001101000011001000100011101000011011010001000011001101100001011001001100101100000010010010000100010101101010010000100101011001001100000000001100010011000100000001001000001010000001010001001101001011000001010000101011010100001010010001011010100000101010001010101000000101010000001011000010010010100010010001
000000101100011001010100100100101100011011010011001000000001011101011101011000001000001101100000101010100010010001010010010100011000000000101011101101010101101011011001010001001011011101101101001000010011001011100011101010001000010011001101001100101010011001001101000001101001010011010001010010010010000100011100000101011011100010000101100001100000101100000101001101001010100101010000
001101011010100100001100100001101101100100010001001101100000001011000010001001011100000000011000001010100011010010011010011011000010000101000001100101100101101000000010100101010100001000101010011011011011001001100100010000100000001011011011100001101100011100010000010001010100010001000100011011100011101011100000100011001100010011000011001010011100011100001011011000100010101001011001
011101100011000001101100011000000011010001101001010001101100000101101101010011100100001101100001011100001000100100000011100001000001011100001100010011000011100000001010100000100001001000100001011010001010000011010010011001001010010100001010101000000101101001100010101101011101000011000010100100010100011010011011011100011010010011010011011001011101101101000010010100100010000000100101
100000000100010000001101011000100010001101100101001000100000100100101000100101100011010011101001100010100100100101011101101101011011100011000100101001000010011011011010101000001011100010011101000000001001001001101101100001001011001010011010010011001101100000101001001100001100001011001000001101011101000001010010001010101101100001101001101101101101011000000001101100010010101010000010
000101000100011001101011011000010101010010100010100001011011011010001001101001101000101100010000000100010100000000001001100000001001010000001000011001001001010000101010100011000100001001100011100011010000100010011011010011010101000101011001010100100101010010011011001010001010010000011101011010100011011101100000100100010100010101000000101100000011101101011011011010101001100100100010
000011101001010101010010100000100010010011000010100100001011010010101001000010011100000001000000011010000000100010100000100011101011100011000000100000011011000011100101001100011100101100011000100100011001000010100011001100010000101101100101010010011000100010011001000011001011101011001001011100001010101100010011011000101011010010100000010001010100010011010001001100101010000000101000
000100001010001011000011010001000000101011011001011000001001010100010011010011000101100001001101011000010001000100000010000101000001100010010100001010101010100100010010101011101100010010000010001001000101101001101001011010101000010101101101100011001010011011001100101011101010100100100101001001011001100101001101000101101101100100100101101001001011101010100000000010000011101101001000
011010011100011001101010001100010011000100011000010011001100011100100000011100001100011000011101100100000010011101100011000001000011100100010011101100000000000000010101001001010101011001101000011011001101000100101000001101000011001010011001010100010010011010000000101010101011010011101000011011100100010011011011100011101100011100000011001001010000000001000101000001001001100000101001
101100010101010011000011000001011010011101010001000010100001010100010000011000101001011101011000010011100001000000011010001001101100010000100001001010100001001010101011010100011000001011000001000001100101101011000010010101100010001000010100100101101010000010000100000000000000011000010100010011000101001101000101011011100100011011100100100011100011010101100000000101011000010010011001
101011000100000001001100010100001100100010010100100010001010101101100100001010000101001100011011011011001101001000001001010000100010001001100001100100011011000000001000001010101000010000100101011001000011010011100100010000001100011001010101000100100011011100101101101101011101001101000010000000011101000100101000011000011001011100010000000100101010010011000100000011010100100011011101
101101101100000001001001001010101011001000100100101010010000101100010100101000000000000100001001101010000000011000101010010101010100000011100010001011010100000100001010010100101101000101011001001101001011100011101101010000101000100011100100011100101101011010100001000100000101000010011100001100000010101001101011001011001001011010011100000001010001011011100101100100010011010011011001
010010100000010011000100000000101001010010100000000100100011101011000100000000000011000100000000010011011001100101011101001001101101001010101001011011010000011001011100000100001001010010000100011001101010101100101101001101011100000011011011100000010001010000000011010000001011000000100010101100100010010011011010010001101011010011100101010010101010100001011100001001010001000100100100
101011011000011100101100010100001010011011101101101100010101011100011011101011010001001010010100010101000000000000100001010011100001010010010101011010100101011010100101011000010001101101001001100010010011000100001101001100001010010011010000000000100100100001001011000000011000010101001101000000000000011100011000010010001010010000001001000001001001011001100010101001100011000100100100
011010001000000000101010000101100011101101011100100011011100100011000100000100010010100011001000100011000000001011101011001010011010101100011011011011100001010011010010001011010101001000011011010001100001011000010000000000000001100100000001100101011000000101100100001101100000011000001000000011000010000001100011000000100011100100011000100000011010010100010001100010010011001000000101
101000001010001100000010000010100101101000101010010011101101100001011101010100001010011001101100000000010010010101011011100001010001011011100000101010011000011000000100100101101000000101000100000100101010001001101000100101101000010000011100011010100101000010100101100001100000101100101100000101001100101001001101011001000000100010011100011100101011011011001010011000100101100011101100
010010100101101011011010010100011011011011011000011100000000001011100011010000101100010010001011011001000100100010000100100011100000011101101001010001001001010000001001011100100101000001100011101011001000010101000101101000100001011001001011001101011101101101100001000010000000010101101010001000010001101000001100100101011101011010101100101001000101101010000001100000100101001000010100
010010101101000010101001010010101100011000000100100100101010000100100001010101000101101011000101001010011010011011000011101001100101101010101101000011000010010000010001101101001010100000011100100001101011010000000001010100011011100101101100100010010010100100011000100011010000101100011010100010011001001010011000011000101001000001001001001011100011010010101000011001101100101101101011
101101011011010000010100000101000101000000101000100001001000000010000010011011100000001011010101011100101010011000001001100010011010101010010100001000101101001100001010011101101001100010011000100100000101011001001011011010011000101001010100101000011101001001000100001000000100010001011101000010000100010010001100000101000101010101011001000000101101100101000011001101001001010101101001
011011011100101000001001101001101000100010100001101100100001101001010101010101101001101011011010010000100001011101010011011101001101010011010001001100101000000010011011101100101011010000011010011011101011010101101100010100000100000000010000001101010101010001001011001101010011000010101100000010011101001001011000101011011000100001101100001010000001001100101000101011011101011100101011
000011010001101001001100100100100010011100001101010000100101001100011011001011101100011000100011010011101010000011011000010100100000101101011101011011001011100000001010011101000001001000001011010010001101010010101011011011101101101011010100010001001100101100000001001101010001001100011010010000100000010011001010000100010101010001010100101101010100011100010000001001100101001001000100
100010101010000011000011001000100100010011010010001100000101010100011000010000010010011001010010001101100010001001010010011100010000101100010001010000011101001011100101011010000100000011100001011000001000001000010101000001101101000100100101100100100001000101001000001011101100000011011000101000101011000000011011011011101011010100010011000100100010100100000001010010011010100010010000
101001100011001101001101100101010001011001001001001001100011011101100101001011101101101101100011100001011001001010000100001011010100101000000101010000101010010010010000100010101011001100100101000101101001101101000001001101101000101011001101000001101101010001001101100001101001001000100000010101100010100000101001010001100010100010011001001100011010101000010010010100010101000001100101
001001001011101011100010100100000011000100100001010010001010011001010101010100000011011001010100000101011101001001100101101001100001101100011011011100011001001010011101011011100101000000101100011011001011100000010011001011000100100000010000000100011101101101000001000001011011011010010000010101101000101100101100101100000010000101100000101011100100001010101001101100100100100011010101
101101011011100101001001000000001100011001001010010001000000101000001101000101000011100100100100010101000101101011100001101010000010101010011001010100000100000101010000000101100001000101011010000010100010100001011011010011100000101011011100101000010000001100011001101010001100001001000011000100010100010100011010001011001011001000100101100001010100101011010101001000000010010010011101
100100000101100010001101100001101100001100100010001010000101011010010011010000011001001101001101001000100001011000100011010010101100011010101100010000011100101101011010000001010010101100010101000010001010011010101000000000101101100101010100010010010011010100000101101010000000001010000101011101101001101100011101011100101000101001011010101001011001011000011011010000001001010000101011
011100100100100001000101001100100101100010000100100011011000100010100101100011101101000101011011101000000011010000100011101101100011000100001100100001100010010011100100000001011000000010100001011101000000000011100010100011101001010001100100100011000100010011001001101010010100010011001000010000011101100100100100001101001100011010011010001001100000001010011000101001100010001101100001
001011101000011000001011011000000010000100010010010100011000100001000001011011010000101100101000101000010001010011011010000000101101100011100101011001011011001101100011101001001000100010100100001001000101001011001010100101011011101000010100100100101000000011000010011101100001000011010101001001011100010010011101101100010011000010010010010100011100000100010011011000010100000010100100
010101100001101010100101010100101100101001011101001100100000100011100001011010000100010010000101000011010100000101000100101000000100101101000001000001001000100100001011010101001001100011000101000010000100001100000001011000010001101001011001101011011010101010101101100000011000011000010101011010101100001011000000100000010000011001101101000000100101100100000100100010100001010011101100
101011010101001011001000100101000000100011100010101010010000000000011101000000001101101001000101000001100000100100000011010010100101100100000001010010000001100001010100000011100001010100101011010011100010101010011000000010101101100011101100100100010100100001011000001000101101101001011011011101010101001100000100000001101101010001000010100000011100000001010000001000011001101101000001
101100000000001100001001001100100100011000010010001001101001010001100011011011000101011010000101010000011011011011001001100011101101010001010101010001000100001100101101101000001010010001101010000000010000100010000100001010100100101001101000011010100101001011011101001101100101101000000010011101100000011011011010101000100011101010000101000100011011011100011010010000101010000011100001
001011010000100100001101000011001100011100011011101000100011101001001010100100001101101000000100010101100001000100000101010100101101001011100100010000011011100011010001101000011100100010100011101101010011100100010001101001010010000101001010011000001000001010001000010101011101001100001000010001000011010001001010100011100011101011101000000010101000011010000100001000100010000101010000
100010000000000000011011000011100000100001010101000100011011001010000000100011000101101010100011000100101010011001101011010001011000010101101101000010010010001101001001010010000010001010000001000100010010000001000011011101101100101000010100000001011100100000100000011000000100100000100001100101001010001000010000011010000100101011011000000001011100011011011001010011011000001000011011
000000001100101000011011000101011000101000100001011010011000100011011010011100001011000001100010010011000101010000100000011000100011100100011001001101001100010011101001001000010101011000010001101000011100100010011101011011011100001100011011001011010010010011000100010001101101011100011100010010011101100100010010100101011101100011000101000000101000011001001000100011011101101100101100
011001010011011000100100101001000010001010000011010100101001011000000010000000001010010100001000010010000011000000001011001010000000010100100000100001101000100011000101011001010100011010011011011010001100100011101000100000001011011001001100011000101101001001100010011101011000100010100000100101101000101000100100010000101100011011000000001011101100001100101101011011011010101001011010
000000001001000010011010101010011001100101000101010101000101010000010010000101101011011001000000011011011010100101000100100101011001100001011001100010000101001011101001100001011001101010001100010101100011011001011001100001101101000101100010010001011001011011011010100001100000011010100011000100011000010101100010010010001011000010010011010100101011001010000100001001100000011000001011
000001000100011010001101101011011001001101001000101010001011100001101101000101001000101000101101101000101010011000010100101011010010100101101101101010011100011000001100011000001101100000000101011011000101010100001100100011010100101000000011101001100010011000001100001100010100000010011001100101000001011011101000010011000000101001101100101000011011011100100011001000010000100000011101
011100100010001010001000011010000101011010010011101000011011101011010000000001100001100100000001000101000000010000000001000001001000100100011010101101101101100000000001011100101100010000101000001100011000010101000001011001101101000101010011101011101001011101100100100001001000010100101001010000001010101010101011010001001010000010001101010100011101100100101001000101000000011010101100
100011100100010000100010100010000101100001100101001010011100100001000100011010001010010100000001010010011011100001001010001000001001100001010001000000100011100011010101000101101100011011011101011101100000011010101000000100011011001011000000011000101001010010000000011100100100101101010100011101011101010000000100001000101011101011100100100000010100101101011100101101101000001101101100
000000010011000101000010100011001100001011010100101001000101011100100010011001001000011100011011000011100011100011011101000001100000000001100010100100010001011011010010010000001001100000000001000000001001011011010010001000101001001010000011011100000000000011101100000001001011100011100101100100101001101010000000000001010010010101001100001101010010011101000101011000001010000101010001
001001100100001010000001010000001100100010100000010000010100101000000011000011000011100000011010001011011000011000100101101010101001011000001011001000011010101010101000011010000011100000101010010010000101101010101011100010000011101100101011101010000010100001001011010101100001011101000010100000010100000000010001011101101010011101011010101001000011001011100000010101011011010101011010
001100100101001010010000001001101010101001101001011001011001001100101011010001000010000000001100100000101000100100101101100000011101010001100100001011010010010100010100100000101100000000101000000010100011011100000101101011010010000001000010000000000100001100010100010100101000101001000010010011001000100101001001011011011010010100000001100100000001010011100100001000001001010101101010
100101100001001010001001011100011010011011100000010101001000010101011010000100100100010000100100101010011000000100000101011011100000101000100100101001000011000011000010010101100100100001011100001100011001101011011101101010100000011010010100010101100000001001011000100000010000011010100010101000011100001000011101101000010010010011001001010000101010011000011000101101011101010101101001
101001010100011011011101000000010101010101011100000001100101011100001011101000011001101100001011010000001010100101100010100010100101001101001011011100010011100011011001011010000100100100011000000011001000000000101011011001010100011010010011001101010010011000001001011000100000101000100001001000011100011000010011011001000000100010001000001001001010011001100101001011010000001010100000
000100100011100101001010001100010011010000001101010001011011100001001011100100000001010101011001000010100010011001010001100001101011101101010101100001101100101100000010000100000000000011000011000010101100100010001101001001011001100011010000001001010001001000100000010000010100000100101010001010010010000000100101011101000100100000001011100001010000011101010001000100000000000000010011
100010101001011000010101001100000000001001011010101001101001100011010011101100010010011011000101000011100011010011000101010100000011011000001001101011011001100000011011100000011101011000011100000101001011011001001001100001001010000011011011001000010001101010100000001000001101010101101011000000100001011101011010010100000000101010010001100011100010010101000011000011100000010011010001
101101001011001000010000001001001001000011101101011100011001010000101100011010000011000101100001011000100011000101011001100100000001101101100001000011100000101010101011010101011101101100000011010011101000100011101001011010101010101010101000010000100101101100100010000000101100101100001101010001010100100101000011100011010011100010101001100100011001100011011011011101100001011001101010
001000000100000011011001011001000010010000001001011010101001001000001000010100001000010001011100000010000000100010101001011010101000101001011011001010101100010001101001100001001011011000100001000010100010010001001000001000010100001010010001010100001001101101010101011011000011011001011010010001100000010000010101101010000000000101101100000001101100010001011000001101000000000001010101
101101000011101101001010011101101100011001101000011011011101101100010010000001001001010101010010100000010000000100010001000100001001010011100001001010001000101011010100100000100011001100001000001010001101011100100101010010011000000100001010011011101000011100001101011010010010010001001010001010011100101001010010000000010001010100001011101001000010011000000100010101010101011101100011
101100011001101100010001001000011001100101010011011100001010101011000010001010000100010000010000011011010011100000100101101000001101100001000100000011001011010001011010101011000100001000011001100010001101100001100010011100001101100001101011010101010000100101100000101101010101010001010101010101010000010100010000011011001010000100000011011001001001000000100000010100101010011100100001
101011100010000011000100000000001101001001000101010101101011101101001000101101100011010010011010100101101011001010001101101011101101001001000000101000000010010101101100001011100101011010010010011101000010001101000100001100011011000100100000100101001101100010011100101000011001001100001101011001101000011101000001011001001011000010101100000000001000101100000001011011001101000011010101
000000100001000001010010100001001011011001010010010000011011001101001100011100000010001000011100001010101101011100010101010001100101000000000011001000011101011100000000010101101101101010010100010100010100000101010100010001000000101001010011000100100000011011010100010011001010100100101000000011011001000011001010100010010100011010101100100011101001100000000010001000100000010101001011
000011001100100101100010001000101101011101010000100011001000011000100010000000100001011001101011101011101100001000001100011100001000000101011010101010011100101010011011100101100010010100100100011000010001010101100000000010101101001011000101001011000011011001010100101011010010100000001101101010100001011010100011101010010000100011010001001011010000100010001011010100000100000100011010
011000101011011101101100010100101011100100100101100100000101010011011011100000010001000011010000101011101011010101000100001011101001001011011010001101100101001001101011001011010001001011000010100001011010011101011010100000100100000100000100001100010001011000000010001101100011011101011010011011001000001101011000100000010000101010100101000011011011010010010100000101000000001001101101
100101010100011001101101100010011010011101000001010100100100100010010101100000100010000011001100101001101011010101011101010001001000101100000100010101000101100010000000000000011011011010101011010011001001101011100100010001010001011100100001100010001101101000011000001100010011101101011100001011100010001101100100100000011101100100101000101000000000100100001011100001010011001011101101
100101000000100100101011001100100001010101101101011000001101001000101101001011101011010011011010101010010101001100011100001101100011101001101001100100101011100100010000010101010101001001101100010011000001010100101010010100001000011101000000101011011010100000010100010010101001101000000000001011000100100000010001010101001011001011000011010000100010101000001010010010011000010000100001
000101001100100010010101010000011011001000100100000100100001101000001100000001011101010100101001001000100000101010101011011001100011100010000011101101100001000000100000010100101011100001011101101011010001101100001100000010001001000001000011000011000010010000001101000100011001010101101011101101100011101000100100011011000000010011001001010010011100100010100011010100101001001101100010
010001001100000010010011101001001100011011101101101000000101100001000000011011100001000101011000001100101000100000000100000010010010001000001010100101101010100011100100101011000100011010101011000100000011011011011001101001010001001011001011011000000011011010001001010011010101000000100000001010001000000011100010000010010000000101000000100011101101011101100000101101001011100010101011
000001100010001010010010001011011010100101010010101001000010010000100011010101011010101100011001011011001010011100100011011101001101001101001000100010001011010001011000010001101011001000000010001101100100011101010001011001101000100001010101010010010000010010011011010100001100100100001010011100100000011011001011101100100101101101101011010000010001011011101101101100001100100001001001
000010100001010000100011000101000100001100000101000100010010010011011101101010010100000010011011101000001100101001101101011100000101101000011000100001101101001101011010100000100011010100000010010010000010000101010000101001010101000100000010101011000001001010011100100100100010011001001101101101001000001001000010000001101100011001010000000011010010010100001010100101010010000101100100
001100101000100011010001011100010011100000011001010101000010001010100101101101011001011000101000010011101100101010101101001101001101000000010010101001000011101011101001000011100001101010000000000011010001010000011001010001010001000001101100101011010001001011101101001001010100001010010100010010000100000001101001011000100101001010001000101100100011000000010010001000101100011011101001
010010100001101100011101011101100011000000010001011011101011101001101011000010101011010011010000010101101000100000001000010101010101101000000010001011011011000101001010011100001000010011100011001000011100010010011010100100101011000010011100000001101101010001000010010010001000100011011000011000100000000010010001000100000100010001001000001010000010100000011001001011010010001100010011
001100001100100000101010000101011101001010101100011000001000101011000000011000000010001010100101000001001011011011101101011001100000011100011101010001101001100101001101000001011010010001101101011001000010010011011010011101011101000010100010101000101001000001000011010000101011010101011001100011000011001000000100000000001001010010100011100011100001001001101011001011000100101000001001
101011010100101011001100101001101011000010001101100101100101101011101101001000011011011010001001101101100000001011100001011010010100001100101100010010001000000101101001011011011001000100001100100010101010011000010100010000101011010100001010000000000000100000001000101101011000100100001000001101010011010101100100000011010100011010101011100011101010010001000011001001011100000011101101
000101000000100101101010010001001011010000100001011011101010000100101100011000100000100010011011100010101101010101011001000010000011001101000001000100001001101001011001000000100000010000001001010000001000010010011000010101011100011001100000010000000100001101011000100100010000010001011010011001011101000001101001100001000001011011011100101100000101011100010001100000011010011010011100
101011001001010001010000100001011000100000100100010001100010001010011100000000001000010011011101101001000100010101010001001011101100000100000100100001101011001001000101011001000011001010001001011010001010010101000000010100100011010100010101101000000000011100011011011011011010010001100010100001000000100011100100010101101001001001000010011000101100100010000011000101001100001100011100
010001100000001011001101001001001100000010100000100001001100000000101000101001000011100100001100001100101000011000100001101001101100010101000010011101010001011000011010011000000100100000010101001100011010000100011000001100000100011000011010011010100001001000011101100000101000010011000001000010001100000010010001000011100000000011001010010010011011011000001011011000101011011100000001
100001011100010000001010010000000001010011010001100001010001011010001011011001001101010001010011011010010000101101000101101011101010000011011010001000100101100000001000000011001011101001100001011101011010011000011011011010001001101000101100100000011011010101010100011011101100000010101001011011001100011100011010101101001001100001011101000001101000101101001011011000000010100010011100
100101000101010001000001011011001010010000101101011101000011000001100010001101100011011001101101010001011101101011000011011001000001010101010011010001010101100010001011011100101000001001001011010100000000100100001010100000000010010000011011100010101011000010001100001000100000101001001100011000010011010000010011101100001011001010010000011001011101100001101011010001010100101100100100
000001001000100001101000011001101010001101010000100011001100100011001101000101010010101101001010001000000000010101010000010010001001101011001011100101101100011000000010011000001001000000010011010001100001101010100000001000100011001000010010100101101100101001000100011101100100100001001100000011011100011101001101100010011100001001010000010000011101010010010100010101100100011000100011
000000100000011100010101001101011100000010001100000011011010100001100000010101000000100000011100100001100100000101010011010100100010101000010000101010011011100001101101001101001011101101000010100010000011011011101001101010010000011000100101000011101011010101100010000101011010101100000100001010100000101101011100101101010010101101011101100001010101101000100100100011010010100101010100
101011011000011100100000001010011000010011000010101001000010101000000001010101001011001100000100010100011010010100101010001001100001001100001010101101000011000100001100011010011100010101000001011000000100100000100001001000100010000001001010001101100101100010010101101011010010010101011101100000101001101000010011001010000001010001011011010100010010011011010101001000000100101100011100
000010011011000101000000001001011100000100011100001101100101101100100001101010011101000011011000010101101001000011011001100011010100101000001100000100000010011000011100011101101011001011010001100011101011100100000010100101000100010011101011001011101100000101100101100011101101010100000100100001010101101011101100100011100000011101101010010101010100000011100100000101010101010101101010
010101100010001000000101010010101010100000000100011101000011001010001011000011100101101001011011000011100000100001010011100101100101000100010100001000001000000001100001000010100101101101101000100010000101001101000001101001001000010000100101100001001010011001010010000011010000000010011010001011101101001000010100101100010000100010011101010010000011101101000100001001101010001001100101
000010101100101001011101101100011001010011000010100101101100000011100101100011001000011100000001101100010101100101010101011101011010000010001101000000100001011010001000010010011100011101010011100011000100000001011000101000010000010100100011100011001101100100100011011010101101000010001011011100000010011101101011100100000010010010101101101101101100100101001001100010000011010010010011
011000000000100011101000101100010100100100100010011101101011010001010001100011100011100101011001001010001000010100000001101101101100001011000000000101001001101101000010000010011101001010010001101000011101000010000100010001010001101100011011010001010011011010100101001101101010001001010010010000000100001001011100101001010100011101101000001001100010011010101001001001100011100100101000
010000000101101101010011100100010100100001000011100100011101001000100001001100001100101100010010101100010011001100000010010000011101101101101100000101000010101001010011000001100100011000011010011001100000010100011010011000001011101010100011011100100011101010100010011101001010101100010010010011100011011011001101000011100001100011011100010001001101100000001101000100011011001000101011
001001001001011000000001011101010011001001001101100001000101101100010001010001100011000010000011000100100010010010011100010010101011010101100001011001100100100010010010101001100001011010101100000101000011010001001000011010000010000100011000011011100000001001000011101010010000011000010000010010101100000001000001010001100010000011011010000101100101101000100010001100010011011001101010
001011101101000010010001101001000010000001101100000101010001100100101010000000001010010101011000000100101100000010000101001001000100100001010010101001001011000011001001101100101100001001001101000001001000001011010000100100011100001100001001000101001010000100000000000000010011011010000010000011101011000100101100001101010101100000000011001100001010101100001100000001000011011101010001
100010011101101000010000001010101100100101101001001001000001101101001000010001101011000001011001000010010100010101000101010011001011001000101010101011000101011100011000010010001011101001001010100001001011101001000011011011010011011001000101010101000011100011001001001100010100100001000011101001100101011001100100000010010000010001010100000000000001010000100100001100010010011011010001
000101000001011100011001000000001010001001010001010101101100001011011001100100010011101010001011101100011100010101001100101100100010000011101000100011000101100010011001010101011011101010010100000000011001000100010010101010010001101000000001001101101011011010100101101001000101010101100001101011000101101010101001011001010010010100010100100000001011101001001100001011000100101010010100
001010010000001101010000001010001001000000010010001010101011101100101011010100011010101011010010001001101011001011010101001100101011010101000001011101010100000011001010000000101000101000011011101101010011101100001100100011010000001010011011100100011011001000010000011001100010010000001101001001101000100000001101000101101001011010010101011010100011101001000000001100001000101001100001
100001101100001011001101101100010011001001100000011101001100011001010011101010101010101100001000010000010010001001000001101011101101010001100000100011000011000101001100011101011011001010100010001010100010010000010000011011010011011011101001011010001000011001001100000000011100010011011100100010100010000010011101011100001011001101100101001101000011100000000101101001000011001001011000
000100011000101001000000010010101001001011010000011000101010011101011010000010001100010101000011101001000011100010001011011010010101100100000010001001000000100001011010100010010101011100010010010011101101011001000010011000011011101000001000001001010100011011001001000001001101011011000010011000101000010010000011001000101001011011100001011100100101101101001000001010000000010000010100
011011100100100011011100001001101011100011011001100011010100000001001000000011001010101001001001000001000100001011100101001101100101100100010000101010001010001010011000001000101101001101010001100001001101101000011100000000001101010011101011101001100011001010010010000001010010000010101000001000001011000010001011000100001000010101000101100001100101001101011010001001000101000001001011
101101000011100100100000101010101101010000000010101011101011100011001000000000011101000000100010001100010001001101001100101101010001011001000100011001100000101011101010100011101100000000001101001100011001001010001010001000100101001000000001000010101000101100011001010100010001011010010011001001100101100011010011001101001100011000100000010001101100010100000101010100101100001101101000
101100101101011001000011011001010000011101010100011010100101000000010011011010101000100001101010001000101100100010001101100011000100011011011101010010000000001000100010000010000001101100010010000001011011011101001100100101100010000011001101011101100101001000011000011001010010010001000011011011101101000001100001000100000001000000011011101010100101101010011010001011101101010001010101
101101101011010011011101100001010001011101000010100011001010010000011010101001011000011010100000010101101010001000101010011010100000010101000101010001100010001010000010000100101011000001000000011011001101101010011010010010011001000100100010011000011001001011101011010011010001011000010010010001011100001011010101001000101011101010101000010101000010000010000000011101101001010101000101
100010101001001010001010010010001010100010001010011000011011001010000000100001100011100011101000010011011011100011100001011000010010011101100000001000001100001011010010101101100101010011001000100011101000100010011101000010001100001101011100100001010001011100001010010011101000011000100000101000000101100010101100011100011011011010010001010011010001000010001000100011010010100001100000
001001101000011011010000100101011000000010100000100010001101101101101001011101001001011011001010001001100100011100001100001010000101100100011011100101000010101000001011100100101100010100010001011000101001000001010001000100010100001001011001000010100101010001001000011100000011100100010101000010101000101001010101000011011001101101001000000100100000010000001101100011011001010100001101
100001100001101101010010100000011010010001010100101000010101100001011101010101010001101010000000100010101011010100101000100011000100010001001100101001010011000010011100001010010100100001101101001010001011100001100100100000011001011011010010001010010010011010000011010011000010000010010010100010001101010101000001001101010001010000100011010001100010001001010100100101101001101100100000
010011100100001001001010000000000100010001000000100010010000001101100011100000001011101011001001001011010010100101000001011010101101101011001100010100001001101001100000101001001001011011000011011101011011100100001011010000001001101011101001011010010011000101010011100011010011101100011101001010011000000101011100010001010100101100010101101001100011010100011001001010011010101100100000
100000100010100011010100000001010100010100101000001101100000100100011001001101001101011001100011101001011001001010010101011100100100011101100000000001000001100001000100001001000011101100000011010100010011001010011100001000010000011001100100010100000011100010010001000101011100001010010101010000000001010010101010011011100000101101101101101011100001101001101001100000000001010100100000
001001100010101000011101001000101010101010010100001000010101101101100010000100011000101001101100101000100001010001100011011011011001101001101101001011101001000101001100100011011010011000010001010100000001100001100100010100011000010000010011011001000101010011000001010001011010000001010000100101010101100000000011100001010001001100101010000001100101010010001011011011010100010000101011
001101010011001011000010001000001000101101011011101001100100001010001000010000011101001010010000011001010001010011100000001010011010000101101100010011011001001001000100100011101100101001011101010010011010101011101000011010001011011001000001001011100100010011101100010011101010000010001001001101001010001010100001001001101011010011000001000001001101101101001011001001101101000001101001
101100010001101001101101001101011100100011010000011000000000101000100010001011101011001101101101001010100011011001100101101000010001000100001100001001101000100000101000001100000101101000001011101101011101001100100000101010010000100000100011010000101001011001010011001000001000100101001100000010011101001010000011101100100010101001101001100000100100011010010000011000101010000000000000
011001001101101100101010000011000101100101011010101001000101001001011100100001000100010000011010010101010011101001101100000101010100100000010000000010000100010101100101101011010100010100001100010001101001000000100011101001100000000001101001010011001100010001000011000100010001001010001010101101011011100100101000001010000010010101101100001010000001010010000101011001010000101101010011
010001000101101000101101010100011001010011101011100100101000001100101011101100100000011100000001001100010010011010100010100101011000011000100001001010000001101010010010010101011011100001011001011011101001100100001000000100001001010100010101010011001011001010001011100010010011011100011100100001101001101001100101100001011011001010100000011000101101011010101010000101011001100011010011
100100100000011010001011100011001100000101000100010100100000010001100011101011101001000100100011011101011100101010001000011000010010010101011100101100000101100001000011011001010100001101100101101000001000101101101100000101001100000100101100101001100010001001010000000010011100011100100101000010001001100001011000010100100100011000011000010010000010010000010011001011100010001010000001
000010001011011100101001011101100100011001101010010011001000010100101011001101000100101011001001101000100010000001001010101100011011001000010101000101001001001100010101000000100010101001001000010000100010011101001011010100000001011010100100010101001010010010000010000000011101101001010010101011001010000001001101101100000101101011000100001001010100000000010101100010000101010001101010
001001000010100100011101001101000001100000011000011000010011000000011100000101101010001011010101101100010001100100010100100000100001001000100101100100011100100101011100101101100010101101010001001100101101001101000010000010001100100010101010010001001101000100100011100011011000001101000001001010011000101100001001010001101010001011010010010100010100101101001011100101011011001000011010
001101101011001011010101000001101101011011011101000011100001011100010010101010011101011101100010010100001000000011011011011010010100001001100001011100101101001001000101011100001010001001010000101001010000101100101100010101101100011011100010011010100001011000000011010000100000011101000010010100000000011100100001100100100010101000000001010101011000001101011010001100001101011010000010
100011010000101011101011010011011100001001101101000010011001101100000101100000001010011101001000001011010001001011000010000100101100010000101000000100100000100010100010010101000000101000010101000100000010000001101011101011101001100001000100001010000100000100000101000011000010011101011101101010001000011100100101100001001101001100010000100001101101010100010000011101001000011001011101
011000101100000000000010010101000010000010001100000101100010000101010100100000101010001101011101011011000000001101101101100010001100100010010001010001010000100011101101011010101010101011100000101100010011100101101011101010100000100000010010001010010101001000101000010000011010101010010011010010001000101011001010010010100000010101100101001101000011010010100100010011010001000001001100
000011010010100000000000100100010101100101001010100101100001010101010001101001100000100101001011100101001100100100101001010000011001100000101000010000000011101000000000011000100000101101000101000010101101000100011100101001011000011000000100101001101000010100011010000001001010011100011010101001010000010011010010101010010010011101010010001001010101100100010011001100001001010001101010
100101001100101100100100010001000100010001001100011100101100101101100100000000010010011001011010100101001010100011001011011011100100100000001011011010001101100101000000101100001001000101100010000011000001011001011101100101010010010101101000001000001100101101001010010101010001011100000011001010101011011010001100010010100011010010011011101001101010100101010100100100101101101011000010
000010011000000100101011100010010100100010010101001101000010010100010101000001100010001001010010010101101100011100000001001010011001101011101101011100001101010010001101010001010010100010100001000000010011001001011010001001101101011001010011011010101011010010000101011101010010100000100001101101101010100011101011010000100101100000000001101101100001010001000001010001011010101100010011
100100010101000011010101101101011101000100001011100000010010101000101000100011000011100100001010100010011100000011011011101001001000100010000100100010001100000010001011001100101101100011100011101001001011011100001100001101100010000001010010001011011101000010010011000101001100011000100011100100010101101011100011001000100000010001000001100100011010101100101001011001100001100000000100
011010011100010000101000000011101011011101001010101000100100101010000000001001000101001101011100000100100100001011011011001001000010000001010001100011100101101001100101011011101000100010000000100101000001100100001000011101010000101100011101100100000100000010000000001001001010001101001100011001000011011001010010001100010000001000001000001101001011101011100000001000000010100001001100
001010001011101001100000101101011001100011010101101001010000011010001001101011000011001100010100010101010100100000100000010010000100010010100000101000000000000101010001000011000010010010011001001010100100100011001010000100010001101100000011010000011010011100001011000101011010100011011101010100101000101101001001101001010001100000010100100011001011001100001001010000011011100010010000
010011011010000100100001001011001101100011011000011011001001100010010101010010010010011000000011100000001010011100100100010010001000001100100101101011001001001011011100001011010010101010000000101010000100010100000000011010101001001000101001011011001001001100100100101000010011100011011000010000101000100001000100100000101011000100100100011101011010101101100100100011010100001011001000
100101001010101011100101001000010011011001010001011101000000010011001000101011000101101100101001011011011000101011001000011000001000001011000011001100001001101000010000010101000000001001000100101101000100010001000010000000101100100011100011001100010011011010101011100101000010100011000000000011100101010100011001011000000010010101100011000000001011010000001100100001011010011100101001
000010001001001001000000001010101101011010011010011101011001011100010010000100011100011001011011000001101010100101001011011101001011101010001101101000010101010010101011101000000000010010101100010010000100011001000100100101101001101100101010000100100011100101001100100010000100010101001101101000000100001011101011000011010001000011011101011001001101100011010100101101000010101001101101
100011010100101011000010010011010000011100101101100001001001000000100001010101010000100001010000100010000000000100100001100000001001101100001010100011001001010011000000101001011000101010010011000011100001100100100011001101011001001000011001000000010010011101000001011011011101011010100000001101000100011100101011010011010001010101000100100000011000001011011101001011010101010000010011
011001100010101010100100001100011100011010001011010000001001000010001101100011000000100100011101010010010011100100011001101011000010010000100100101011100000101100011011000101010011011011010011011100010001010010010100011000101101100010100010100100011010101001101000001100101100011010010100101011011000010010000101011000000010001101100101000000101011011001010011100100011011010100011100
010011010011101000010100010100001001001001101100010000001000000001100100100101101010101101100000001100000010101010010010100011000011100000100101011001010101011000010010100010000101011100011010001000000011011101011001101011100101001100011000000001010010101000011100100001100100001100100010101101001101001100001010010001100001100001011100010000010100000100011001001000100011010010100010
011011011101010000101001000000011100001001010010010010000001100010101011011010101101011001001100011011100000001011001101011100001000010100101000101011101101010101100010101000100001000001001011101010101011001010011010001101100010000100100010101100000011001101011100000001101010000000010000101011100100101010011000100010000001101001101010101101001010011101001010011000000001001011010101
010000101101100100001001101000001011001001011101100001011000001010011100001011011011001001011010101101011001010100001010010101011011000101100011010101001011101100010001000000010010011011010100010010101011010011001010100010011001010101101100001011001101000100001001101001000011001100000011001100001000010000010100000100010101100101100001000001101001101000011000100000101101000011101101
001011001010000100101000001000100010100001101101010011000001100100000001001001101010010101011011001101010100011000000101100011100001000011100100100001010001001101000001000011100001100011001101101010011011001100101001101001000000000100100100000001010011011001001100010011000001011001000100011101000010001001100010010010011011011100010010001100000101100100000000010010010101101000011011
011001010010001001100001000011010010100001001000011101010011001000101100000010101010001101010010001001011101101100000101010101011101100100011000101011000000100000011101010011010000100010101000000011101100000000101000010000101001101001000001010101100001011011001010010001101000100100100010010000100000010101100100100100000001011000010011100010100101010010001100101010101000000100100011
000000011000011100000000011100010010001000001010100000100011000001011010001100011010101100000100100001100101011000000101011101000010000010101101100101000100001001001001101000001001101100000100100010001001000011100101001000001100010100001100101010011101000011010000001100010011100000011010001010001011101010100100101010101000011101010000101010001001010001000001000100001011101011100001
001010100001100101000100011100011000001101101001101100001000001010100001001001001100100001000011101011011101001000000101011010011101010001010000000001001100010010100011101001010010000100001100001011010100100100010000000001010101010100000000010000101100100011001010010100100001101000001010000010011011001011001000100011100011010010101011001011010100100001010010101000101101100001101101
011011010010011000011101100100000011100101001000000100011100011010000001101010101011001001001100010010001000001001001100100010100000011010100100100011011000100101101101100001001011011101000011000001100001101000011101001000000101011101000001101010011101001000101000100100001010001100011010010010100100001010001011011101100000010001100001011101000000010001000100000101100011100010101010
011101101100011011100011000100101001101010011001101011010100000101011010011000000011010101000000101011000001100101000101101101001101000100001010101001001000000011100100100100100101001000101001100001001001000011001000000001001011000011011101001011011010000100100101101010011001100100001001101010001011011001101000100101100010000000101001101001011000100010101010011000101100101010011001
011100010101100101010101001101010001100000011000001000000010011000011101001100001011011101001100011000000001100011000001000011010001100001101001011000100100011101100101101011100000010010011100001010101010100011100001010010001001101100000101001100101001011010101000101010010010011000001000100011001001010010001100101001010011001000001101010001011000010101010100000001000100101010001100
101010000010100101100001101000101010001010011000011010100000001010010101000001100101010000001101000011101010001010011000001000011001100101001011001100010001010010011100000000010100010000011000001011001000101101101001001001000010010100100000010101011100011011101000010010101000001101010101100100001000101101011101101100010101100010101101101100001000101000001011010001100101010000100001
001011100000100100001011010010101000101010101011100000011000101010011100000010001011101101000000011001101010100011011000011011011010101000010011101000010010000101001010100000001000010101100100000001010101000101100000010001010100101101011101000010100010000011011001001101010011011001010010000101101010010010101010101011011000011101001010001011001010001001100010001011001101000001100000
000001010010010010010101001000011101101101100000011101000000100101100000011011010101010000000100011101101100100011001001000000100011101011100101001011010001010010001001010100001011011001101010010101100010011001001101001000011100101101011000000000010101100000000011000010001000001100101101001100011101001100001000000011010101101011100101010100000010010100001000000101011100010100011001
101100100011011100010100011000100101010000000011101001000101000011101001000000101010001001101010100010101000101010000101011101001011001101011011011100000001000001001011101010011010000000011010001001000001001100001011011101001101101001100101101001001010001100101001001100001000101001001001100011011010100011011000000011011001001010001100000011011011001000101011000010100011101101001101
000101000010000101100010011000010011000011101000101001001011000001011010010010010011011011100000010010000011001011000001101001101010100101000101101011011101010010001001001010010101011001100000000101000100001010001011100010100101101010000101000100011001011010000000100100011000010000011001010000010001000100010011100001010101001001011010101010011011101011000011101101101101011100101001
011011001011001010001011101010100010010011000000101011000000001100001101000000001101001000010000101011011010100001000100001000010101101100010101000011010101101011001100101010000100101100000010000100101011010001001000001100010000011011011000100000100010100101000000101001101101011100010011000101101000001001011011000010010101010010001011010011000011100010101001101100001011000100001001
101001001100101010101011100011001010001001100101101100000011001100100100001000011100011001101010101000100100000001100000100001010011011001011011000001001011100101010011101000101000001100100101100101011010000100011011010010000000100100101001000000010100010011001001011000101100011010000100000000010100101101101010100011010011010000100100000000011101010011100101011000100000101100100101
011101100011001010101100011010101001001010100010000011100001011010000010000101101100011011011000011100001001010001000100101010001101000010000010000100100100011010100100011100010011101011101101011100001101011000100011101001101100100011000011100000100010101011000001100010000001010000010011001001011101011000101100010101001101010001010010010101101101011011000101000001101001011101100001
101001100000010000000001000000010101000010101101010001011011011101100101100010100011001010101100010010011001101000001011000010100011000011010000010000001101010000010101001100011011100101000101011000000101101100011000010100100011101100011001000100001101001101011101010000000101011010101011100010100101101010100001001100101011001010011001001101011100000000010010000010011001101011100010
101101000001011010011101000100011001001101100100100101001100000001011100010101101001010100001011000100011100011001101100001100010001011101011011100010000001011100000001101100100011100010001010010100101001001100001001001011001010001101100011100001101010000001100101000001011001010000000000011010101001011010011000100000000101010001000001000100011101011101000101010100101001011001010010
101011011000010011100100000011100010001011101000000010011101101000011000001000000001001010011000001010001010010010010010001100001101011101100000011100100101101011011000010000000101101011001100010010011011100100011010000001100001101000010000101100000011001101100010001001011011010000011011000000001101011101101100000000001010100100001100100011001011011010100001100010001010011011000001
101100011100000101101101000000101000101100101011010010001100001101011101010001010000011100101000101011001010101101000011100010100010011101011100101100100100100011001101001001010010010000010100101101010100101000000001101101100001100000100100011101011011011000101100010011100010010100000010100011011000101010101010101000011101100001000011001000010100001001100000101001101010011100011101
010010011100101100101010000101010100100000011011001001011001100001101011101000011000010101001011010010101000101100001001010000100011010011101000010011011100011000100101000001010101001101100001011101001100010100100000101010000001010001011001100000010101011010011101101000001001011001001100001010001101100100000010000100101000000100010101101100100000101000101001011100001000001101011011
100101101000001101011100101010000000100000100011000101100000011001011011011100001000001100000101101011010100011011100000010101101100100001001001101100100000011010000011100000000101010011101011010011011011100010000101000101000010100011000011100000000011010010001001010010010101010001100100000101011010001010011001001010001001101010011011101010001101011001001001000100101001001000011001
001001011010000010011001011001000010100010101010001101010011000001101101000011100000010101011001101011000010010010011000010100011101010001000100100101101001010101011100001100101001000011000101011000010011100001101011100001101010101000000000000011000010000000001101011000000010100010011100100010100010101001101011100100001010101101101000011101010100100101010010011001000011010100010001
100101100101000001100000000001000001010011101011010100010101100000000001101010010100100001011010000101000001000000000010000011000101000010101100011001100001010010100011101100001101010001000100010100101000010011011010010010101101100001101011100000100001001001011010000101000011101011101011100101000100001001000101101011100100011101010100000100000000000000101000010011000011100010000001
000001000000100101101001101000100000010100010011101100010001000001001100011001001101000000101010000000101101100100000100010100100101101011001011100101101000011101001100011011011010000011000010010101010011001010000011101101011001000100001001010010000000000100011101000010010100010010100001100000011011100011000100101101011101001010011001001100101011010011101000011001010100101000010011
101011010000000000101000101101011010101011011100010011010000010001101010000000001001010101100001000100000010101000100010000011000001011010010011011000101100101100100000001100001100100000101010001000010000011000001001010010011010100001100011100011000001000011001000001001011001000101100100011100100000100100001000011000000101000010001000011100100101101101100011100000010010100100101001
011000101100011011001011000000010101010001100010000001000000100001100001010001001000001100000011011001010100000011000100011000100010011101000101001011011000000100100000101001011011100000100011100010000000010010001010100001000010100100100101000001010101100001010011000101001010011010000101000100100000100011001100101000001000010010011010010011000101001100011011010101100101011000001101
001001000001010011011100011100001001010011010101100000011010010001011000001000001001000011001101001011100100010101100011000010011001001010000001001010001010000100000001011101001000011011001001010101000100001011011001000010011100101010100010010100011000001101010100101010000010101100011100101101001010000011011000100000101011101101011000001011101001001010001010011101101000011101001001
000011100101010000101011001011001001000001000011100001100001010100000100010001001010011011001001100101010011001101010100101011001000011011101000100101000101100100011001101011010101101000011010100001100010010000101010010000101011001101101100001101001001001000101000010010010001101010010100011000001011001000100001001010010100010010100100100001001001000001001000011010101011001000000000
010011001010011101101010011000000101010011000000100101001000100011000010001010010010011001010011001001100100101010100010001011010011011101010001101100001011100100100001001010010011001101000010100101101101000011100100100001010010011011101100101011101011000100100101001010011100101001100000000100100011011011000011010001001000010100100011101100001011001001010001000100010011001011000001
001001010101000010001101101101001000100011000101011010011101000010101000100100000010101100001011101001101010010011011101010000010100001101001101011011101010101001011000011100100000000010010100100001000010010010001001100100101010010101100001100000000101011001100011011101011000101001011011101101101000011000100010101011001101011101000001001011000010011100001100100100101011100000000010
000010100011011101011000000001100011101000000011000010011001001001101011001011000001100001010000100101001001000011000010000001000101001011101100100000011100000100101010001100101100001011100010101000000011010101011010010101010001011101101101101011101000011101010001000011100101010101101100000011010100010010010001001011100100000001000010011010100100100100011011000000011010010010011001
011001101011000011011101010000010000100100000010100100011011010100101011011101100001001011000011101100001000100101000010001100101000001001011100010101011001100011010010101101010011010101001000001101100010100001011000101101001010101101000010011101010001100010101011001000001001000010101100100010001000000011001101010000011011001001100000011100011011101100000011000010000000000010101100
001010010101010101100010010100101010100101000010100001000000100010001010000001011011101011100000000011001001001101100010011001100100101011010001101011010010001100101000101101101101100100101101100000100010000000010101101001010000000011010001001011101010101010010100100010010011011100001001011101101100100100000100010101001000001000101010000010100100011101101010011001011101011000100001
101000011011001010000001100101001011000101000000010101000010001011000011100000000101000011010101101010011101000000001010001100100101000000011011101000011101011011010001000101001101000010001100000100000100001101010010100001010101010001100011011001011100010100001001101100000101101000001000010010100000101011000010011000101100011011100100001011011000100101011101001011011101010010100100
001100101100100010010000010001001001100000100100100001000001001100001000011000011101011001100100001010000010101011101011101001001010101010000000010101100011011101010001010100101010100101010101100100101001010011001101000001001101010100100000001011001000010000100010100101010100011011100010001010100001100001001001010011011101001100010101010000000011001010100010101011001100000010011100
010100001010011001101100010101001000011101011000000000001100001010001011001011011011010001100001011000101000000001101101101101101010101001101010010011101010010000010100100101001101100000100011011000000100001101010011101000011011011101011011011001010100101001000101011010011000010011000001100100101010011000011010011000010010101000010101010011011001100101100101001010100000100011000010
000011001001101001000001000001000010010011010011011101101001101011010000100000011011100010101100010100001100100001001011000100100011011011000011000001100101000011010010001000001001100000010101000101101010001000101010001001100011101000100010011010000101000001011001101010100100011000011001101011101101000010000100011001100010000001101010011001011101011010101000010101010010100101101011
010000000011101010100001000101010000101010011100001100010001100101010011101000000100011010011101011101100001001101000001100010010100011100010100010010001100011001010000010100010010100011101011100001101100011011000010001000010101100001010100010010011101001000101011000010001100000010011101101000010000000001100010000010101011010011100000011000011001000000100010000000100001011100101101
010010101011000101001011101001001100100100100001011011001100010100010010011011000101010101011011000100000000000010001100100001100010001010001010011100000100100010100010000100010100010101010001010011001011100011011001100011101000010101010100101101001001011010011001010001011011101010001011101001011100010011000001010001010010000011010000010101000000010101101100010011011000001001000100
100000000101000100000101011001001010100101000001000100000010101101100000000100001001010001000011011010011101001000101010100011100100000100100010011011000101000101010101011001011000011101010010000011011011000001100001011010000011011101010010000010001010010010010000011000000001100101100001010101001010101101100001001101101011011100000000011011100001010100011100010001000101011100100100
011100000000001010010100000101001100100100001100011000011100010001010011010000010100101010011010101001100000011101101001010100100000101101011000000011101010001010010101011011010100101001010100101100010101001000010000010000000100000100010101001001000010101000011100101000101100100101101000010001101011001100101000010010001000000001010010011000010000001101010000100000100100001101010011
000101010010001000011010011001101100010100101000000010010010010101011011000011011000001001001000011011011010010011001101000100011001100011010000101001001101001001000001011001000010010001100010001010001001000000100100010011101010100001011011101101010011011001011011000000000000000001011100101100000000000010010100000100001101011011001000010010100001011101001100001001011001010101100100
001011010010001010001010001011001011100000001000011011000101000000100001011100000100100100100000001100010010010010100000001011001001011100011001100101101101010001000000000101011001000101011000011100001010001000011011101011010011000000010101000011011101101011010000000000000010011101001101100001100101101101100001101010000001010000101100101000000011011010000011100000101101001000010010
011000100011101100010100000101101101001001010101010011011010101011000101001001001010000100100101010101000001001100000000001000011000000101000010000011000010011010011101010011010001100000101000000101000001101010010011001101011000000100100011000101100100100011011000010011001100011000000011010000101101100100100000101101010101010100001010001001010001011011100001001011100100100000101011
011101100100010100001101101001101000001101011010010000000101010010010000100000000101001101000000011000010100011011100011001000011100011000011100010101011011010000101011101100101000011001010100001100011000010010000011100000001101001010000001101100010001011011010000010010000101100100011000000001010001101100000101001100101000001101100100010001011101011001001000011000100101010101011010
011000100000011000001011100100000001011000010001001100101001101101101101100010001100010100011001000100100001010001001011100010010101010010100100100100010010011100000100001000010100100100100100011000010100101100101011000001010011011011001001010010101101001100101000001010000101010011010100001101011011100001101101101001011001101001101001001101001001101101101101010101101100101010100001
101010101001011001001001101100101010000000010000011010011101100100101011011100000011101010010100011010001001010000101100010011101010101000010011011011101101010000010011001101101011001101001010000010011100011011001001101101010100000010101001011001010101001011011010010100100100010100100001011101001010000010100010001000100010100101010101010011101001001001101000001010011011101011000101
101011101100101001011100100011010000011011001000101010010000001101100001010000000101101001101000101010101011100001100010000101001011001000000010011001000000001011100100001100010101011101010101001101000100101001011001101101100001001100000011010101100100101010101011000100010000001011001010010101001011100001011101001100001001010010000011010101101011011100000001001101001011010001010000
000000100000010010101101010101011101001010001001100010011101101011001001100010100101010100100010001100101000101011010010001000000100101101000011101100011010101100101001010001011010000011011010001001100000101010000101001000101000011011001101010100100001000101011001010001100011011100011101100000100101011000011010010100100100000000100100011011000001101000000101011011010100001100011010
000100010011101001100010010100010100101100011011010001010011100000101101001000100100001001010001101100001010101100101001101000001001101011001101011101100001001100010101001000011000101000000011010000000011100100010011001101010100010010010000000101000001001010000000010000000100000000000010011101011011100000010101101000011100001000010011000000010010101000001100011010100001011100000000
101001000101001100001011100010001001000011000011001000101001011001000011010010100100100001010100101011010001001010000001011000100010010011001000011000000000011000010010100000010010101010001000001010010001001100101100000000011001011101001011001101000010100001010101010001000001100001101011101001000000000100011011100010101100011101101101101100011010001010001011011101001011100001001011
011100011000000001100101010011100010000011000010010101010011011001001011010010101011011010100101101001100100101001000001001010101010001100100100000011100100010001011010011000101100101010010010001101011000000101001101011011010001001001101100011000011001011010011001101101101101000011001101100100010000001101011001100100000000101101001100100101011010001000101100011000010011101100001001
010001001000101101011100000010100010011011100000011011011000101010001101000001100010101011010010000011000011100000000000100010100011010011000011001100100010011000011011001011011000101011011101011000011000000011000001001001001011101011001100000000100101101000000100010011101011101010101101011011100001011010101010001010011011010100000100100010011010100101010011010101100010101000001000
000101100000010011010000010000000000100011011011000001100010100100011100101100100100011101001011100000001100101100000000001100011010000000100001010011011011101001101101100100011001000100011001011001000000101011011010011001101001101010011100100100011000101001000001010000001010001011000010010001011100000001100100101010101100011011100101100010101100010100101011001010010100001100101000
011001101101011001011000011001011000000100000011010011011000010101000101100010000100011011010010000011011001100101000001000011010000011000001101001000100001010100001011010011001010101101011010010001000000010100001000101010010011001100000011101100101011001100011011001000100000101101001100000011011001010000000010000100101011100011001010001101010000011000101010011101010010010001000010
010100101000010100001101010000001001011101100010010001101011011000010100011101100101010010100000000001010001011001000001000010011001010001100011001010000010100010000101010011100100010100101011001000010011101010010001000010100011000101001001101000000101000011101001101010000000000011101000010000100001011010001001001100000101100001000100000001100001001101000011010100000000000011001010
011010101000100001000010100010001010101101100000001101101101010100010000001010011000001000101011101011101101100000000011000011001011100000101101000100000000001010100001101101001010011010001010000010010000100000011100010101010010001000000011001101011101001100011011101000010001101101100011010101010011011011011101010001011100010101001001100100001011000010001100100100000010101010011100
010001101101011001001000001011010011101000000001001101100011011101011000001001001101000100000011101100000000000001010101001000011011001011010101101000010101001001000011101101010100000101101010100010001001000101010000001000011101010000001010011101011100101000001011000010000001100001100100010011101000011100011101000001100011011000010001100001010100001000101100001011010101000010000010
000011000100010000001000101101101101010000101001100010010011101000011000000001100000011011011100010001001010010011000011001010100101000011101000100010011000011011100010011000010001100011011101101010011101001001000000000010001100000001010101001000011101001001010011101000011010100011101010000000100001100101101100001000000010011000100011000001010100101101000001000010010101101100100100
001101100101001101010100001101000101101101100011011001010101100000100001101101010011001000000000000100001011000010001000010011101010101100011001101001100000000100010000101011010100010011010100101101100100010010100001101011000001001011010010000000010001011011100000101000000011011010000010101010100101101000101010010001000101001101010101100000010000101001101011011100011100100010011000
101101010011000101000000000010010000001101010010011001101000001001000100100000011010101100011000010000101100001010101101101000000100000101000100001010001000001101000001001101010010001011011010100101101100011011010100011000101000101001000010011101010011001001000000010001100101011100001101000100100011000101101011101100010001101000001011000011001101000101001100001011001101000010000000
010011010001000001100011000100011010100010001011011101101010000100010101000101011001000011000100000010101000101100010001010000010010000001100001100001010001010010100001011010100100001001101000001100010101100001101001011101001000010001001011011100101001001100010010001000010010101100101011101011001010101010010010010000010011011100001010101000101001100000010101011100000100100001010000
001010000101000100000101010101000101011011101000001000100100001001011100001001101000001011101010101000000001101100101100100001001100010101001001010101010001000011001001011000000010101101001101010000001000001010000011011101001010000101011010101001010001000011001001001011100000010101010000011011010011001101101011000010100100101100101010011010101101010010001100100000101000101101000101
001000101001100001011100011011010100011000010100000001001000010011000100000000101101000011011000001001000001011000000010011010010011000101101011001000011001101001101010010011100101000010001101010001001011101000010000100101101100011101001011010100100011100011000011001001010010011000000011011010001001010000100100101100010101000010011000000011001000001010010101101000101100001100011000
001010101000000101010011100011011101101001101010000100000100000100011011001100000010101100000001000101010000101001001100010001101010100001010010010100101011001101100000101101011011010001101100001100100011011010011011100001100100010101011010101101100100100011011100100100001100100000000001100000000011011011011100001010101000011000000001011010100011001101001101001001000010001011101101
011100100100000001010101101010001100011100101010011100101010001001010101001000000011101001001001011000001000101101010011100000011001100000101010000010100001101101100010100100001100000100000010101011000100010101001101001100001100000100010101000000100100011010000000001010011010000011000100100000101000001101010101100001000101001000100100101000000101011011101001001101100010101001100000
000010100100000011001000001100001011000100001101100100001100100011011011100100001010100001100100100010010100100101011001101101010010100100011001100001001001000010011001001100011000011100001011000010011000001100101000101101000100001010010011010100010101000011101010010101011010101001101001101010011000100010010001101010101000011100000010010011100011001011101100011101000100101101010000
010010011001011101100011000101011101001100011100010011000101101010011100100011100011010011010100000010011001101010101101011101101010011101101011010101010100011001000101101011100100010010101000101010000011001000011001001100001100101100100010101010001011000100010100011010001000101001011001000001001011011010100011011101101000011101000101101010101101000101100101000000101010001011101001
000100001100000000000001000011100000001101010010001011001100001010001011011100000001100001100100001101100100000100011101000010010100101001100011000000010011000011001011010000101100001011001100000011001100100001010001000011001010011100011001001000000000001100011011101010101011101010010101011001100100100000001000100100101001000101101010001100011001001001011101101001100000101000011100
000101010011101100101010011000100001010010100000001101101010000000000010101001100010101001100010011001100100010000011001000001010001001001001100011011000100100100000010010001001001000101010000101100011000010000100000010101001001100101101101011101001000000010101011000100100100101011011010001000011100001000010001001000100011000001001010011010001000001010100011011100100100000100100101
011001001100000010001100100101001011000001100000011001011100001010100010001000001000101011010100100000101101000010011000001010001001011000000011001001101001010000010001101000000011001100000000101001100000101010011001000011011010001100100100000100101101000101100101011100100101101101010011001011001010101010011010001001000000011100010010000100101010100001001100010000011001000000001011
011101101001100000010000101001100100000001011000011011011010011000000100101010101001001011100010000101010000100101011000010100001011100011011011100100001011000011010011000000100011010000010101100101100001000001100100010000010101011101000010011101010000101010001001001010100010000011001101100000001100001010001010000101101011011001100011001011011101000101011010101010101010011101010010
100010010101000101010100011001010100100001001101011010101011001001001001010000001010010010101101100101001100100001011100010001011100000001010100100001101100100011010011010101100000010010100100100100000100100101000011000100010100100001010011011100000000000011001000100100010010001010011101010011100011011101001000000001001010001011011011011100000001001000001101100010000101100010000001
000101011011011100010000101010010000000101010100101010000010001011011101101000010011011101101101000101101010101000000011011100101000011000011100001011001011100101100010100000010101001011010011000011000101010010010010000011011010100011100010011101101011101001000100100000001100001100001000011000001001000001011100000101101010100101010011101100101001001101010011010000101010100000011001
101000000001011011011001011100001101001011100011001101011011001100101101000001011001001100000000100011001010100100001010100000101101011100101010010000100000001000001000010101001101010010001000011101100101011000011101100000100010101001001101011010100001000100011011101100101010001010100101010100000001011000001011011001100100011100100100011100000100000011001100011011010001010011011100
010010001100010001000101011101010000101001011101011100011001010000011000011010101100101100001100010001101000011011001000000100000011100101001000010000010011011100000010011010100101000010101101100000011010000101010000000101010101100011101000000001100101000000100100101001000001100001000100100010011000011011011000011000101101100010001010100010011010100011101101001010011101100011010000
001000101000010101001010100100000100100100101010001011100011101100000100011100001000101010010001000001000001011100001001010011100001101010101000101100011010001010000010011010001101011011001011101100011101001010011001001010000000001000011011101000101000010101101001000100000011100000001000000101101011010011000010100100000001101011010011000011101010101101001101000011101000000001010000
011101000001000001010001011100001011001101000010000010001010100010100001000101011000100010101011101100010011101000010101100010101100010100101011000010000001001101011100001101000101000010000010010010010010101011000100010010100100101001000000011010101001011011100011100001101001000001001101011011100000000011100000100100011001101011001101010010100011011001100011100000101000010101000100
101000010000101100000000010010100000101100011100010001000001100100100101010101001000101001001100001000100100000100010000001000100001001001010001011001000011101001000011100010101011011011010000011010010011010010011011100100001101001010010001000101001010000010000000100010101010101100101010100100010100010001011101100000101011010000000100000011100011101010101010010101011011100100000100
101011000100001011000000001100100011100000000011000010010101010000010001001101010001000100001100010000100100100011000100001000100001010010101011100011100001010100011011000101100100000011001001101001011100001101101010100100000100100010001011001010101000000010101001100010011100001010001001101011001000011000010101001001101010100000101101101011010001001100101010101000101011101011011101
101001010100101000100011100100011101000000011010001001010000010000100000100000000010101011001011011010101000010010000011100011010001100100001101001000101010101011011010101100011011000101100100011011100001010001011010011001100100001010100101010011011011010100010011000010010011101010010000011101001100100101100011011000001011000100001001101010011101011000100001010011010001100011010100
101001001101010000100011100011010001001101100101101011011000000010001100001000101100010101011000001001011101101001010101001001100011000101101101101011100001001010011101000000100011100100010010000001101010001100101000001001000101000101100100100011000100011011100010000010101100101010101100100100011101100100000011011001011000010010100001101000001100001010001001000000100101010000010011
000010010100011100011001001010101000000101001100100101011101010000011101010000011101100011011100000000100000011010000101010001011010010000010001010000011100001011000000101101010100011011010010100010001010011001001000011011001100000100010101100011101000000001101001000011000000010011001001010011011010010001000101100001011100000101010101011010100000100100000101100000001100100000001000
010101011011000011000001000000000101011100010001000101010100001100100000000010010101101010010010011101010000000101000000011101001000010001011100010000000011101011010001001101100010011000101000100100101100011001100010000101101011100000000101000001000101100101010100000010101100001101010100011010100100011000010101000000000010100000000100100101001101000010001101001100010101011101010000
001000100010001001011001101000010100101010000000001101010000010101000011010001101010101000010000001001100001011011001101011010010001001001001001011000000010101000001100001010000001010100001000000000000001101101000011000101010011000000001010001001001001100000101000011011001010011000101010010011000010101000011010000000011100001100000010001011000001011101101101001101000001010100100000
100101100010101101001010100011000101000010011010001011010101101011000000011011001001000001000101101011010001101100010100101000011101001101001000000101011101010001001101001000101100000010001001001100011101010010001101001100100000001001010000101100101100000100001010011000001100011011001000001000001100010011001100011010010010000010101101011100100001000011001011100100011100010011001011
000010001011100010101101010100010101011101011100101001000010100010100100100011101101100000010100100101011000010100101010011000011011101010001011100010010010100000011011000100011001010000001010100100100011100001100000010000100011001101001011000011011011101101101010101000010100011000010001100010011000000010101000011000100011000010101001011001000011010101010101101101101101011000100101
010011010101100101000000011000011001101000010101010100000101010100101101001101001011011000011101000101000010100011010010001100011010001001011001011011100100011010011000101101000010101001011000011101101000101011100000010010100001000101000101001101010001001011100000100000000101101001010011101101000001010001001010001011000011011000001101000101011000010101101100000001000011000000100000
010011100000101011100001011011100001011001000101100010001011011100000000001100010010011001010000011010010011011010000011100011001001010001011000101011010001011101000101100011000001100011101101000010100000101001101010010100100010011010101101000011010101000000000011011101010011000100001001001011101011011001101100001011011011100000010010001011000011001010001011101100000011000000100101
101011000011100011001100000011000000101011000010100100011100001000000001000000001101010010001001011010100000011100100101010001001100000001001000011001101000000001011101010000011011011010010100011011001100101011101010010000011001011001000100000001000010010101001101001010011001001000011011001000011100000011101001001010101101101011101000000101101001010011011101000011010011010100001001
101001001101011010001001101010010000011000001100101000001101101101101010011000001000011100010100010000000001000010001000010001011010101010000010011011101100101100100100001011011100011001000100010100010101001101011001010001101100100011011101010101101011010001011001000000011101101100000101010101101011101011010101011101011100001101010101001001001000000001000001000001100011100101010101
101001010101011001011101001101100101010001001000100001010011101010011001001001100100101100000101001000011101001000001001001000010001010101011001100100101100001010101101000100011000100101011101101000010011101100000010000010000101000001100100011010100000000000011101011001000011001101000011010101000000101010000010001011010010011001011101010101011001001011001000100100001010100101001100
011000101100001101100011011101001001001001101011010100001011001101001010101100011000100011101010010011011101001101100011011100000011000100000001010011000100100011011000100101101001101000001101011001100010010010100000010100101001100100010010010101011011001011001000011011100000001000000010001001011010000010101000011011011001100010010000001001100100101000100001101010100011001001100100
001001001101011010100001000100010011010001101010001101011101100101011000101101010010011000011010011100010011000001000011001100001000001001010100001010011000100100100101101101100001101010100100011000000001001010101011001010100001100100100011100100100010101001000101000001100011000101001000100011101100011010000000010101100100011001100101000000101101011000010000001101010000000000000000
011010100010101010000001010011011001001000011101001011010100100001001100001000010001001101011101011100001011011000011100011001011011000001001011001011101100101010001001101100011001010011011001001010101000000100010001100100101100100100011011101000100010100011000100000010010001000001011101001001001101010100011001000101100101011101010001011011010100101000010001000001101010011000001001
001100010101000000101011010100000001011000011100001010100010011011100000001011101101010000000001011010101100010011000101100100000011101000000000001000001001001010011001001101101101100010101000010000001100100011010000000001001010001100101000010011001101000011101100011001100100100001100011011011000100001011001100100010011001000010001100011101011011101101000000101000010101100000010011
100100001010011011011010000011001001010001100000101011001100010011101101000100001011000100101000100001101001101101010001000010000011000000000101001101001010100011101000011011010001000100011010000001101000001001010010001101000001101001000100011011101001011000001101010010100100001001101000010100100100101100010000101010011101101101101010101000010101000010010000000010101010011101011001
100011010001000101001101101100000100100010101000010001101001001000001000101011011100000001001001010010011001001101101100100000101001010011100101100000011100000001100001010101101011010100010010010100000011001000101100000101000101011100010100101011001011011001100011101101010011001010000011100011000101000000000010001010100011010000101000011011101001100001001011100011100011001011010010
010011100001011011001000101001000011100001001101001010010010011011001000010010010001011100011010010010000101100101011000100101010000101000011100001010001101100010011011101010001101001001101000011000101100100011000001010000000000000000000001100001000000100010100001100010011010010000100010010100101100000100000100001100011001100000011010001010100000000100011011010100000010010000101100
011010010000101100101101100000001000000001011001010010001001101101010101001100000101011010000100101010010000010000000001101001100001010011100100100011001100101001001010100000001000000100101100010010100001100000000100100011001000100011100011001001000100101100101011101000100100010001000010010011100101001010011000101000010000100010001000101010011010100011001001101010001010001011101001
010101011000100101001100010101101010101011000000001000010001010100010011001101101000000011011101101001100011000101001001001001011001100011101000000100000001100011001000011010100000010101000011011100010011001001101001011100011100101001101010011101011000000000100101000011101001010010101011101101001010010000100100011100010010000101001101010000100001011101001011010100010001011100010001
100011100101000010100100011100000001001100000100000000001000100101011011001100001010101100010101101101011010001100000010010011010010000100100000010100011100101100101010101011100010001010001101000010011100101001101100011100100011011100010000011100010100001101101001101000010100100010011000011000011100001101101101010010010011101001001011011010011101010010011100011000000011010000100001
010101101001010101010000100010101101000001010000000000010100001101011010100001101000001010100100010001010000011101100010010000100001100011010100010010011000101000100101000011000000100010100100101001011010001101101101100010100000010000100101010101011001001001000101010001010000100000010101101101000100101000001011001100001101100100011001000001010001100011011100000000001011100010011010
101101010100010010010010101100011100101101011100101000000001001100001000100011011100100011010001001011010001011011010010010010101000010100010100100100011000000100101001010100011001101010101010010101011000000101000001000101011100100101001101101010001100010100000000101010010011011001001100010010010010010001101101011101100000011001011011000100010000000100100001100101100100000101011101
001100001001100001001000010100011101100001011100000000000000101001000010000011011001011010000000011011101001010010011100001001000011001010010001101011010100001101100101100010010011001000011001101011011011001011000011100010101010001100001011010010000100100000001100010010100000101001000101100010001101000011011100011010100011011001101011010011000101010000100100010000011010010101100100
101010011010011001000000011000100000000100000001001001011101010001010101100000010101100011010101011000101011100010011100010011100001101100100010000000010000001010011001010010010101011001011101001011100011001010100100101001010000101001101000011000000101100010100100001100011001010100011100100011100010010011101011001000100001001000010011000010001100001010100001010100001001101100101011
000000101101100000010011010011000100011001000000100001000011000001001000001001101011000100100100101001100010100101010011011000000101000010100011001010000011101000011100101011010001000101000000011010010001001010101100001101001100100011000101100011011100011000000100011000100010101010101100011100100001100101001100001011001101100000011011001100001010011010010100011011001000010101101011
100010000101011000000101001000011001010001000100100001011100001000101001001011101101000011001101100101001001010000001101000011001001100000001001100011001011000100011000011011011010010011011100000011010010010100010001000100100001101101001001100101000000100100000000011000000000001010011101010000000100100011000010100100001011001001000001010000100010100000100001011101010011000000011000
001101011100000001010100000101100011101100011100010101011101001011000011100000010000100001001011001000000000100000000001011000010010000101100100100101011001010101100001101010001101001100011100010001010000010001000011010010001011011011100011000000001100100001101100100010100001101000001011000000100010100101101011101100100000101000100010010100101011000010010011000000010011011101100100
010001000000100011011101010001100001100000101001010100000100101010011000010001010100000010100100101100011001101010100000101010011101011011011001001000101100001101010101000101101001001101001011000001101101000010100101011000100011001001010010001011010000100010100101011100100011011011010100000100101000011100011100100001001011011001011010101011001101010010001101101100001000100001011000
001001101001100101101010100101000101100000000011000011011010100000000100000001010001011011100000010001101000100101101100011011001011011011000001101101011010011010001010100101000010001100011000000010101101011001001001101011010100100000010000000000000011101001101000010001000100001011010011101001101010100011010100100011100010000000001010101011100101011011001100011001000011010001011010
001100010010010100011101001010010001011011100001010001001100101010100010011010000101101011010010001101100101011001101010010010001011101011011011100101100101100001101101010010001011000000001001000001001001001100011101000100000010000011100011000000011100001011000011100001010100101100000100010010101010001001101010010011100100100101101100000011001001100011000000100000100000011010010101
011001100010100010101011010010100001000001100100010001010010011010100010101000001001100010000101000101010000000101001100001000001001100001011000000101010011011001100010001010101001100100100011101001010010010100011011001100011101011001100011001010011010011101101011010001100100001010101101000000000010000011101000000011101000101001001100011001101101101011010011011100010001011101000010
010101011011100000011001101011100100000011100001100000100001000001001000001101101011000010101101101001011101100101010101100011100011011011000101011100010011100100000100010100100010011011011000101000101011000100001011000011011001000101001010010010101100101010011101100011101011101001000010011100000100001010000010011100100011001011101101100100000010010011010000000100001000101000001000
101001011000100101000101011000011011010100011101001001001011011010011011101101101000011101010001001010001011010010000000100101100011100011011100101011000011101000000100101001010001010100011011010010011010101100011011011000010100011100100100101011100101001001011011101001100001001011100011010100001010010011011001010010010011010001001000000001101011010000101100010010101000100101101001
000001011100000000100011010101010100011100010101100100001010010010101001000010100101000101100101001101011000010011000001001100000000100101010001010100000011100001000000101101000100101010100010001101100010011100001100011100010101000101101000011100011011000010100100000010101011000011101010000010010010010100101001001000010101101001011011001100001000100011011100000100011000100101100100
001101101100001100000101010010000010000011100010011010100001000100001010010101000001001101101100100000100101101010000011000101001101001001100001001011010010000000010010011000010001100101010000010100001100001011011010001100101011010000100101101011000011100010010000000010001011100010010010101011000000101101010001011101100010011001010100010011100101001010010000101000001100010100010100
100011100001011100001101100101100010001001011101010010011000010000100011100010010100010010001011000101001101001010101101101010000010000101010010011000101100000010000101100001100011011010100001011101010000001101011100001011100000101101100000001001100000001000000000100101100101000101101101011001011100001000101010101010011011010101101010010000010100000100100100001000001011010011011000
000000000001010001000100011001000000010001000101100101010101010010001010000011001100100100010000100101101001001010100100011010100011010001100000000010101101011001001100010011011100101010010101101011000101101100010001101010010011010100001010000011001010100001010010100010000101101011100001001011011000000000001001001101100101101001001101001001100101010100000001000000000000101100001100
010100100100001000100011100010000101100000000011001011100011011001011000101011011010100100001001011011010001101010100101010100101100000101010100011101000010000100011001010001001011000100101001001011010000000010100101000100000101001101000101010011010001011010101011010001100000001000011001101011011001101000101011011000101101011011011101101010001010101100001101011001101100101101100010
001000101100010010010011000000001000011010010011001001010000001010000001010100011010010000010010011011101000100000101101011000100001011100010010001001001100100101011010010010100011011101000100011000101010001011001010000000100000000001010101101011101010001001010010000001000101010000010100101001101100010100100001011010100101100001001101100100010100010010100011001001101011101000000011
101001000101100010010010101010001101010000000100010100000100001011101011001100010000100101011001010101100011010001010001001100011001000011101011100011011000100101000000010101011101101101010001000000011011010001100101001100100000010001010101011001011100011001101011100000001100100100001101010101001000101000011011010000100101011100011000101010011101101000100010101010101100101100010000
100000101000000010011101001100101001011011101010100000001011010011000011101011011001001001100000100101101101010001001101011001000000010100101000100101000000011010011011100010101101001011101011001101001000101001011101101011101001011010010010100011011000010001010011101100000000100100100011001100010101011101100000101100101001001001011010100001100101101100001010001011001001001001010011
010100011011000011011101100010000000000100011100100000011001011100000100100011100100101010000101101000011101011100000011000010010010010010001001000001100100100100100000011010100100010001001100001000001100011100100001100000101011001001001011100010011001011100011000101010011011000000011100010001101000100101001100100100101010100010101100011001100000010000001100000001011001010000010001
011010010011010100011001010010100010010011000101010101100100101011101011000101010101001100011101000000101000100101101011101010100001000100101100011010001010100000000100010000000100000100100010000010001010001000011000010000100101101000101000101011010011001011010000011000101100001010011101001010101000100100011100010000000011100011100001011010101010001000101001100010010001001000000011
100100100011000100000101000100000000101011101011001101010100011100010000101010011010000101000010010101001000011000001100011011101011100001000011000010011000000011001000101010100100101010001101000000001101010100010001011000011101101001001010010010001100100000011001000001011011011011000011001100001000010101000100000011000010100000010100000011100000010100010010101100011101001011101101
000010100101100001010000001011001000010000011010100000100000001010101000001010010001001101101101000010001101010000000101001000100001101001100100101011001101001001010001000001100001101000100000001011000100101101001011000101101101100001011000101001010100100001010001100000001001100010001000010001101001001011101011000101100010001001010101000100011000101001100001001100000010100001010011
101100000011010001000100101000000011011011100000100011001011101010101000001001011010100011000001101001100001001011011100001011001101001011000001101001100000100000010000011011000101011101100001100101001000011011001011011001011000101001001011000011011000000011010011000001100001001010000000101100011001101001011100011101011010100101001011001010010001000100010001010000101100000011011000
101011011010000010101000000100001000001011010100100101100011101101011100001001011101001101010010101000011011101000101011001010001101010001010010001100100001010101000011101100100100000001001011100101100100100000011101001100101000001010101010001000001010000010010100000101100010010011011001010010011011101001001010011100010100100100101100101101000011001001011011000100100011010011001010
101000001101100100010011011101101101101010010100100101101001000101100000100001001100001100100011011000010101001100001000010001011001001011011101100000001011000011011100000010100010010011001101010011011000000010010101001010101010001100101101010001101101100101101000000001011101000000000000011001000100000000101000101001010010000001001010011000001100000001000101001011011000101001100000
001001011101000011010011010011000001000101011100001100011001010100100001010101010001000101010011011001100001101011011101101100011001010001101001000011001011100010100011011011011001000101101010010010101000010010011101010010001011101000100010101001100101000101101100001100011100000001100000001101001000000011101101010011010100001000000100011011011101001001010000010011001100100011010011
001101100100001000000001001000000101000011100010000001000100011010011010000000000000010101000101000000100000010101001011011011001001010100011001100100010010011100000001000001100011101101001000011100101010100011000001011100101011011011001011011001011011010101100010010011011001011000000010001011100000001101011100010011010010010101010001010001011010011101000101100101000011000011100011
001101101101010011010101101011100001100010011101010101011100001100000101001011000000000010001010001010100100000011001100011000011100101001000000001100011100010100011000100100001011000000000011001100100100000010001010011101100011001000001101001010100000101001001010010011011001000000011010100001010101100010101001100100000010000011010101100001010010011010000101101000010001001010100000
010010100001101101000001001101011101011011101010001010101101000101101100000001010101101101000011100000000000011100001001001011001011001011100011001100000101100010011000010000101010010010011100001101010010001010010101001001000011011001011010000100000010001011001011001000011000100000001010101011010000001011001000000010100001100010010101101010000011010000100000000100011000010101011101
100100010011101011011001100000011011010100010011000011010011000100001000100100010100001011000001011101101101011010100010000010101001000010011101100011000000010000001100001101011100001011101011101001100001010011101010001011010011010011011001100011000001000100001000000101101100100001010100101100001101001000101000010100000000100100000101100011011101000001001100011000101001101101000011
100000010001010001011100000100011100101100001010101011001001101101011001011010010100001000010001001011101001101001101011001000010011010100001001001100100101001011001011100011100001000101000000010010101001011011101001100011011101000011000000001000011000001011100000000010100010010001101010000101010000100000000101000000001100100101001011010100011000011101010101101001010011001011010100
101010010011001010100101011100010001011000001100001001001001001101011011001010010100010010000011100100011100100000011001000100010001001101000100100001011101011010000100101100000011011010010001100011101011001100101000101000001010000000101001010001000001010100101001101000101010001000010100000000010000011001001100010000011010011000010100010001010000000011001001100100100101000010001011
000001011100101011010011001001010100001001100010001001011000010011100010101010011000000001101100001000101001010010100010011001011100100011001011000001011101010100101011100010011011101100010101011000011001000010000001001011000101001010011100000000100011010100000100010100001010011001101011000100101000010010001010010001101011001011000001011100001011100011101100100100001001010001000010
000010001010000100100010101100100100011001011101000011101000101011001011101010010000000000010100000100101010101101100101100100011011000001000010001001000010001100010010011010001000010101000100011011100010001100101001000010100000010001100010011001011000100010100011001001101100010100100010100000001010001100000001101001100011000010100001000010100100001010011001100011100011101001010010
101100010010000011010010000000011001001000001000010000011010000101011000100011001101011000101001000001001001000000100000011100000001100101011010000001101010001011000001010101010000101010010001101100001100010000000101000101001100001000101101011010001101011001010001001001000100100010100000010000001010001011011001100010001001101101100100010100011100001101100101001100100001101011100010
011000101000000010011010100000001011000101001001100011010010100011100001001101010011101010010001010011101100100010001001011010101010100001010011101100011101101100000001011011001100100011001000000000101000010010011010001101000000101001100000000101000001100011100000011010011101001011100101010100001001010001101000001100101010101001010000010100101010000100100011101000001011000000001011
101000000011010010011011001000100100011010100000101101100010001011001011001001001000101010010010010100100100011101011000101010001100000100100011010000010011100101010001100001000001100000101010011011010000001100101011101011101101010100101000000010000000001101100101010001101011011010000011001100101011000001100000100010001100101001011010011000010101010100100001101011001010000100011001
100100001000101100001011101000100100001010010011001001101000101011000000001010010001101101001000011000010101000101001101010010000001010101101101101100001010011101001011101101001001101011001011011000000000000000001100011011010101101000010011100011011101000100100000001100101100011011101100011010100101000101011010100010101010001100001010000010100100011001010000000001011101100010010001
001101100101000011010000101101000001101000011011100000101000101001100010001011001011011010101011010001001011100011101000100001010010001010011011011001100000001000000101000000010001011011100100000000011010001101001001001010000010101010100000101011001100011010010001001100010000001000100100101010001010011101010001011010100011101101001100010010101000101000011100100011101101001001001001
010101011100100011001010010101101101100010100100010100000010000011011101010101001100101010001101011101001101010101000100010100001011010000011000001101001001101010011101100010001100100100000100101100010010001001101100000001100100000000011011011001011011101000000101000100010010011001000011000000011010011000101000101101011010100010100010101001010001010100010011101100000010101100100011
101011011000100011100010011100101101100001010011011100101101001001000000101010101101010010001001011000100101100011100001001100011000000101011101010100100000100010000000011010000011011010000010011001001011010010000000000001100000000001100010010101100100101001100010101010011101011001010010101010101101001001011001000100001010100011100011000100101101001000010010011101100000000101101101
101000010000101000001101010101100100001011101011100101000001000001001011100011101101100101000001100000010001000101100001101011000000101000000011010100010010001101001001100101101101010001001011011010001011100101011011011011000001000101010010000001101010000101100100100101101011010100000000000000100101100101010000001001100010010100011000000010101101011010001011010010100100010100001000
000010010100010010010001000100010000000100000001010010001100101000000100000000010000100010011010100001100010011100000000010101010100101100000010010010001001010011010010010000010100001100010001100011100011001100000101101001100100101100101100001101011000101001000010010101001000001100000101011010000010001101101001100010101001010011000011001010011000011100100101001100010100000010011100
011100101011010001000100101101011011100100001010010001000011001010010100100011000101011100000101010000001100001010011001100001010100101001101010101010000000000101100001101000000010001000101001011000100010101100000001101010000000001010011001100010010010101001100000000010010100100100001010000000010001100001001001001101101010100100001001011011100010100001100010100100001000101010011011
100010001100101101010001011001100100010001100011101011001100000101001011011001001001100000100010100001101101000001001011101011100100000010101010010001010001101000001001000011011001101001101001100001010101011010101011100101010011000010010001101101010000011010010010101010101011010001101100001100101000010101000101000000001100010011001101000010101101100010000000101010010010101101001100
001100010000001000011101100101010101000001000101100011101001000010011101100001101000100011100011100001000001100001011101000011010000000101000011001011100001000000101100000101101010011000011000010000011100010100101100011010001000101001011001000101010010101001100010010001000001000101011000011000101011010011011010100010001010001101010000011101001011011101010010101001100011100000011010
011010010000010100010010011010010101010001100010100000100100101001010001011101101011100001011000101011100011101001010011100010011100101000000100001101001010010001011001101011001010000011101010100101101100101000001010011000000001011000011011001101011101011100100001001100011011011011000011011000010101101011001001101000001101100010000001011010001010101001011010000011100100010101001011
101101001011011101010101101011100000000010011010000100010001001101011001100011000101011101010101001010000001011010011010000000000011000001000000101000010001101100100100000101011011001011010001000100000010000000010100000100001001010011100011010101010101000001100011001100100001000010100000001001100010010000100011000001000100001011001001000000100011001000010101100000010011010101101101
010010100000101101001011000001010011011100001010010011101100001000000010000000011000000010101010001010000000000010100101001011000011001000101000010100001000011101011101100001010010011001000011001000010000101001001000010100000001100010000101011101101010001100010101100011011011101001010101100100001001000001011100011100010000000001100010011011101001000101010011010101010000001000100001
001101011001101010101000100000001000101101101010101010001001011011011101100100001100011011101011101001010000001011100101011000100011010010100011100000101000100101101101000101010101101100101010010101100000100011000000010100011011101100001010010100011100011010011101000001000100101100010100010011100101100100000101000100100010001001101010100001011100000100101011000100001010100000001011
101000000101011001101001100101100010001000100010000010011000100011100010010101010000101101000100010101010010010000001101000010011011010011101101010101100101000001010001101101010011011010100011001000011011000000100100101000000010001101100001100000001011101001011011100010000000011101011011001100101011011000010100001001100000000011100100000101100001100000011010011100010011011011000011
011100011001001010001101010100010000100000100011101011011001010100101001011101101011001010001010011000001000001011101101000101001000101000000101011100010011011101010100100011000010000000000101100010011001001011010010001000001000100101101101011100000000010011011011100000010101100001000011100010011000011011001101011101001100001011011010010011010001101101001000001010000001101001000001
101011101101000101011011000010010000010100000100000101011001010011011001100100010001010010010100100101000011000011000000100100001011101011011000100100000101001011001011100000001001101001010010001001001010010001100100010011000001000000100001001101000001001010100000010001000100101010010011001101100000100101001000100011100100001011101100001101001011010011010101100000010101101001001010
010101011101010010010010010010101001100001001000010010101101101010100010100011010011001011000100000100100000001010011011000011000010101010001011101011001000011101100001000011100010101101011001101100100101100001101000100101100000000001010011101001101101010011000000011010001101011011010000101001011001010001001010010100100100011010011101101010010000100100001010001011010011010000011011
100011010010011001100011000010100101010011001101100101010101011010100001001000011010010100000101011010000001010100010000011100011100010100100011000011011010011001100001010010001101011010010010010100101011101011001100010001101100000001010001100100101011011000000101000010101001010101000000011101010101000010000010010101001101001011010000000100010100001010011011011100101011100001001001
100010011011101100000100100001001100101001011001011101000011101000101010001101000000001011011001100100100000001000001000011101100100101000011010011000101100100000101011001001101101001100101001100000100011101101011100100011000010001000001100101011100000101011100100000001001001011011101000000101001000100010011101101010001101100010010011010100010010011100011000000000001000010101101011
000100011101000101011000010010101000100011001001100101101101010000101011100010010101000000011100010001011001101010000011011100100011010100101011011100000010100101000010101100000011010011010000011010000010101001010011010010010010010011000011000011101101001011010001000010001101100100101101001100010000010001101010001000101011001010010000100010001010000101011011101011010101000010100100
100010101100010000100101011010000100010001100100010101011000001001101100100001010100100010001011000001101000011100011000011100000101101001100000001001101100100011000101001001101100101001000001001101010101101100001001001011000101001010101001000101011000000000011001101010011011001010011000010001001010100001100010000100011010101101101101010100011000000011100010011101010100100000010010
011101100000100011101010011001101101000010001000101101100100000011101001101001010001010010001001011010001000101001011100001001100100011010101011011100010100101100101100000101011001100011001101000011101000101001100011000100000001000000010001011011000000001100100011100100101101010010101100011010001000011000000101101001101101001101010100001010010011101010011101100100000010000001000100
100101010100000001101101011101011011001101001101011000101011010101100011100100000000101101101010010000011000101010100000000101010000011010100101011000011101001010101001010000001000001011100100100101101001010011001011010010100001100100000010010000000000101001101010101001001000011101010101100001000101100001000100101001011010001101010001010100010001010000000001000100001010011001001011
001000100100100101100011010101010000101000000101011010010001010101001101101010100010011000011001000101101100000010100000000000011010100010000001101011010000100100010101011011101011011100000000001010010010010011001101000100011101011011000101000001010011100010000001100101011011000000010100000101011101011011011000101000011101000010000100011000001001000010011000100011001001010010100011
001100000100001001101100010010001011000011000101101010100000010001101001000010010101101000010000100001011000000001011011100000000100010000011101010101010101101100011011011101000010100001001101100000100101000100101101010000011100100000011001101101001101001010101100011001100001001000100010101100011011010101011101011010001100010000010011101010100001011010100101010001000100010010011010
000010011000010010001101000001010001000101001011100101100101100010011010100000000101011000101000000001101100101001011101101011101011100100010101000101100000000000100000000011100101101010000101011100000000100101000100011101001011000010000011000100000000000011000101001100011000101101101010001001011001010011100001011010101000010011000000100100101101010101011010001010010011010000011101
010010100010000001100100101100001101011001011000100000001000101000000101101101010100011001011011000000000000011011001000100001000101011001011100100011100010100100000101000100011011101011011011011101100000011100000011001100101010010101000101100010010011000010100101001010010011000010011010011010000011100000001000100001100101001011010101101010010101101001101001010001101101010011001000
101000100010011000100100010001010010100100010001101010010010100011100100001011000011101001010000101001010100010100101000101001011101011101000000101011011000101101001000000001100000100101101010010010100011011100101001000001010100010100100100000101010011101001010011010011010011101001001001101101100100001001001000101011100001101101101101100000011001011100001011010010101010000001011010
101000101001000011100011000010001001000000100010101100101000001001011000100000010010011011010011100101011001011001010001001000011011011010101101100011000000011101101011011100100001101101100100001100010000011001101010011101101011010100000101100101001100001000010101000100000000000001010001100011101001001100011001000101001011000100010000010011100100100001101010100010101100100101010011
001011100000011101100000100100010011000000011011011010010001101101001011101010101000101011000001101010011100101011010001000010011000000100001011101011000100011011101011001100101000000100100011001010011011000000010010000010010000101010011001000010100101000001100000011000000011100010101000101010011101100000011011011000011100000101000000000000010000011010000001100001011101101101001000
100000011000011101100101100001001011101100101100000101100101001101000001000011010000101010011001101011011101000001100011011001100100000100100100010010000101100011100001000001100010001011001000100000011010100100000101101001011010100101011011101000001010010001000100100001011001010001101001100101011000001100001101101010001011101010011101100011010001011010001010100011000011010000011001
011000101100001011011001001000001010101001011100010000000101000010001000011100100001010101101101011011100010011101010011011101101101001010010001011101011011010001101001011100001000001100100101101010001010011011001001010100011100010010010001000011100100011101011010001001000011000100001010101001001000010101010010001001100011011001000100001101101010000100010010011100010101001001011011
001001011010010101011000100001001001000001000101011101100101000010001101011000101000100100011010100000010001001010100101000000011010001001101001101100100101101101101101010011101001010000010101011001010010011010010001001011101001101011100000101100000011101100100011101000101001010001101010011100001100100001100011101101100100010000101010000000001010100001001010010100011000010011101001
000000000100101010000010100100011000101001100011101100001100011101100011011001100010101011010010000001000011000011100100001100001100011101011000000000101000011011010011010101001101010101000010000001000001100011101000000000101101011101100000101101000101000101101000011011000100011011000011001011011001010101101101101001101001011010011100000011011101001000011101101100010010000011011101
000010011011000010000010100000011101101001000100010100000010000010101101101010000011011000000001100011001000001100010001100100001100100001000011100001010001101000001101001000001011100001100011100100000000010100010000100001001001100001101100011010100000101000010011100001000010011010101000101100000100011101000010100100010101100010010000011101010101100101011100011000101000101011010001
100000010100011001101011101010001000101101000000011101100001000000000011010100100000000010010011010001011101100101000100011100011100100100100100000010011000011000100101001011010001011100100011011000010001001011100001100011010100100010001011001000101011001100101100000000001100000000000100101010010001001010101001100011000000011010000101101010100000001010010100010101011101001100100101
100011010000001011000001011011100100010011010011010100011101011010001000010100011010100011011101001000101011010011001001100001100011100011100100011101011011100010011101010000000011000101000011011011001011100001010101000010101101010101000010001100011000011101101010010001011010010100100100100011101101011000101000010011001011100100010100001011101000001100010000011001001011101010010011
010000011001001000001010001100100001100101101010010101000001001100001011001000001001011100010001000000100100011011011100101010100100100100000000101101011010001010101101001101000010000010011000100000101010001100010000010010000000000000001100000000101100000000001000010010011010011001010100101000000101101001101100000001010001011011000000100011000001101001101101100001100011010010101100
001011001100011100011010101000101010101000000100000011010101011011100100001011001011101010100010000001000011101010010100100100000100010011011001011100001100011101101101101000010011010100000100100001101000001011001011010000010100011101101000101100011000001010100001101001101001001101101100010100011001011010100101100011100010101010001100001101001011010011101000011010001011000000011101
011001101010100000011010001010100001011010101001101010000010011011010000101001000100100011011001000000001011000011011001000101010010101000011010101101010010000000100010011011101010010100001100100100010101000101101100100100010010000000101000010100011001010100100100010100100011100000010010010001101011101001001000100001101011100011010010010011010100000001001011011101101001101011000100
011100010010010100001001011011010100010010011001001001000100101100100010011001000101001010000001100001001010100001000011100010100011101011100101010011000011101011001000100010011101000100010000100101100100010000011010100101011010000010101011011011011010100000000010101100001100011010010100011101101011101101001101011000010101011010010000000011010001000000000100011100011010011101011000
001100001011000100001000100000000100000011001001100010100101101011001100001100001000100001001101000000010001001101001010101100000101000001100101011000000101100011101101100011011001000100010010010011100001011001000010001001010100010101011010001011010000100010010010001001100100001011000011000010001010100011010100010001000010100010101010100101100011101001011011101001000001101000001001
101100000001000101100101010011000010000010011001010000000000101000100001011010101010100100011100010010010000011101011010101100010001101011101010101101010001101001101001000011000101011000011010010000001011011011010101101011011101100010001001010101100101101011001010100011000000001101011011010000100011001010100011100000001011101001011011100010101001001010000101001011010010101011001101
100011011000000010010101001101100101000010011011101000011000010011101000100000001011101100001011010000001000010101100101101000001000001001010100011100000101100101000101011001001010000010100101101100101100000101100101010101101011011001010100101010000011101100000011101010101100011100001010010000001101100010000100011010100000101001101010100000001000001101101001000010000001001100001000
000101001101100100010101101010100010101100100101010101011100010101000100000100011101001001010011100010010001101001010100010011100010101001010100100001010011001101001101010000001010010001101101000010010100000000011100000100100100011010100010101001010100101001000001101011010101001001001101100100010100010101010011001101000101001011011010011011001010100010010010011011101011000010010010
010101100001101001101101000011010001100101011010010001001010011011010101000100101001011011101010000000101011100001100001011100100101010001001000101000011001101001101011101000100011010001010001101011101000001000010100101010011101000011000000011101000100011010000010010000011010101100100100011010001010011010001000011101001001010010011011010011101101010010000000101000010100000001001000
011000011011100011001100011001011100101100101011011000101001010101010001010100000001011011100001011100100101100100000101100000101100010100100011000001100100011000000001101100010010000001010011100010100010011001100010000000101000001000001010101100100001010000100100010000100011011100000011000011011010001101000011000011101000000011001011011010011000101101101011001011001001000001101001
011011011010101101001101000101011100101100100000100101101001011001101001000011001000101001100101100000001011001000100100001010100010001100001010101100000101001001011011000100011001000010010000000000100010101011010010011100001000100000010001011010101100100010101101101101011101010011000001010011001000011011101011010010100001001011100100101001010100011001100010001001001011011010010100
101000101101001100010000011010101001001000101101000101001011101011101100101011010101011101101011000101101101011010011011000001101001100100100011000011000000011001011000011100010000100010001100001101000010001101001000011001011011101101001011001100101010000000011101011011010010001001001000101010000001010010001100100001101101001100010100010100101100000000010001001101000000101101011101
000010001000001011010101001001001101100000100001100011000100000010001001101000000000010001000000000000000001101010101000101010010011010011100000001100101011000011001001101101001101000011001010101101101011000101011011000101010010001010101101001010001011000101001011100011000101001101011010010010100101010100001100001001010010001100001011000001101001000001010011100010100100101000011101
011101010000010001001000010001000010000010101010010000010101010001101001000001101101011000000100101001000101001010001000101011101000100001011010011000100100010010001010001101001101011011010010001100001011011001010101001101010001000100100001010101001010000100001000100011101010100001010000010000011001001000010000000101100001101100100011001101000011001001010100101100010101011001010101
100000000101101011000101000011101100101000000101000000101100000001010001001010011010000101001000010000011000000101101001000001101100010101101101010101011010010101011001010100001010101000101010100001100100100101010001100001000100100011011010010100010001010000101010010101100001000010100101100100001011100100010101101000000010101000001000010011000001011011010011101101001010010010011001
011100100000000100100100010000010000000000000001010001010011001000001101101101010001100010101001101011011001001100001010000010010101101010011100100011101011011100100000000101010010000001011000000010010011000000100011001010101000100011100100100001001001101101011100000000011000100001000010101001001000100001010010011011000100011011001101010101010100101001000000000010010100101100000000
100000010101100011010101011010100010101000100010101100010000010001101101000000101100101000101000101101101101001101100100011001100011010011101001101100001010101001001001011011000011101011001101011011011100001000011100000011000001101011001100010011010011000010101000011000011010000011000001100001010001010100100001101011000101100100001011101001101010011011101101101000101101001010010000
001010011001100010100100011100010101011001100011100100001101001000000101011001100011000011000101001010000000100101000010000001101010000100011101011000010011001011010000011000010010000011010100011010101011100000011000100010001100011000010010100010011101100100011100000100100101000000001010011001011100101100010010011101010100001100011000000011001011101010000010010100100101100011001010
101001101011101100001001100101000100001101010100011100000001001010001101010011101100000001010001100010011100011011010001011000100100101000000000100001000010010000000010100000101001101100000101100001011000100100100000000001000010001010001101100100101101001000000001101100000011011101010010101001101001100100001100000101011101000100001100101100101001100011100001000101001100100011100100
000010001011101101101100001101101010000001011000000001000000100010100001100011101011101100000001100001001011101011011000010100010001101000011101011100000001001100011011001011011010100011000000101001100000100100001011000011001001001000100101101000001101010001010101000001010000011011001010101000010010001001010010101100000000100100011101000000001101101100010000101101100100010011000101
100101010011010101100011011010010001011101010011011000001101010011000011010101010010000101000011001000000010000100001011000010001000001000010100011100001000011011100100001101001001010010010100000000100100000010100001001010010011011001000011000100000000011000000100000000100000011010010001001011000011001001010010010101010001010000101000010011101010010011100101001100001100011101001001
100010001011101100010100011011000101011011101010011101011001010000101011010101000000101101010011000000000000000010010000011000100010010101000000011101001100011000000001000101000101000100100001000010010000011000011010001010001001011001000000010000010001100000000001100010001000011010000011011101011001000000010101000010101001010010010010100101010011101101101011010101011100001000010000
011010000011001011000000000000101100011000100010001101001001011011001100010010100011100001001011010011001010011001010001011100011010101000011001000011011100100010000010100101100000001101010011100010001011000101010000000010000101011011100010010000011101100011000010000100000000100100010100000000101000101100011000011101010101101011010100011011101100101100010100011000000101000011011000
100010011001101010101100101000101101011000100000011101001000011011001100101011101100100001001000101010101011010100001101101010010010000100000000100011010000011010101000100100011001101000000011100000101000101101010010000001101001001100101011101000000101010010100101001101100101010000100001000010100000000100001100100100010010011000101011010011000011100000101101100010100000010001001011
001101011101001001100101011001001100101010001101010010001101000101011000000000010011011000010011010010000001101101101101010100100011000101001011100010011100100101101001010101001000000000011100001100000100011001101010101101101000100000001011000011101010100000100001000001000000001001000010010000000000001100100010001010101010000101101101001010010000001010001100100000011100101010001010
011010001000000010010001001101001101011100100001101100001011101010100010000100000001100101011010010000011101100100100101011001101100000011001001101010010011101100001010101100010001101010011000100000100101000000101001010000000010101100001001010001010000000101011000101010100011010100011011001011011000001011101101000010011011000011010101101100011011001010010011001100101010010010001000
100000001000100010101010001011000100010100000000101000011010010000101100101000010010000001011001011000011011011001011000000000011101101010101100001001000101010101101001011011010101101100100000010001010100000011000011010001001010101001010010010011000011011101101100011001101101101001101100011011011100000011001011101011011100000100001000000101100100000010001100101010010010000001100011
010100100100101001010010011010001100011010001011010010000100000000001011011101011101010010101000000010101101010000001000001001101100100000011000101000100011001011000101010011010100101101011001101100010011001001100000100100011100000011101101100100001001011001101000101011101001010011001100000000100001100000000010100100011011100101100011100100010100100010011101000000010010010101001011
101000010010011001101100010001001010000010010011101100000001001101011011101100101001101101100000000101100000101001001101011100001011010101011101100100011000000100000101000100001000001011100100000000101000001100010011001011001101101100100010011100001000011011000011010010011100100101001010011000100100001101010011101000100010101001011000100100011000010000010101010000010001000100010000
101000000000000000101100000001000100101101001100101010001001010100100100000001001010100011000010001000000010000000001001010011010010010100100001000010011100101000101011011000101100001101001011011000101000011100011010000101000101000001010101010011010011101011011000010010101001101010001101001101100010100001011100101000101000101000000011000000101010100001100011100101010100000100001000
010011011000010000000000001010000100010001000100010011001001101101000100000100100101101100100011101000000101000000000001010000011001010100000000101000101000000010101100011101100101011101011000010010101011100001010101001010101000100000101011000010100001010101000011011000001101001100000010011001100100011000100101001100100100001000011010100001001000011101100100000010101010010101000100
101000011011000100011010011010101010010011011010011101001000010000001010011101100101011010011011011100001000100100000010101010101100101011001000000100101000101001011101010011011001101000010001001011000101010001101101101011001011100100011000011010010011001011100001100011100011011001101010011101100100101000000010101011001101010011100100011101011000000000100011101010011011011000100010
101010011101010001000001100011100101011100011010001000001101000101011011000010000001001010100010101000000011100010011011010011010010001100001101010101101010100011001101001000100011100011001000011001010101011001011100000000101000100101010010011100011101010101011011101101010010000010011100011100011001101000011001000010100011000001001001100000010101101000000101000011010101101101100100
000100001010011001001010001010000010011000001101100010101000101010001000001001001010010101101101001101000000001101000101101000010000001001000001100011010101010101100010010100010101010001100010010001010101010001001101001101000000010011000000100010001000011011101000010000010001101101000010101101000101100010010101100100000000000010100100011100011001001000101101000000101101010101101000
011100100101101010101101010101101100101000000010001011010000010001000011010010100001100010010101010000010101011101011101001000001011101101011100011000100001000101100001000101010000010011000001000101000000010001100101100011100011000010100010100101101010101000001011101001101000100011001010000001100010001100010010000010101010011001100101000000100011100101101010010101000011100100010100
001011100001100010011010001001000101011011100011100000101100101010100010100001000010100010100100101001000010010100011011010000101011101100010001101101100010001011011010001011010011001101101100001100011010101010101100100000011000001010000001010000011001010101101011001010000101000100000101101000100001010011100010010001000011100011010000000010101100001100001000010011100011010100000000
000011011000001010011010100011010101010101000001101000011000100010100011000000011000101100011001001100001001000000000000101000010100011101011000001010011010100010101010001100100100010010100100000001010011001010001010000001101000001101100001100100011100100001000000100011101101001001001011100011101100101100010011010101011001101101011011001010100010010100000001011100000010101010001101
101100011001101100100000011011101101001100011011100101000011000100011010010010000001010000100101001001101101011010011001011001000101001010101101000001001101000101100011011101000101101010001001010101001100101011001000100001000011011000010100011101100100011010001001100001011100000010100001100100001010100100010011100101010100100000100000101011100011010010011000100100000011000100001101
000001010001010010001101000000010101011101011101011010000101011000001010011101000000011010010001000000010011011000010001101101011101011100011101010010100011001000001001010010010100001010011101000001010010100001101101010101101010010000011001000000011001001000010101100011101100000000001001010101001010001101010101100001001101010011101001011011010100000000011101001001011101010011001010
100101100011001000001100101010101101001001010100011100101011011011011100001001011010000101000100001101000000001010000101010011000011000100000010001001010101011001101010010001100001000101011011010000001001001011100001010010000001001100011001011000000011001010001100001100011001010001000000101010000100011100001001000100100011010010010001101010011101000000001011000001001101100001100100
001010000000000011011100010100001010001010100101011001001011001011000001011101001011000101001000011100011000101100101001001101001101011000100101011011101100100101011011011001101100100001010011001011000100001010011100000010100011101001100001100001101010001000001100011101101010101100100100001100100010001100100011000101010001011010001100010101101100010001100011001001101011010011011011
100010100101010001010100001011000001011101011001101011101101010100000000001011001011000000101101000011010101100000000000001100101000101101010001011100100011000101011101100100010011101011010011101011011000101011000001011101011011001001000011101011011001101001100010101100001001010001010010001001101011010011101001001011100001000101100011010100001100100011001001010011101000011010100011
010100100100010101001011010000000010000010001100000010001100011010101100001001010101101001000001100100100100011010001100101101010101101011101001010001011010101011010000010000101011100011100101101011000000101100010101010100011001101001101010010011001100001001100011011000100100000010001100010010010000100010101010000000001010010010100001100101011001100000010011000000001001010101010000
000101011001011100011010100001001011100011011000100001000100010010100011010101100101001001101000000010010000101101101000010100011011000100010010001011101001011011100011101100011001011010011000001010010000011011011010010100010001000100011010001100100000100101101000011101001101010100001000011011100101101100010011001000011101101011101100100010000001000010001000101000100010100101001011
000001100000000010000100001010011011101101010010100100001001101101101010100101101011010100101011000000010100010001011000101001001001100100101000011101010010010000000100000000010010101001001100011101101001100000101101100001001000001010011011000100100101000100001000000101001001000001000101010010001000000010011000100010011010001011010000101100100000001000010100000000000001010011101100
010010011000101101101011001001100001100000000011000011001101011001001000011000000011001011100101100001001100001010010011010100100101011101101000001001010001011100000011010011001011001001100011001011010011011000001101101000100101010011101001001100100011101000100101101001001001100001100000010011001001001100100001010000101100000011011000000101000100000010000101100000011101000001011011
100010000011000001100101011011000100000011100101000010011010000100000000000010010100000101000001001101010011001011010000001100100000001010101100100100010010011001010011100000000011010100000010000011010100001010000101001100001101011010101010010000010100101001101010011001010100101011001101101010010100100100100010100000011101001000001000011100100100011101010101010000000001010101001001
100011010011101100001010001101010101011011101001101010000010010011001001010011100000101001101100000101001100101011001001010000000000010001011100001100010010100000001101000011101101100001001010011001100010010101101101010011101010011100101000100011100000010101100000100101001000011100100000011000101000101100001000101101001010001011101010101100010101000010010001010011010000001001000010
000101010001101001011011001011011100010000010101010101101001100010000101010010011100001001001101100011010100100001000011000011100001100000010000001010000101011001101000010100100011100000101010100100011011010000010010101011010100101100100001100101001101011011011001001101010100001010011100100000000101000100011100011010001100000101010010100100010100000011001010101000100001010000000010
001100010101001101010101101011011000011000001011001101001100001101010001000001000011011011000010001001100101101101101000100101000100010000010000011011000010100101001010100100101011101010101101001011011101011011000101001100100101000010100011000000011101000101101100000000011001000011101100100001011011001001001011010011011100101010100001000010010000000000001101101001011101101000001101
010011001001001101001011001010011010101100011000000010100000101000011000101100100100001001011011011011011100001000101011100001011000000100101100100000000101100010101011011001011101010100100100011000100001010011101100000100100100001101000101011001100101100010100010100101100010001000011101010011011101011001001011100010101101010101001010001011001001001100000001011011100100001000101001
001101100001000010001100011000101101000100101100000010011011100000011000101010010100010100000000000101001010011100000000101101000010100001011010000000101001010100010001010101010101010010001001000010101101100100001011010010100101100001100011101101101100101000100010010011010101010010100001100101010011010001000100011100100100001101001100101010011100010101011001000001011011101001011011
011000000010011010010010011011101010000011011100101001010011010100101001101100100000010100010010101100000011010001000011001010000010001101010101101001100010011010011011011001101011011001000001010001011000000101001000100101101011010100101100100000100011100101011101011100011001101101001000000001010011000101000011001011100000010101101010100010001011101001011100100010010010101101100010
000010101011011000001010010100010000101011101011011101001101101100010011001101000000011001000001100000001100001101010100101100011010011010101100101101000100000100000010011100011101001101011000100011000010001011000000011011100101010011001101101011001101011100010001011000001000010010000011001000010000100011011101011000100011101011010010010100101100010101001011101000001100010101000101
000100000101100010011000011011001100011011011001100100101101001000010100100100010011010001001000001000010010011101001010010101000011000011010100011100101100100010011100000000100010010000101100001000101100000001000101001001000001011000000100101000100000101000101001101011100010011011000101000001000001101101100000101011011101100010001011101001101010010011010001010000000011101000010000
001000100000011001100001101010010011100001101101001000011010011001100011001001000101010100000100101101001000001101000001011000101011001101001101001010011100010101010100011100011100101011011010001100010001011000100101010100000011101001101000100010010100000011100011001101101100011011001001001001101011100010101001101101101100100001101011000001001011010100000000000000101011001101101010
001010010100010100011101001011011010101011001100100100000100000000011101101011000011100010101000100011010011001101100000010000100000000100010001000100100101000001100100001100001010001101100001010011011000000001000101001001101101101001001000011100011100100100100010000010101001000011000001101100010001000100010100011010001001100001011101011011011100001000100000100000001001100100100011
101101000000010100001101100011010000001000010000101000100100010010011101101100100101010000011010101010101000001101011100001001011010001000000001010001011010000000011100000000100001100000011001011101000001010001100001001010100001010101010011100000100011100100001010001010101001100000101000100101010100000101010010001100101000001010001001101101100100100101010100010101101100010010011101
100101100011001101000010100000000101010000100100010011000000010101100011001101010001010010100001101011010010100011011001001100101001001011001000011101000000001100101001100000011001101011100000000011000101010000000011101010000100001100011010011000011101011010011101100011011010010101000101011101000101011000011101000000100000011100001000011010101010100101011100011001010000001001101001
000101010100000011100001010010011011000000001010000101101001001010101000010011000001010010100000001011101010010010101100010101100001000001010000010000000011101001101010011101001100100011001001001100001001001000001001100100000000101000100011000000011011100001000100100011011101011000100001011101011010100010101011000101000101100001100101100000000001101011001000101001101000001101001010
010100101011000001010101101001000011101001101001011100100000011101011000100000011001001001101100001010001101000011001000010001101100001100010000011100011011100000100010000000101101000011010001100101000001010100100100101101100101001000010010011001011011000000011100011100001001010000000100100010011000001011101001100001011101100001001011001010000000001001001011010010000010101001101001
100001011000011101100101011000100100010011011100001101100001100101010000010101101100101101011010011001100100011000000000011101000010100000010010100010100001010100101001101100000010001001010101101000100000010100000101010101101100011011011001001101011010101101010000101010010000010010000100101011101101010101000010000011010011000101101101001001101011001001101000100001011010011001010100
100101011001100011011010010001101000101010000101010000001010001010011000100011101001101000011100100101010000010101001101011001100010101101101011011100000100001100010000101100000011100100000001000001101100011101000000000101000000100101010101100001001100000100010010000100001011100011100101101010011001000010001000001001010001000100011010101001011011100101010010000000010101001010011011
011100011001100100011000011010000100011001000010011011000100011011000011010100100001011000100010000011101001011010011101000010001010101100100100011101010011001101001101100101000000011100011101001000101101010100011010010100100010100101011011100011011011011010000011100100000100011001100101000000100010010011000011101001001011001101101000000001010000010011000011011001001010000010000101
010010101101010011001001010101000001101011101011010011100001010011101001101101001001001011010000010001101011010001001100101001001011000100011000100000000011100001100100100011101100001101000001010101101000101100001001000011011001000000000101010011100000011001100101011000001010001001010101101001010000011001001010100010010100011010011100011101010001011010011010011001010100010101011100
010000101011011011100010000011000010001101011011010001011011001010011011011010101000101100000101010011010000001001000000010001011010000101010100101000101001000101011100100101010011010000101100101001011000101010100011000010011010100011011010100001001011010101100100001011101101001000011001101010101011100000000010101001001000010000001010100101000000100101010000101000001001100011000010
011010101101101101010000011000100000101011010010010001100001011010010010000010001010000010100000001000100011010100001010010000010100101011100101001001100010010101001011100100011010011001001011011001000011000001101000101011100001101010010101000001000011001101001001101011001000000000010011101010100101101000010000010100011010010001000101000100011001101010010100100000100010001010001101
